title,text,date,url
Начался выкуп земель в Сочи под нужды Игр-2014,"В Сочи с 1 января 2008 года вступает в силу особый порядок изъятия земель под строительство объектов к Олимпиаде 2014 года. Соответствующие поправки
Госдума
приняла осенью в рамках так называемого олимпийского закона.
Закон описывает процедуру резервирования земель и предусматривает более сжатые сроки рассмотрения судебных споров, которые неизбежны при такого рода процессах, и исполнения решений суда.
Олимпийский закон обеспечивает защиту интересов граждан при резервировании земель под строительство объектов в Сочи, но судебных споров избежать не удастся, заявлял ранее
РИА «Новости»
замдиректора департамента имущественных и земельных отношений, экономики природопользования
Минэкономразвития
России Андрей Ивакин.
Он полагает, что государство, чтобы не затягивать споры, будет идти на уступки гражданам по цене выкупа. Ивакин уточнил, что закон дает собственнику на принятие решения о продаже своего участка государству два месяца с момента представления
ему
проекта соглашения с ценой выкупа.
Госкорпорация «Олимстрой», отметил Ивакин, сможет достаточно оперативно, по упрощенной процедуре привлекать компанию-оценщика для оценки земельных участков. Это будет рыночная оценка, добавил чиновник.
Если собственник - гражданин или юридическое лицо - не согласится с этой оценкой, он имеет право нанять своего оценщика и с этой оценкой защищать свои интересы в суде. Кроме этого, по закону, судья также сможет привлечь оценщика.
Особенность нового закона является заключается в том, что решения по изъятию земель, в отличие от действующей судебной практики, будут вступать в силу и исполняться сразу после их вынесения судом первой инстанции, хотя это и не исключает дальнейшего обжалования.
График резервирования земельных участков будет определять «Олимпстрой», отвечающий за строительство олимпийских объектов.
Правительство России
, как ожидается, в ближайшее время утвердит этот перечень, в который вошли более двухсот спортивных сооружений, гостиниц, объектов инфраструктуры, включая портопункты для разгрузки барж со стройматериалами для масштабной стройки.
Представитель Минэкономразвития уточнил, что олимпийский закон распространяется только на земли, которые будут изыматься под строительство олимпийских объектов, а также иных объектов на прилегающих к ним территориях. Границы этих участков будут устанавливаться правительством.
Как заявлял ранее экс-глава Минэкономразвития
Герман Греф
, государство готово выделить необходимые деньги на выкуп земельных участков в Сочи, и эти средства будут предусмотрены при финансировании «Олимпстроя». По словам главы Минрегиона Дмитрия Козака, который возглавляет наблюдательный совет госкорпорации, в 2008 году она получит 17 млрд рублей.
Для строительства олимпийских объектов потребуется порядка полутора тысяч земельных участков. По предварительной оценке, на эти цели потребуется несколько млрд рублей.
Земельный кодекс предусматривает возможность принудительного изъятия земельного участка для государственных нужд. При этом государство оплачивает его собственнику стоимость изымаемого земельного участка и расположенного на нем недвижимого имущества, либо предоставляет ему равноценный участок.",2008-01-01,https://www.gazeta.ru/news/sport/2008/01/01/n_1159008.shtml
В Японии погибли четыре альпиниста,"Семеро альпинистов, совершавших восхождение на гору в новогоднюю ночь в так называемых «японских Альпах», попали под лавину - четверо погибли, сообщает во вторник Главное полицейское управление Японии.
По сведениям полиции, примерно в полночь во вторник на горе Яригатакэ в префектуре Гифу сошла лавина. Группа альпинистов, поставившая палатки на высоте около двух тысяч метров над уровнем моря, готовилась отойти ко сну и оказалась заживо погребена под снегом.
Как информирует
РИА «Новости»
, один из альпинистов смог самостоятельно освободиться из снежного плена, откопал своих спутников, перенес их в находящуюся неподалеку заброшенную лачугу и связался с полицией по мобильному телефону.
Как сообщает полиция, четверо альпинистов скончались.
По прогнозам погоды, в районе Гифу сейчас велика вероятность схода новых лавин: ветер сильный, свежий снег лежит на мерзлом, старом и может в любой момент соскользнуть.",2008-01-01,https://www.gazeta.ru/news/sport/2008/01/01/n_1159002.shtml
Нургалиев: через 5 лет МВД должен играть в премьер-лиге,"Глава
МВД
Рашид
Нургалиев
дал задание футбольному клубу своего ведомства, выступающему во втором дивизионе, через пять лет пробиться в премьер-лигу, сообщает
РИА «Новости»
.
«Развитие спорта является приоритетным в системе МВД. Надеюсь, что через пять лет мы уже будем играть в премьер-лиге», — отметил Нургалиев.",2007-12-30,https://www.gazeta.ru/news/sport/2007/12/30/n_1158971.shtml
Кожин обещает увлечь Медведева горными лыжами,"Управляющий делами
президента
России Владимир
Кожин
намерен увлечь первого вице-премьера Дмитрия
Медведева
горными лыжами.
Со спортом Медведев, по словам Кожина, «очень хорошо дружит». «И в бассейн постоянно ходит, и в спортзале занимается. Без этого всю колоссальную нагрузку просто невозможно выдержать», - подчеркнул управделами.
Кожин добавил при этом, что на горных лыжах Медведев не катается, но высказал мнение, что это только пока. «Я думаю, доберется (до горных лыж). Мы его затянем», - приводит слова Кожина
РИА «Новости»
.
Он отметил также, что в канун нового года
«Газпром»
открывает под Сочи свою горнолыжную базу - «там гостиница, спорткомплекс, очень большой, длинный подъемник, хорошие кабины».
«А горнолыжная трасса там великолепная - ее уже и Путин испытал, когда катался вместе с мальчишками», - напомнил Кожин.
Президент России Владимир Путин осматривал олимпийскую инфраструктуру 20 февраля этого года. Тогда глава государства поднялся на фуникулере на гору, которая находится на высоте 1440 метров над уровнем моря, и пообщался с учениками Краснополянской спортивной школы, занимающимися горными лыжами. Они уговорили президента спуститься с ними вместе на лыжах с горы. Путин сначала засомневался, позволит ли сильный снегопад совершить спуск, но затем все-таки вместе с ребятами несколько раз съехал с горы.",2007-12-30,https://www.gazeta.ru/news/sport/2007/12/30/n_1158831.shtml
Пакистанский телеканал показал убийц Бхутто,"Пакистанский телеканал Dawn News показал в вечерних новостях фотографии, на которых изображены террористы, покушавшиеся на Беназир Бхутто. Фотографии сделал присутствовавший на митинге в Равалпинди фотограф-любитель.
Как сообщает ИТАР-ТАСС, на кадрах отчетливо видно, что в Бхутто стрелял молодой человек, лет 25, в темных солнечных очках. Он был одет по-европейски - в черный пиджак и белую рубашку. За его спиной стоял, как полагают, второй террорист, который привел в действие взрывное устройство.
В четверг во время предвыборного митинга в Равалпинди была смертельно ранена лидер пакистанской оппозиции Беназир Бхутто. Это произошло в результате акции террориста-смертника. Убийство Бхутто вызвало массовые беспорядки и акции протеста по всей стране.",2007-12-29,https://www.gazeta.ru/news/lenta/2007/12/29/n_1158804.shtml
Митинг оппозиции в Тбилиси прошел без инцидентов,"Несколько тысяч человек в субботу, 29 декабря, приняли участие в акции оппозиции в Тбилиси с требованием проведения справедливых президентских выборов, сообщает агентство «Новости-Грузия».
Акция началась в исторической части Тбилиси Тбилиси - Пески, откуда после митинга сторонники оппозиции с транспарантами проследовали через центр города до Площади Республики. Акция прошла без эксцессов, полиция в происходящее не вмешивалась.
«Это предупредительная акция. Она служит тому, что мы еще раз хотим сказать власти, и призвать ее провести справедливые и демократические выборы 5 января. Народ не позволит сфальсифицировать их итоги. Каждый из нас будет защищать избирательные урны от фальсификации», - сказал лидер Партии народа и член объединенной оппозиции
Коба Давиташвили
.
Исполняющая обязанности президента Грузии
Нино Бурджанадзе
, комментируя акцию оппозиции, заявила, что в демократической стране каждый имеет гарантированное конституцией право выражать свое мнение.
«В Грузии любая политическая сила и каждый гражданин страны имеет право провести мирную акцию протеста или поддержки чего-либо. Главное, чтобы эти акции носили мирный характер и были в рамках закона и конституции. Мы уважаем всех, кто действует в рамках закона», - сказала она.",2007-12-29,https://www.gazeta.ru/news/lenta/2007/12/29/n_1158725.shtml
Рособоронэкспорт подтвердил подачу иска к «Коммерсанту»,"ФГУП «
Рособоронэкспорт
» подтвердило подачу иска о защите деловой репутации к газете «Коммерсант» и главе компании «Финансгрупп»
Олегу Шварцману
в связи с опубликованным 30 ноября интервью, в котором предприниматель говорил о планах «бархатной реприватизации» в интересах ФГУП, сообщил РИА «Новости» представитель пресс-службы предприятия.
«Иск действительно подан в Арбитражный суд Москвы», - сказал он.",2007-12-29,https://www.gazeta.ru/news/lenta/2007/12/29/n_1158718.shtml
Рособоронэкспорт подал иск в связи с интервью Шварцмана,"ФГУП «
Рособоронэкспорт
» подало в Арбитражный суд Москвы иск о защите деловой репутации к газете «Коммерсант» и главе компании «Финансгрупп» Олегу Шварцману в связи с опубликованным 30 ноября в издании интервью, говорится в сообщении на сайте московского арбитража. Иск зарегистрирован 28 декабря. Дата предварительного слушания пока не назначена. Сумма иска в сообщении суда не называется.
В опубликованном «Коммерсантом» интервью
Шварцмана
говорилось о планах создания госкорпорации «Социальная инициатива», которая якобы будет заниматься «бархатной реприватизацией» - скупать или брать в управление по всей России промышленные предприятия, которые «выводят прибыль» или где «менеджмент неправильный, или конфликт есть на предприятии». Как утверждалось в интервью, это делается, «в том числе, и в интересах «Рособоронэкспорта».
Сам Шварцман позднее заявлял, что газета исказила суть его высказываний. Однако издание утверждает, что располагает заверенным текстом интервью.
После публикации этого интервью «ФГУП «Рособоронэкспорт» заявило о том, что никогда не устанавливало каких-либо отношений с ФПГ «Финансгрупп» и не давало поручений Шварцману действовать от своего имени.
В «Коммерсанте» пока не видели документов о подаче иска. «Газета ушла на новогодние каникулы, и мы никаких документов не видели», - сказал РИА «Новости» главный редактор газеты
Андрей Васильев
.",2007-12-29,https://www.gazeta.ru/news/lenta/2007/12/29/n_1158705.shtml
Рособоронэкспорт подал иск в связи с интервью Шварцмана,"ФГУП «
Рособоронэкспорт
» подало в Арбитражный суд Москвы иск о защите деловой репутации к
газете «Коммерсант»
и главе компании «Финансгрупп» Олегу Шварцману в связи с опубликованным 30 ноября в издании интервью, говорится в сообщении на сайте московского арбитража. Иск зарегистрирован 28 декабря. Дата предварительного слушания пока не назначена. Сумма иска в сообщении суда не называется.
В опубликованном «Коммерсантом» интервью
Шварцмана
говорилось о планах создания госкорпорации «Социальная инициатива», которая якобы будет заниматься «бархатной реприватизацией» - скупать или брать в управление по всей России промышленные предприятия, которые «выводят прибыль» или где «менеджмент неправильный, или конфликт есть на предприятии». Как утверждалось в интервью, это делается, «в том числе, и в интересах «Рособоронэкспорта».
Сам Шварцман позднее заявлял, что газета исказила суть его высказываний. Однако издание утверждает, что располагает заверенным текстом интервью.
После публикации этого интервью «ФГУП «Рособоронэкспорт» заявило о том, что никогда не устанавливало каких-либо отношений с ФПГ «Финансгрупп» и не давало поручений Шварцману действовать от своего имени.
В «Коммерсанте» пока не видели документов о подаче иска. «Газета ушла на новогодние каникулы, и мы никаких документов не видели», - сказал
РИА «Новости»
главный редактор газеты
Андрей Васильев
.",2007-12-29,https://www.gazeta.ru/news/business/2007/12/29/n_1158708.shtml
Белоусов: дайте время прийти в себя,"Спустя два часа после своей
официальной отставки
в Омске теперь уже бывший главный тренер «Авангарда» Валерий
Белоусов
в интервью корреспонденту «Газеты.Ru» так прокомментировал решение руководителей команды.
«Я только что узнал об этой информации, — заявил Белоусов. — И пока мне нужно ее переварить, ведь далеко не каждый день приходят такие новости. Поэтому прошу дать мне время на то чтобы прийти в себя, и только потом я буду готов отвечать на все вопросы».
В субботу Белоусов побывал на прощальном приеме у губернатора Омской области
Леонида Полежаева
.",2007-12-29,https://www.gazeta.ru/news/sport/2007/12/29/n_1158672.shtml
Афганские женщины займутся бодибилдингом,"Клуб бодибилдинга для женщин открылся в афганской провинции Парван. Об этом сообщает РИА «Новости» со ссылкой на афганское информационное агентство «Бахтар».
По словам главного тренера Марьям Хорами, накачивать мышцы на современных тренажерах, установленных в спортзалах, будут 20 жительниц района Нгар, в котором и построен этот клуб. Средства на строительство столь необычного для Афганистана объекта выделила женская ассоциация Нгара и провинциальное управление по делам женщин.
На церемонию открытия клуба пришли не только представительницы слабого пола, но и главы местных администраций, представители правозащитных организаций и масса зевак.
Традиционно права женщин в Афганистане попирались. По данным международной правозащитной организации Amnesty International (признана в РФ нежелательной организацией), опубликованным в докладе по Афганистану за 2007 год, «юридическая реформа, призванная защищать права афганских женщин, так и не была претворена в жизнь, и женщины в этой стране продолжают существовать на правах заключенных».",2007-12-29,https://www.gazeta.ru/news/sport/2007/12/29/n_1158629.shtml
Китай защитит Олимпиаду от дождя,"Китай создает трехуровневую систему защиты от дождей во время Олимпийских игр в Пекине в августе 2008 года, сообщает
РИА «Новости»
.
«Линия обороны» для борьбы с дождями будет проходить в провинции Хэбэй на расстоянии от 15 до 120 километров к западу и северу от китайской столицы. В районах, где будет проходить линия, уже размещены 84 ракетных пусковых установки, применяемых для «расстрела» дождевых облаков.
Искусственно вызывать дождь на дальних подступах к Пекину до того, как он прольется на китайскую столицу, будет ракетная и артиллерийская техника. Для «расстрела» облаков планируется применять йодистое серебро и другие катализаторы.
Нынешним летом китайские специалисты по климату уже применяли этот метод, когда в столице КНР состоялась торжественная церемония начала годового отсчета дней до открытия Олимпиады.
В настоящее время, сообщают китайские источники, методология и техника, которые будет применяться для защиты Пекина от дождей, проходят необходимое тестирование.
Китайские специалисты по изменению климатических условий должны обеспечить ясную погоду, по крайней мере, 8 августа — в день открытия Игр, а также 24 августа — в день официального закрытия Олимпиады 2008 года.",2007-12-29,https://www.gazeta.ru/news/sport/2007/12/29/n_1158573.shtml
Новости дня,,2007-12-28,https://www.gazeta.ru/news/lastnews/2007/12/28/n_1158493.shtml
Зубкова просят помочь в ситуации с выставкой «Соц-Арт»,"Российский комитет Международного Совета музеев (ИКОМ России) направил письмо к Председателю
правительства РФ
Виктору Зубкову с просьбой оказать поддержку в разрешении конфликтной ситуации, сложившейся вокруг выставки «Соц-Арт», сообщили в пресс-службе Третьяковской галереи.
«Музейное сообщество как в России, так и за рубежами нашей Родины обеспокоено ситуацией, нагнетающей обстановку вокруг деятельности Третьяковской галереи и ее руководителя В.А. Родионова, - говорится в письме. - Мы искренне надеемся, что не будет дан ход обращениям различных общественных организаций, которые, как в былые годы, «Пастернака сами не читали», но, не желая ни в чем разбираться и считая собственное мнение единственно правильным, требуют немедленной расправы, отставки, отлучения профессионала от дела, которому он служит».
«Очевидно, что современное, актуальное искусство находится на острие общественной жизни, оно бывает брутальным, крайне политизированным и отражает, порой шокирующим образом, все проблемы, страхи, язвы и пороки нашей сегодняшней жизни. Оно не может и не должно нравиться всем. Но его необходимо выставлять, о нем можно и нужно говорить, спорить, писать», - говорится далее в письме.
В обращении подчеркивается, что за 14 лет, которые
Валентин Родионов
работает в Государственной Третьяковской галерее, ему удалось во многом изменить жизнь музея.",2007-12-28,https://www.gazeta.ru/news/culture/2007/12/28/n_1158451.shtml
Боксер Сэмюэл Питер едва не был убит в результате ссоры с женой,"Подготовка Сэмюэла
Питера
к чемпионскому бою с россиянином Олегом Маскаевым едва не была прервана женой нигерийского боксера, родственники которой покушались на убийство ее мужа.
Обладатель временного титула WBC в супертяжелом весе Сэмюэл Питер едва не был застрелен у себя на родине в Нигерии. Инцидент произошел в отеле Le Meridien в Уйо, штат Аква Ибом. По данным, которая предоставила полиция, причиной всему стала бытовая ссора боксера с его женой, которая обратилась за помощью к родственникам. Ее дядя Энтони Афия и брат Эдет Этим приехали в отель. После словесной перепалки с чемпионом Эдет спустился к своей машине за помповым ружьем, взвел курок и наставил на Питера. Находившиеся в это время на дежурстве неподалеку от гостиницы три местных стража порядка остановили потасовку.
«Когда мы приехали, он рвал на себе одежду и угрожал избить всех нас, включая сестру, — приводят слова Этим
РИА «Новости»
. — Он накинулся на нас как бык! Я знал, что он тренированный боксер, и бросился за ружьем только для того, чтобы напугать его, я не собирался его убивать. Я хочу сказать, что я не умалишенный, я ходил в школу, я женат, я ответственный человек. Я всего лишь хотел помочь сестре». Энтони Афия и Эдет Этим вскоре предстанут перед судом.
Сэмюэл Питер, в свою очередь, готовится к бою с обладателем чемпионского титула WBC Олегом Маскаевым, который должен состояться 8 марта в Мексике.",2007-12-28,https://www.gazeta.ru/news/sport/2007/12/28/n_1158421.shtml
В Петербурге горит колония,"Пожар, которому присвоен повышенный номер сложности 1-бис по пятибалльной шкале, произошел в пятницу в петербургской колонии, сообщил представитель пресс-службы главного управления
МЧС
по Петербургу. «Сообщение о пожаре во Фрунзенском районе по адресу Грузовой проезд, дом 7 на территории
исправительной колонии
№6 поступило в 14.04», - сказал источник.
По его словам, по предварительным данным, пожар произошел в трехэтажном производственном здании. В настоящее время оттуда эвакуируют людей. Информация о жертвах и пострадавших не поступала.",2007-12-28,https://www.gazeta.ru/news/social/2007/12/28/n_1158417.shtml
Гачечиладзе призвал Саакашвили «поговорить по-мужски»,"Кандидат в президенты Грузии от Объединенной оппозиции Леван
Гачечиладзе
вызвал своего основного конкурента на выборах Михаила
Саакашвили
на политические дебаты. «Если хочешь помириться и не боишься, тогда приходи и поговорим по-мужски. Приходи на дебаты - где хочешь и когда хочешь. Прекрати насилие и выполни те требования, которые необходимы для проведения честных и справедливых выборов», - заявил 28 декабря на чрезвычайном брифинге Леван Гачечиладзе, обращаясь к кандидату от правящей партии Михаилу Саакашвили. Он также потребовал равномерного распределения эфирного времени на телевидение между всеми кандидатами в президенты.",2007-12-28,https://www.gazeta.ru/news/lenta/2007/12/28/n_1158410.shtml
Бежуашвили: Грузия стремится к развитию отношений с Россией,"В будущем году Грузия продолжит политику развития отношений со странами-соседями, и будет стремится к улучшению отношений с Россией. Об этом заявил министр иностранных дел Грузии Гела
Бежуашвили
, рассказывая о приоритетах внешней политики страны в 2008 году. «Мы стремимся к улучшению отношений с Россией путем открытого диалога и взаимоуважения интересов друг друга, что предусматривает создание благоприятных условий для проведения переговоров по политическим и экономическим вопросам, и вопросам безопасности», - сказал Бежуашвили. По его словам, Грузия готова сформировать дружественные отношения с Россией, но она ждет «встречных шагов, что подразумевает защиту жизненных факторов государственности Грузии – суверенитета и территориальной целостности».",2007-12-28,https://www.gazeta.ru/news/lenta/2007/12/28/n_1158409.shtml
"Пирамида, построенная 800 лет назад, найдена в Мехико","Остатки пирамиды, возраст которой составляет 800 лет, обнаружены в самом сердце мексиканской столицы Мехико, передало
агентство Рейтер
.
Археологическое открытие было сделано в районе Тлателолко, некогда являвшемся центром религиозной и политической жизни ацтеков.
На месте раскопок обнаружена древняя статуя, изображающая, по одной версии, ацтекского бога дождя Тлалоку, а по другой - бога небес и земли Тескатлипока.
Ацтеки - наиболее крупная индейская народность, населявшая долину Мехико с 12-го века. Уже к 14-му столетию ими было основано поселение Теночтитлан, на месте которого сейчас находится современный город Мехико. В 1521 году ацтеки были завоеваны испанцами.
Основными промыслом ацтекской цивилизации были разведение маиса, бобов, хлопка, какао, табака и томатов. Многие историки также приписывают им открытие излюбленного во всем мире лакомства - шоколада.",2007-12-28,https://www.gazeta.ru/news/culture/2007/12/28/n_1158395.shtml
Mitsubishi построит завод в Калужской области,"Японская корпорация Mitsubishi подписала с Минэкономразвития России соглашение о строительстве завода в Калужской области с объемом инвестиций в $200 млн, сообщил заместитель руководителя департамента инвестиционной политики
МЭРТ
Дмитрий
Левченков
.
«Соглашение сегодня подписали. Оно предусматривает объем капиталовложений около 200 миллионов долларов и объем производства на первом этапе на уровне 50 тысяч автомобилей в год», - сказал Левченков.
По его словам, в феврале-марте Mitsubishi подпишет соответствующее инвестсоглашение с администрацией Калужской области.",2007-12-28,https://www.gazeta.ru/news/auto/2007/12/28/n_1158374.shtml
"В Москве появятся памятники Андерсену, Джалилю, Чкалову","В ближайшие два года в Москве планируется установить 12 новых памятников, в том числе сказочнику Хансу Кристиану
Андерсену
, поэту Мусе Джалилю и летчику
Валерию Чкалову
, сообщил источник в городской администрации.
«Согласно перечню установки памятников до 2009 года, утвержденному властями Москвы, в столице в ближайшие два года появится 12 новых памятников», - сказал собеседник агентства.
По его информации, в 2008-2009 годах в столице будут установлены памятники городскому голове Москвы
Николаю Алексееву
, сказочнику Хансу Кристиану Андерсену, инженеру и изобретателю
Владимиру Шухову
, авиаконструктору
Сергею Королеву
, поэту
Осипу Мандельштаму
, ученому-физику, лауреату Нобелевской премии
Александру Прохорову
, поэту Мусе Джалилю, генералу
Михаилу Скобелеву
, легендарному летчику Валерию Чкалову, адмиралу
Степану Макарову
.
Также в течение двух лет в Москве появится монумент в честь воинов, отстоявших Москву в битве 1941-1942 годы и памятник летчику
Михаилу Водопьянову
.
Всего на сооружение памятников в 2007-2009 годах
власти Москвы
выделили 201,6 миллиона рублей.",2007-12-28,https://www.gazeta.ru/news/culture/2007/12/28/n_1158372.shtml
Коллекция Ростроповича и Вишневской доставлена в Петербург,"Коллекция всемирно известных виолончелиста и дирижера Мстислава
Ростроповича
и оперной певицы Галины
Вишневской
доставлена в Константиновский дворец Петербурга, сообщила в пятницу пресс-секретарь дворца Мария Прудникова.
«Все экспонаты уже прошли таможенные процедуры, коллекция уже прибыла и передается во дворец», - сказала Прудникова.
По ее словам, скорее всего, официальная презентация знаменитого собрания состоится весной.
После смерти Мстислава Ростроповича его супруга Галина Вишневская решила окончательно перебраться в Россию, а коллекцию, содержание которой обходилось слишком дорого, продать.
Собрание, включающее около 450 предметов, в том числе такие шедевры, как «Портрет княгини Авроры Демидовой»
Карла Брюллова
, «Портрет Феликса Юсупова»
Валентина Серова
, «Сокровище ангелов»
Николая Рериха
, «Лики России»
Бориса Григорьева
, портреты Репина и прекрасную коллекцию имперского фарфора, предполагалось выставить на торги в лондонском отделении аукционного дома «Сотбис» 18-19 сентября.
Однако за день до начала торгов было объявлено, что коллекцию целиком купил известный предприниматель и меценат, глава «Газпроминвестхолдинга» и владелец издательского дома «Коммерсант»
Алишер Усманов
, который заявил, что собрание будет передано государству целиком и полностью и возвращено на территорию страны, которой принадлежит.
Позже стало известно, что Усманов заплатил за возвращение собрания Ростроповича-Вишневской на родину 72 миллиона долларов.
На размещение собрания Ростроповича-Вишневской целиком претендовали Русский музей в Петербурге, ГМИИ имени Пушкина и Музеи Московского Кремля.",2007-12-28,https://www.gazeta.ru/news/culture/2007/12/28/n_1158371.shtml
ГИБДД сообщает о четырех потрадавших в аварии на МКАД,"По уточненным данным, в аварии на 59-м километре МКАД, где в четверг вечером
столкнулись
17 автомобилей, пострадали четыре человека, сообщил представитель столичного
ГИБДД
.
«По уточненным данным, на внутренней стороне МКАД столкнулись 17 автомобилей, причиной этому послужило несоблюдение дистанции водителем машины Volvo F-12, - сказал он.
По его словам, водитель грузовика не пострадал.
Столкновение произошло накануне вечером на внутренней стороне МКАД - на 59-м километре, вблизи пересечения с Рублевским шоссе. Несколько человек были зажаты в искореженных машинах.",2007-12-28,https://www.gazeta.ru/news/auto/2007/12/28/n_1158307.shtml
Кинорежиссер Ежи Кавалерович скончался,"Выдающийся польский кинорежиссер
Ежи Кавалерович
(Jerzy Kawalerowicz) скончался в Варшаве в возрасте 85 лет, сообщило Объединение польских деятелей кино.
Кавалеровича называли один из последних великих мастеров польского кино.
В 1966 году за экранизацию «Фараона» Болеслава Пруса кинорежиссер получил Оскара.
Фильм Ежи Кавалеровича Quo vadis по роману Генрика Сенкевича, снятый в 2001 году, получил поистине мировое признание.",2007-12-28,https://www.gazeta.ru/news/culture/2007/12/28/n_1158258.shtml
Объявлены номинанты на «Золотой орёл»,"Более 250 членов Национальной академии кинематографических искусств и наук проголосовали и выдвинули претендентов на награду «Золотой Орел» в 20 номинациях. Выбор проходил среди работ, предложенных Экспертным советом, который возглавляет известный киновед
Кирилл Разлогов
.
Всего по итогам года совет рекомендовал для голосования 32 полнометражных игровых фильма, 33 - документальных, 10 мини-сериалов (до 10 серий включительно), 10 сериалов (11 и более серий) из премьер-сезона 2006-2007, а также 22 анимационных ленты и 29 игровых зарубежных фильмов, прошедших в российском прокате.
Среди номинантов в этом году определились 3 лидера. Это фильм «12» режиссера
Никиты Михалкова
, «Путешествие с домашними животными» - Веры Сторожевой, 4-серийный телефильм «Ленинград» -
Александра Буравского
.
Немало номинаций получили и такие известные картины, как «Монгол»
Сергея Бодрова
, «Артистка»
Станислава Говорухина
, «Простые вещи»
Алексея Попогребского
. Среди зарубежных фильмов на премию «Золотой Орел» выдвинуты «Апокалипсис»
Мела Гибсона
, «Вавилон» Алехандро Гонсалеса и «Королева» режиссера Стивена Фрирза.
На вопрос, почему среди номинантов не оказалось фильма
Александра Сокурова
«Александра», Кирилл Разлогов ответил, что сам режиссер отказался от участия в конкурсе, но, тем не менее, его другая картина «Элегия жизни. Ростропович. Вишневская» претендует на звание лучшего неигрового фильма.
Премия учреждена Национальной академией, основанной в феврале 2002 года ведущими кинематографистами страны и рядом государственных и общественных организаций.",2007-12-28,https://www.gazeta.ru/news/culture/2007/12/28/n_1158255.shtml
Новости дня,,2007-12-28,https://www.gazeta.ru/news/lastnews/2007/12/28/n_1158228.shtml
Новости дня,,2007-12-28,https://www.gazeta.ru/news/lastnews/2007/12/28/n_1158208.shtml
«Амкар»: Божович - главный кандидат на пост тренера,"Черногорский специалист
Миодраг Божович
является основным кандидатом на пост главного тренера «Амкара», заявил пресс-атташе пермского клуба
Руслан Муллагалиев
.
«На данный момент главным фаворитом является Миодраг Божович. Но стопроцентно гарантировать, что именно он подпишет контракт, нельзя. Уже ясно, что в этом году соглашение подписано не будет. Скорее всего, это произойдет в самом начале 2008 года.
Коллектив соберется на базе не ранее 10 января. Футболисты будут тренироваться самостоятельно. Эта программа была заложена еще предыдущим тренерским штабом. Они профессионалы своего дела, так что сомнений в их исполнительности у нас нет. А итоги самостоятельных тренировок будут подведены, когда команда соберется на базе», - цитирует Муллагалиева
РИА «Новости»
.",2007-12-28,https://www.gazeta.ru/news/sport/2007/12/28/n_1158204.shtml
Награда нашла теннисистку 30 лет спустя,"Австралийская теннисистка Эвонн Гулагонг получила награду Женской теннисной ассоциации (WTA), которая полагается всем спортсменкам, которые поднимаются на вершину мирового рейтинга. Вот только произошло это более чем через 30 лет после того, как Гулагонг стала первой ракеткой мира.
В 1976 году спортсменка выиграла сразу шесть турниров, в числе которых был и Открытый чемпионат Австралии. Однако при занесении этих результатов в компьютер возникла путаница, и Гулагонг не досчиталась рейтинговых очков. Именно из-за этого ее так никогда и не знали как первую ракетку мира.
Недостающие архивные бумаги, датированные апрелем-июлем 1976 года, были найдены, и выяснилось, что Гулагонг должна была носить звание лучшей теннисистки мира в течение двух недель. Справедливость была восстановлена, и 56-летняя Гулагонг, завершившая свою спортивную карьеру в 1985 году, получила причитающуюся ей награду от WTA, сообщает
РИА «Новости»
.",2007-12-27,https://www.gazeta.ru/news/sport/2007/12/27/n_1158154.shtml
Гаудио: теннис делает из человека эгоиста,"Аргентинец Гастон Гаудио считает, что теннис делает из человека эгоиста. Об этом он заявил в новой книге La legion habla, посвященной аргентинскому теннису.
«Любой из нас в семь тысяч раз эгоистичнее, чем, например, игрок в регби. Теннис делает из человека эгоиста. Ты постоянно находишься один, и вся твоя жизнь на сто процентов зависит только от тебя. В футболе или регби, если игрок чувствует себя нездоровым, то он может покинуть команду, и его место займет кто-то другой, в теннисе это невозможно», - заметил аргентинец.
Гаудио, который в настоящее время занимает 182-е место в рейтинге Ассоциации теннисистов-профессионалов (АТП), за свою карьеру выиграл восемь турниров. Самым значительным успехом была его победа на Открытом чемпионате Франции в 2004 году.
В книге также есть интервью с
Давидом Налбандяном
, Игнасио Чела, Хуаном-Мартином Дель Потро, Мариано Пуэрта, Мариано Сабалета и другими аргентинскими теннисистами.
Пролог к книге написал самый успешный за всю историю Аргентины теннисист Гильермо Вилас, четырехкратный победитель турниров Большого Шлема, сообщает
РИА «Новости»
.",2007-12-27,https://www.gazeta.ru/news/sport/2007/12/27/n_1158135.shtml
«Радиостанция Судного дня» вышла в эфир с новым сообщением,"«Радиостанция Судного дня» передала в эфир новое сообщение. Об этом
заявляет
Telegram-канал «УВБ-76 логи», который следит за активностью станции.
Так, слово «накопитель» прозвучало в эфире радиостанции 28 сентября в 7:08 мск.
В предыдущий
раз
радиостанция выходила в эфир два дня назад, 26 сентября. Тогда прозвучало загадочное слово «книжник».
Радиостанция УВБ-76 вещает с 1970-х годов. Как правило, в эфире транслируется жужжащий сигнал, за что в народе ее стали называть «Жужжалка». Кроме того, ее часто называют «Радиостанцией Судного дня». По некоторым данным, УВБ-76 является частью системы, созданной в СССР в разгар холодной войны, которая якобы до сих пор используется Россией.
До этого передатчик похожей на «Радио Судного дня» станции
нашли
на базе в
Германии
. Речь идет о загадочной коротковолновой радиостанции V32, появившейся после начала войны
США
и
Израиля
против
Ирана
в конце февраля 2026 года. На частоте 7910 кГц раздался мужской голос, который повторял слово «таваджох», что на фарси означает «внимание». Также он монотонно зачитывал цепочки пятизначных чисел.
Ранее «Радиостанция Судного дня»
ожила
на фоне новостей из Киева о перестановке во власти.",2026-09-28,https://www.gazeta.ru/social/news/2026/09/28/29406625.shtml
"В РФ временно перестанут проверять объекты, поврежденные украинскими БПЛА","Правительство России временно освободило от проверок коммерческие объекты, получившие повреждения в результате атак украинских беспилотных летательных аппаратов (БПЛА) и иных средств огневого воздействия. Об этом пишет
РИА Новости
со ссылкой на аппарат вице-премьера РФ Дмитрия
Григоренко
.
Мера уже вступила в силу и продолжит действовать до 1 октября следующего года. В заявлении уточняется, что от плановых и части внеплановых проверок освободили объекты, которым ущерб был нанесен в период с начала 2026 года.
«Решение направлено на снижение административной нагрузки на бизнес и поддержку предприятий, которые сегодня восстанавливают пострадавшие от атак объекты», — пояснил Григоренко.
В сообщении уточняется, что внеплановые проверки на таких объектах будут проводиться только по поручениям главы государства и правительства, а также по требованиям прокуратуры. Еще одной причиной могут стать сведения о том, что бизнес угрожает безопасности страны, причиняет вред здоровью граждан или его деятельность может спровоцировать ЧС.
Также поводом для проведения контрольных мероприятий может послужить заявление владельца объекта об устранении нарушений, зафиксированных в прошлом. При этом возможность подтвердить эту информацию дистанционно, посредством мобильного приложения, сохранится, подчеркнули в аппарате вице-премьера.
Ранее Путин
оценил
последствия от украинских атак на инфраструктуру РФ.",2026-09-28,https://www.gazeta.ru/politics/news/2026/09/28/29406565.shtml
"На видео попало, как петербуржец на авто на скорости снес самокатчика","В
Санкт-Петербурге
самокатчик выехал на дорогу и попал под колеса. Об этом
сообщает
Telegram-канал «78. Новости».
«Самокатчик попал под колёеса автомобиля на пересечении улицы Авиаконструкторов и Шуваловского проспекта. ДТП произошло вечером в воскресенье», – говорится в публикации.
Видеорегистратор автомобиля, водитель которого стал очевидцем произошедшего, запечатлел инцидент. На кадрах видно, как самокатчик выезжает на проезжую часть, где его на скорости сбивает машина, от удара человек отлетает в сторону, а автомобиль проезжает еще несколько метров. По словам очевидцев, ПДД не соблюдали оба участника аварии. Информация о состоянии пострадавшего не сообщается.
24 сентября во
Всеволожском
районе Петербурга таксист на Hyundai Solaris не
справился
с управлением и врезался в отбойник, после чего 66-летний пассажир вышел из автомобиля. В это время в том же направлении по трассе ехала «Газель».
Водитель въехал в остановившееся такси, отчего иномарку отбросило на пассажира, стоявшего у автомобиля. В результате произошедшего мужчина получил серьезные травмы: прибывшие медики госпитализировали пострадавшего в состоянии комы. Правоохранители начали проверку, чтобы установить обстоятельства ДТП.
Ранее на видео
попало
, как человека выбросило из машины в жестком ДТП.",2026-09-28,https://www.gazeta.ru/auto/news/2026/09/28/29406499.shtml
Главу организации релокантов РФ в Лондоне объявили в международный розыск,"Гражданку
РФ
Ксению Максимову, которая является создателем и лидером действующей в
Великобритании
антироссийской структуры Russian Democratic Society (RDS), объявили в розыск. Об этом сообщили в Федеральной службе безопасности (ФСБ) РФ, передает
РИА Новости
.
«Максимова объявлена в федеральный и международный розыски, а также включена в перечень
Росфинмониторинга
«Организаций и физических лиц, в отношении которых имеются сведения об их причастности к экстремистской деятельности и терроризму», — рассказали в ведомстве.
Там уточнили, что в отношении гражданки РФ было возбуждено уголовное дело по статье об участии в деятельности террористической организации. По данным ФСБ, созданная экс-моделью Максимовой организация RDS объединила российских релокантов в Соединенном королевстве. Женщина, как утверждается, через эту структуру организовала сбор денежных средств в интересах
Украины
. Кроме того, принималась и иная помощь, в том числе различное оборудование.
Как отмечается в заявлении, RDS используется и в качестве площадки для выступлений. С речами выступают лица, которые вынашивают планы по насильственному захвату власти в РФ.
ФСБ
считает
, что
Лондон
пытается создать иллюзию, согласно которой внутри русской эмиграции появляется альтернатива, которая была бы способна заменить действующее руководство в Российской Федерации.
Ранее дочь Бориса Немцова
объявили
в международный розыск.",2026-09-28,https://www.gazeta.ru/social/news/2026/09/28/29406421.shtml
ФСБ уличила Британию в планах сменить власть в России с помощью релокантов,"После того, как Россия начала специальную военную операцию на
Украине
,
Великобритания
активизировала усилия по консолидации так называемой российской оппозиции за границей. Об этом сообщила Федеральная служба безопасности (
ФСБ
), передает
РИА Новости
.
По данным ведомства, Британия пытается создать иллюзию, согласно которой внутри русской эмиграции появляется альтернатива, которая была бы способна заменить действующее руководство в Российской Федерации.
В ФСБ добавили, что контрразведка знает имена каждого релоканта, кто принял решение связать свою дальнейшую жизнь с Великобританией и желает поражения России. Судьбы этих людей предрешены, подчеркнули в ведомстве.
До этого сообщалось, что сотрудники ФСБ задержали в
Москве
гражданина России из охраны посольства Великобритании, который работал на
Службу безопасности Украины
.
Как рассказали в спецслужбе, задержанный по указанию украинского блогера
Дмитрия Карпенко
(псевдоним — Апостол Дмитрий) собирал сведения о британских дипломатах, в том числе адреса их проживания, а также данные о системе обеспечения безопасности посольства. Подробнее — в
материале
«Газеты.Ru».
Ранее в России
объяснили
, почему
Лондон
«в обиде» на срыв покушения на британского посла.",2026-09-28,https://www.gazeta.ru/politics/news/2026/09/28/29406385.shtml
Названы самые популярные модели Bentley в России,"Британская марка Bentley нарастила продажи в России. За 8 месяцев 2026 года на российский учет встало 137 новых автомобилей Bentley, что на 5% больше, чем за январь–август прошлого года (130 шт.). Об этом в своем Telegram-канале
сообщил
глава агентства «Автостат» сергей Целиков.
Самой популярной моделью стал люксовый спорткар Continental GT — 66 автомобилей, плюс еще 5 экземпляров открытой версии GTC. На втором месте расположился кроссовер Bentayga с результатом 59 штук. Владельцами новых представительских седанов Flying Spur стали 7 россиян.
Второй новостью дня стало представление нового кроссовера Bentley Torcal. Как заявил глава компании Франк-Штеффен Уоллизер, автомобиль призван открыть для бренда новые рынки. В
Великобритании
цены на Torcal стартуют от 173 тыс. фунтов стерлингов (около 19,5 млн рублей).
Ранее россияне
бросились
скупать суперкары Lamborghini.",2026-09-28,https://www.gazeta.ru/auto/news/2026/09/28/29406091.shtml
Артемий Лебедев назвал себя «разведенкой с прицепом»,"Известный российский блогер и дизайнер
Артемий Лебедев
высказался об идее наказывать за разжигание ненависти по признаку семейного положения. Мнением он поделился в обзоре новостей,
опубликованном
в «VK Видео».
Дизайнер заявил, что удивился, когда узнал из прессы о планах в
РФ
ввести ответственность за выражение «разведенка с прицепом». Лебедев отметил, что сам относится к этой категории.
«Я разведенка, у меня есть 11 прицепов», — сказал он.
Блогер добавил, что не обиделся бы, если бы кто-то назвал его так.
До этого
сообщалось
, что в
Госдуме
обсуждают введение штрафов за использование выражения «разведенка с прицепом». С инициативой выступила основательница «Совета блогеров» Валерия Рытвина. Она хочет защитить женщин, которые воспитывают детей в одиночку, от оскорблений. Эксперты считают, что это выражение имеет негативный подтекст и может провоцировать травлю матерей-одиночек. Если предложение одобрят, штрафы смогут налагать за использование этого термина в соцсетях, комментариях и блогах.
Ранее Лебедев посоветовал молодым парням
отказаться
от брака.",2026-09-28,https://www.gazeta.ru/social/news/2026/09/28/29406127.shtml
В МИД России узнали о вовлечении вывезенных с Украины детей в криминальные схемы,"Украина
втягивает в различные криминальные схемы детей, принудительно эвакуированных нацполицией «Белые ангелы» на подконтрольную
Киев
у территорию. Об этом заявил в интервью
РИА Новости
посол по особым поручениям
МИД
РФ
Родион
Мирошник
.
По словам дипломата, это происходит ежедневно.
Дипломат добавил, что российская сторона собрала достаточно доказательств того, что ребенка изымали из семьи. Документы переделывали, самого ребенка передавали под опеку руководителю бюджетного учреждения, после чего его след терялся в какой-то европейской стране.
До этого в силовых структурах РФ
сообщили
, что украинские власти наращивают количество групп нацполиции «Белый ангел» для принудительной эвакуации семей с детьми из донецкого
Славянска
.
В середине января беженка из поселка Ставки Донецкой народной республики
сообщила
, что ей и младшему брату угрожали расправой за отказ эвакуироваться. По словам девушки, к их дому регулярно приезжали представители украинской организации «Белые ангелы» вместе с полицией, которые занимались эвакуацией детей.
Ранее
сообщалось
, что украинские нацбатальоны проводят агитацию среди детей.",2026-09-28,https://www.gazeta.ru/politics/news/2026/09/28/29406037.shtml
Тело журналиста Соседова доставят в Москву,"Тело музыкального критика и журналиста Сергея
Соседова
отправили из Якутии в
Москву
. Об этом сообщил
РИА Новости
Виктор Беззубов — организатор конкурса «Жемчужина Дальнего Востока», в котором Соседов возглавлял жюри.
По словам Буззубова, тело критика сейчас находится в
Новосибирске
. В 21:30 почившего встретит в Москве ритуальная компания.
Дата похорон будет определена после того, как тело Соседова доставят в столицу, добавил собеседник агентства.
Соседов
умер
23 сентября. Это произошло во время его поездки в Якутию, где он должен был принять участие в жюри конкурса «Жемчужина Дальнего Востока». Его мать Антонина рассказала, что 58-летний критик упал с лестницы в отеле и ударился головой.
Соседов родился 23 мая 1968 года в Москве. Его журналистская карьера началась в конце 1980-х годов. Широкую известность ему принесло участие в программе «Акулы пера» на ТВ-6.
В разные годы Соседов сотрудничал с изданиями «Российские вести», «Среда», «Лига наций», «Рок Держава» и «Хит-парад». Он также работал в музыкальных телепроектах и с 2010 по 2015 год входил в состав жюри шоу «Х-Фактор». Кроме того, Соседов вел на НТВ социальное ток-шоу «За гранью» и постоянно участвовал в других проектах канала.
Ранее
стало известно
, что Соседов умер той смертью, которую боялся.",2026-09-28,https://www.gazeta.ru/social/news/2026/09/28/29405959.shtml
На поиски пропавших рыбаков с «Триумфа» вылетел вертолет,"Вертолет Росавиации вылетел на поиски четверых рыбаков, пропавших при пожаре на рыболовном судне «Триумф» у берегов Камчатки. Об этом
РИА Новости
сообщили в Морском спасательном подцентре Петропавловска-Камчатского (МСПЦ).
«По запросу МСПЦ в район, где горел «Триумф», вылетел вертолет Росавиации», — заявили там.
До этого сообщалось, что спасатели взяли «Триумф» на буксир и доставляют его в порт Петропавловск-Камчатский. Судно находилось в 70 милях от Петропавловска-Камчатского.
Пожар на «Триумфе»
произошел
вечером 25 сентября в акватории Тихого океана к востоку от мыса Ходжелайка. По данным МЧС, на борту находились 29 членов экипажа. Эвакуироваться смогли 25 человек. Четверо моряков госпитализированы, местонахождение еще четырех не установлено.
Следственное управление на транспорте СК России возбудило уголовное дело по статье о нарушении правил безопасности движения и эксплуатации морского транспорта. «Триумф» построили в 1992 году в Японии, судно приписано к порту Владивосток. Подробнее — в
материале
«Газеты.Ru».
Ранее экипаж загоревшегося у Камчатки судна
доставили
в Петропавловск-Камчатский.",2026-09-28,https://www.gazeta.ru/social/news/2026/09/28/29405953.shtml
В Анкаре оценили возможность проведения переговоров с Москвой на высшем уровне,"Москва
и
Анкара
в ближайшее время могут провести переговоры на высшем уровне, в рамках которых будут обсуждаться двусторонние и региональные вопросы. Об этом пишет
РИА Новости
со ссылкой на источник в правительстве Турции.
«Возможны [контакты с Россией].
Турция
сохраняет открытыми каналы диалога с российской стороной и считает прямые контакты необходимым инструментом для обсуждения актуальных региональных вопросов», — заявил источник.
Как он сказал, в число таких вопросов входят конфликт на
Украине
и безопасность в Черном море.
По словам источника, Анкара намерена и дальше использовать свои дипломатические возможности для поддержания взаимодействия с Москвой. Он добавил, что стороны при определении формата и сроков будущих переговоров будут учитывать результаты текущей дипломатической работы и согласовывать соответствующие процессы по имеющимся каналам связи.
21 сентября в Турции
заявили
, что рассчитывают на возобновление переговоров по урегулированию на Украине до начала 2027 года. В сообщении уточнялось, что президент республики
Реджеп Тайип Эрдоган
продолжает консультации с западными лидерами для возобновления переговорного процесса.
Ранее журналисты
узнали
, сколько стран предложили предоставить площадку для переговоров по Украине.",2026-09-28,https://www.gazeta.ru/politics/news/2026/09/28/29405929.shtml
"В МВД рассказали, как мошенники собирают информацию о своих жертвах","Мошенники изучают в социальных сетях информацию о покупках своих потенциальных жертв. Об этом сообщает
РИА Новости
со ссылкой на материалы
МВД России
.
В них говорится, что аферистов особенно интересуют фотографии с покупками, метки с геопозицией, а также данные о друзьях и месте работы. Эти сведения позволяют злоумышленникам создать более правдоподобную схему обмана.
В министерстве порекомендовали не афишировать в соцсетях геопозиции и не размещать фотографии покупок. Там также посоветовали самостоятельно отключить автоматическое проставление геотегов. Кроме того, в ведомстве призвали ограничить доступ к странице для незнакомцев.
До этого руководитель департамента информационной безопасности финансового маркетплейса Банки.ру Тимур Гараев
заявил
, что особую опасность для россиян представляет социальная инженерия — методы психологического воздействия, с помощью которых мошенники убеждают человека самостоятельно перевести деньги или сообщить конфиденциальные данные.
Ранее россиян
предупредили
, за какими фразами в рабочих чатах следят мошенники.",2026-09-28,https://www.gazeta.ru/tech/news/2026/09/28/29405941.shtml
Москвичей предупредили о тумане утром 28 сентября,"Туман, но без осадков, прогнозируется 28 сентября в
Москве
. Об этом журналистам
РИА Новости
сообщила главный специалист столичного метеобюро Татьяна
Позднякова
.
По ее словам, туман может накрыть город в утренние часы. Днем ожидается переменная облачность, при этом осадков не будет.
Специалист обратила внимание, что температура воздуха в светлое время суток составит от +18°C до +19°C. Ночью столбики термометров покажут +8–10°C.
«Ветер будет переменных направлений со скоростью 2–7 м/с», — добавила Позднякова.
На прошлой неделе директор Гидрометцентра России
Юрий Симонов
заявил
журналистам, что предстоящая зима в Москве может оказаться довольно снежной. Как он отметил, наблюдаемая в январе–феврале погода в столичном регионе из года в год демонстрирует неустойчивость. Не исключено, что в этот раз ситуация будет такой же, и погода зимой окажется «очень неоднородной». Согласно прогнозам синоптиков, похолодания и снежные метели будут чередоваться с периодами оттепели. Это будет происходить на фоне глобального потепления, добавил метеоролог.
Ранее синоптик
спрогнозировал
похолодание в Москве в конце сентября.",2026-09-28,https://www.gazeta.ru/social/news/2026/09/28/29405905.shtml
Раскрыты подробности участия Белоруссии в производстве МС-21,"Белоруссия принимает участие производственной кооперации по российскому среднемагистральному пассажирскому самолету МС-21. В частности, Минский завод занимается выпуском деталей для него, сообщил генеральный директор филиала ПАО «Яковлев» —
Иркутского авиационного завода
(входит в
ОАК
госкорпорации «Ростех»
) Андрей Сойнов, сообщает
РИА Новости
.
По его словам, в России полностью изготавливаются покупные комплектующие изделия.
«Кооперация у нас есть с Белоруссией. Буквально на днях приезжали представители Минского завода. Они являются изготовителями деталей, части деталей для нашего самолета», — сказал Сойнов.
В конце июля президент России
Владимир Путин
на заводе «Яковлев» в
Иркутске
поднялся
в кабину нового пассажирского самолета МС-21-310 с комплектующими и системами только отечественного производства. Тогда Сойнов заявил, что запланировано постепенное наращивание темпов серийного производства, чтобы в дальнейшем выпускать ежегодно 36 самолетов.
Ранее правительство РФ
решило выделить
более 2,5 млрд рублей на достройку самолетов Ил-114-300.",2026-09-28,https://www.gazeta.ru/tech/news/2026/09/28/29405875.shtml
Минздрав планирует расширить возможности врачей для помощи вне больниц,"Порядок работы хирургов в России может измениться с 1 января 2027 года. Врачам могут разрешить оказывать медицинскую помощь за пределами больниц, в том числе на месте вызова бригады скорой помощи и в машинах при медицинской эвакуации. Об этом сообщает
РИА Новости
со ссылкой на проект приказа
Минздрава РФ
.
Согласно документу, хирургов смогут привлекать к работе вне медицинской организации — непосредственно по месту вызова скорой помощи, а также в транспортных средствах во время медицинской эвакуации. Кроме того, медицинская помощь по профилю «хирургия» будет оказываться в том числе в рамках паллиативной медицинской помощи.
До этого сообщалось, что депутаты фракции
«Справедливая Россия»
разрабатывают
законопроект, который предполагает приравнивание врачей по статусу к государственным служащим. В частности, инициатива направлена на повышение социальных гарантий и уровня материальной поддержки медицинских работников.
Ранее в Госдуме
напомнили
о льготах и выплатах для медработников.",2026-09-28,https://www.gazeta.ru/social/news/2026/09/28/29405863.shtml
Китай и США достигли консенсуса в одной сфере,"Китай
хочет углубить сотрудничество с CША в угольной сфере, в том числе за счет увеличения поставок американского угля в ближайшие годы. Об этом сообщили в минкоммерции КНР, передает
РИА Новости
.
Там отметили, что по итогам прошедших торгово-экономических консультаций две страны договорились включить импорт американского угля в рамки взаимного снижения тарифов.
«Экономические и торговые делегации Китая и
США
достигли консенсуса о том, что таможенные тарифы Китая на импорт угля из США будут включены в рамки взаимного снижения тарифов по принципу 30 миллиардов долларов на 30 миллиардов долларов», — заявили в министерстве.
В ведомстве отметили, что это будет способствовать импорту КНР угля из Соединенных Штатов в 2027 и 2028 годах.
Там также выразили надежду, что благодаря совместным усилиям сотрудничество между двумя государствами в угольной сфере «продолжит углубляться, обеспечивая взаимную выгоду и результаты, отвечающие интересам обеих сторон».
24 сентября глава
минфина США
Скотт Бессент
заявил
, что Соединенные Штаты и Китай договорились продлить до 10 января торговое перемирие, направленное на снижение напряженности в экономических отношениях. Он пояснил, что стороны согласились продлить заключенное в
Пусане
соглашение, действие которого должно было завершиться 10 ноября. По словам министра, США готовы как сохранить действующие договоренности с Китаем, так и работать над более масштабной сделкой.
По итогам состоявшейся 30 октября прошлого года в южнокорейском Пусане встречи президента США
Дональда Трампа
и председателя КНР
Си Цзиньпина
Вашингтон
и
Пекин
договорились о снижении части пошлин, продлении приостановки повышенных тарифов и смягчении ряда торгово-экономических ограничений.
Ранее Китай
пригрозил
США ответными мерами на антироссийские санкции.",2026-09-28,https://www.gazeta.ru/business/news/2026/09/28/29405839.shtml
В России оценили вероятность побега семьи Усольцевых за границу,"Семья Усольцевых, которая год назад пропала в Красноярском крае, в случае побега за границу не смогла бы там долго скрываться бесследно. Об этом заявил
РИА Новости
заслуженный юрист России, ученый-правовед Иван
Соловьев
.
«Ходили версии, что семья Усольцевых могла скрыться за границей. Если семья Усольцевых, допустим, сменила место или страну проживания, то рано или поздно, они будут обнаружены, долго скрываться бесследно они не смогли бы», — сказал он.
По словам эксперта, в России и во многих других странах есть интеллектуальная система обнаружения разыскиваемых лиц, которую весьма сложно обмануть.
Также он выразил уверенность, что следствие проверило, где находятся загранпаспорта Усольцевых, и пересекал ли кто-либо по ним границу
РФ
.
В конце сентября 2025 года 64-летний Сергей Усольцев вместе с 48-летней супругой и пятилетней дочерью отправились в поход в сторону горы Буратинка в Красноярском крае, но вскоре семья перестала выходить на связь. По факту случившегося было возбуждено уголовное дело. Одной из приоритетных версий следствия остается несчастный случай.
При этом криминалист
Михаил Игнатов
считает
маловероятной версию с несчастным случаем, так как при таком развитии событий следы Усольцевых уже нашли бы. Он придерживается версии тайного побега.
Ранее
была названа
новая версия исчезновения семьи Усольцевых.",2026-09-28,https://www.gazeta.ru/social/news/2026/09/28/29405797.shtml
Минобороны РФ сообщило об освобождении почти сотни построек в Доброполье,"Операторы беспилотных систем группировки войск «Центр» освободили 94 здания и уничтожили более 30 военнослужащих ВСУ в западных и восточных районах Доброполья в Донецкой народной республике. Об этом сообщает
РИА Новости
со ссылкой на
Минобороны России
.
По данным ведомства, для нанесения ударов используются оптоволоконные и радиоуправляемые беспилотники. Они позволяют поражать цели в условиях применения украинской стороной средств радиоэлектронной борьбы.
В Минобороны также заявили, что окруженные подразделения ВСУ предпринимают попытки организовать снабжение с помощью наземных роботизированных комплексов и малых транспортных средств. По утверждению ведомства, российские операторы БПЛА пресекают эти попытки.
19 сентября в российском оборонном ведомстве
сообщили
об уличных боях в Доброполье.
Город Доброполье
расположен в 90 км от
Донецка
. После начала полномасштабных боевых действий в 2022 году населенный пункт долгое время был тыловым городом и важным логистическим узлом для снабжения ВСУ в Покровско-Мирноградской агломерации. Кроме того, через Доброполье проходит основная со стороны Днепропетровской области трасса снабжения
Краматорска
и
Славянска
.
Ранее дроны ВС
РФ
лишили
ВСУ возможности следить за группировкой «Центр» под Добропольем.",2026-09-28,https://www.gazeta.ru/army/news/2026/09/28/29405815.shtml
"В ФФОМС назвали число россиян, прошедших репродуктивную диспансеризацию","В 2026 году более 10 миллионов жителей России прошли репродуктивную диспансеризацию. Об этом сообщает
РИА Новости
со ссылкой на пресс-службу Федерального фонда обязательного медицинского страхования (
ФФОМС
).
По информации фонда, в период с января по июль репродуктивную диспансеризацию по обязательному медицинскому страхованию (ОМС) прошли 10,1 миллиона человек, что в 2,3 раза превышает показатель аналогичного периода 2024 года.
В ФФОМС уточнили, что диспансеризация включает два этапа. Первый — базовый скрининг, который для женщин начинается с осмотра акушера-гинеколога. В возрасте от 18 до 29 лет предусмотрено ПЦР-исследование мазков на возбудителей инфекций органов малого таза. С 21 года до 49 лет раз в пять лет доступно определение ДНК вируса папилломы человека методом ПЦР, а при положительном результате проводится цитологическое исследование.
17 сентября министр здравоохранения
Михаил Мурашко
заявил
, что в России изменился порядок проведения медицинского осмотра и диспансеризации.
До этого глава комитета
Госдумы
по охране здоровья
Сергей Леонов
заявил
, что осенью россиянам рекомендуется пройти диспансеризацию – для этого работающим гражданам должны предоставить дополнительный оплачиваемый отгул.
Ранее доктор Мясников
раскритиковал
новые методы диспансеризации.",2026-09-28,https://www.gazeta.ru/social/news/2026/09/28/29405803.shtml
"Россиянам рассказали, можно ли уйти с работы в обед","Сотрудник может уйти с работы на время обеденного перерыва, если это прописано во внутреннем регламенте компании. Об этом в беседе с
РИА Новости
заявила старший преподаватель кафедры трудового права и права социального обеспечения имени К.Н. Гусова Университета имени О.Е. Кутафина (МГЮА) Анастасия Колодяжная.
По ее словам, у работника есть право на обед не менее 30 минут и не более двух часов.
«Обеденный перерыв относится ко времени отдыха, поэтому работник, как правило, вправе распоряжаться им по своему усмотрению, например, уходить с работы в обеденное время», — сказала специалист.
Она уточнила, что в некоторых случаях нельзя уйти с работы на время обеда. Например, это касается непрерывного производства и экстренных служб, где сотрудник не может оставить рабочее место.
Эксперт отметила, что в таких случаях работодатель обязан обеспечить возможность отдохнуть и поесть непосредственно в рабочее время. Перечень таких работ и места для отдыха и приема пищи определяются правилами внутреннего трудового распорядка.
Как уточнила Колодяжная, перерыв может предоставляться по усмотрению руководства, если рабочий день длится менее четырех часов.
До этого партнер и глава практики трудового права международной консалтинговой компании O2-STREAM
Анастасия Зайцева
заявила
, что россияне не всегда могут сократить рабочий день, отказавшись от обеда.
Ранее ученые
рассказали
, какие обеды для офисных работников самые полезные.",2026-09-28,https://www.gazeta.ru/social/news/2026/09/28/29405737.shtml
В Турции рассказали о своих предложениях по Черному морю,"Турция представила Российской Федерации и
Украине
свои предложения по обеспечению безопасности судоходства в Черном море. При этом
Анкара
пока не планирует обнародовать их содержание, сообщил
РИА Новости
источник в турецком правительстве.
«Предложения
Турции
по безопасности судоходства в Черном море представлены сторонам напрямую. На данном этапе мы не планируем обнародовать их содержание, поскольку считаем, что дипломатические инициативы должны прежде всего обсуждаться непосредственно с заинтересованными сторонами», — сказал собеседник агентства.
По его словам, турецкая сторона продолжит контакты с
Москвой
и
Киевом
и будет стремиться сформировать условия для обеспечения безопасности торгового судоходства и предотвращения дальнейшей эскалации в Черном море.
21 сентября стало известно, что Турция
передала
Украине и России предложения о прекращении огня в Черном море.
16 сентября глава турецкого МИД
Хакан Фидан
заявил, что Турция
активизировала
дипломатические усилия по достижению договоренностей о Черном море между Россией и Украиной, пытаясь согласовать их позиции.
Ранее в МИД РФ
обратили внимание
НАТО на атаки ВСУ по судам в Черном море.",2026-09-28,https://www.gazeta.ru/politics/news/2026/09/28/29405665.shtml
"Сын пропавшей Усольцевой верит, что его семья жива","Даниил Баталов, сын пропавшей вместе с мужем и дочерью в Красноярском крае Ирины Усольцевой, заявил в беседе с
РИА Новости
, что спустя год после их исчезновения по-прежнему считает семью живой.
«Нет, я не хочу подавать заявление о признании моих живых родителей умершими», — сказал он.
27 сентября адвокат Первой Красноярской краевой коллегии адвокатов
Дмитрий Кравченко
заявил
, что дело о пропаже семьи Усольцевых закроют, если они не стали жертвами преступления.
В конце сентября 2025 года 64-летний Сергей Усольцев вместе с 48-летней супругой и пятилетней дочерью отправились в поход в сторону горы Буратинка в Красноярском крае, но вскоре семья перестала выходить на связь. По факту случившегося было возбуждено уголовное дело. Одной из приоритетных версий следствия остается несчастный случай.
При этом криминалист
Михаил Игнатов
считает
маловероятной версию с несчастным случаем, так как при таком развитии событий следы Усольцевых уже нашли бы. Он придерживается версии тайного побега.
Ранее в Красноярском крае
восстановили
полный маршрут семьи Усольцевых.",2026-09-28,https://www.gazeta.ru/social/news/2026/09/28/29405599.shtml
Российский посол раскрыл желание канадцев в отношении нацистов,"В Канаде историки, журналисты и общественные организации требуют от канадских властей раскрыть архивы о нацистах и коллаборационистах, укрывшихся в стране после Второй мировой войны. Об этом заявил
РИА Новости
посол России в Оттаве Олег
Степанов
.
«Историки и журналисты, еврейские организации усилили нажим на правительство с требованием раскрытия архивов и честной оценки прошлого. Но власти по-прежнему пытаются юлить», — сказал дипломат.
По его словам, отношение канадского общества к этой проблеме показал скандал вокруг чествования в парламенте Канады
Ярослава Гунько
— бывшего солдата дивизии СС «Галичина». Степанов отметил, что реакция на этого человека продемонстрировала, что канадские граждане «не готовы мириться с таким позором».
«Чествование Гунько вызвало национальный и международный скандал, а также отставку спикера палаты общин, из которого сделали стрелочника», — добавил он.
Гунько в данный момент проживает в канадском городе Норт-Бей. Мужчина в прошлом году отметил свое 100-летие. В России в отношении Гунько было возбуждено уголовное дело. В декабре 2023 года посольство РФ в Канаде
передало
местным властям запрос о выдаче эсесовца.
22 сентября 2023 года бывший солдат дивизии СС «Галичина» посетил нижнюю палату канадского парламента, его
пригласили
в честь визита президента Украины
Владимира Зеленского
. Тогда мужчину представили как «украинско-канадского ветерана Второй мировой войны, который боролся за независимость Украины и против русских». Все собравшиеся аплодировали ему стоя. Это стало поводом для скандала, после которого уже бывший премьер-министр Канады
Джастин Трюдо
принес извинения и назвал инцидент позором для всей страны.
Ранее в Канаде
выяснили
, почему в страну пустили тысячи бывших нацистов.",2026-09-28,https://www.gazeta.ru/politics/news/2026/09/28/29405563.shtml
"Глава РАН назвал место, где необходимо размещать ЦОДы для искусственного интеллекта","На Крайнем Севере целесообразно размещать центры обработки данных (ЦОДы) для работы с технологиями искусственного интеллекта (ИИ). Как заявил президент Российской академии наук (
РАН
) Геннадий
Красников
, в силу природных условий в этом регионе есть возможность эффективно отводить тепло от серверов, сообщает
РИА Новости
.
Одним из барьеров на пути развития ИИ является выделение серверами большого количества тепла, которое зачастую ведет к их перегреву и сбоям в работе. Вопрос отвода тепла от серверов — это проблема, и сейчас есть очень много оригинальных технологических решений, в том числе с использованием новых материалов и новых конструкций, отметил глава РАН.
«Но проблемой остается и потребление энергии центрами обработки данных и проектами по искусственному интеллекту. Эти показатели будут расти, это тренд, и, к сожалению, от него не уйти. Энергопотребление все больше будет смещаться от промышленности, от коммунального хозяйства в сторону создания больших дата-центров», — сказал Красников.
По его словам, это будет происходить не только в
РФ
, но и во всем мире.
Также руководитель РАН подчеркнул, что в условиях Крайнего Севера можно создавать большие дата-центры, если там будут энергетические мощности.
До этого член Российской академии космонавтики имени Циолковского
Александр Железняков
заявил
, что запуск на орбиту дата-центров неактуален для России из-за общей неразвитости ИИ-инфраструктуры в стране.
Ранее
была названа
опасность ИИ, которая может стать угрозой для современной цивилизации.",2026-09-28,https://www.gazeta.ru/tech/news/2026/09/28/29405497.shtml
Нефть Brent подорожала на открытии торгов,"После открытия торгов стоимость фьючерса на нефть марки Brent выросла до $99 за баррель, сообщает
РИА Новости
.
Согласно данным торгов на 1:02, стоимость фьючерса выросла с прошлого закрытия торгов на 1,6% и достигла указанной суммы. На этом фоне нефть WTI тоже подорожала на 1%, до $93,44 за баррель.
В середине сентября газета The Wall Street Journal пришла к выводу, что
глобальный топливный кризис
, о котором ранее говорили руководители американских нефтяных компаний, уже начался. К нему, как отметило издание, в первую очередь привело длительное закрытие Ормузского пролива.
Не последнюю роль в нынешнем кризисе играет и
Китай
.
Пекин
, по словам экспертов, в прошлом покрывал почти половину своих ежедневных потребностей за счет собственных запасов сырья. Это сдерживало рост дефицита. Однако в последнее время КНР возобновила закупки у международных поставщиков. Кроме того, поставки дизеля остаются ограниченными из-за остановок НПЗ
( нефтеперерабатывающих заводов)
на фоне конфликтов на Ближнем Востоке и
Украине
.
Ранее американцам
предложили станцевать
ради скидки на бензин.",2026-09-28,https://www.gazeta.ru/business/news/2026/09/28/29405455.shtml
В Турции заявили об активизации дипломатии по Украине,"Турция
в ближайшее время собирается активизировать дипломатические усилия по урегулированию конфликта на
Украине
и обеспечению безопасности судоходства в Черном море. Об этом сообщил
РИА Новости
источник в турецком правительстве.
По его словам,
Анкара
продолжит контакты со сторонами «для восстановления безопасности морского сообщения, защиты коммерческого судоходства и недопущения дальнейшего распространения конфликта».
Как отметил собеседник агентства, турецкая сторона считает, что Черное море не должно становиться зоной боевых действий, а безопасность торговых судов и беспрепятственное движение по морским маршрутам должны быть обеспечены.
«Турция продолжит дипломатические шаги, направленные на возобновление переговорного процесса и создание условий для устойчивого режима безопасности в Черном море», — подчеркнул он.
21 сентября стало известно, что Турция
передала
Украине и России предложения о прекращении огня в Черном море.
16 сентября глава турецкого МИД
Хакан Фидан
заявил, что Турция
активизировала
дипломатические усилия по достижению договоренностей о Черном море между Россией и Украиной, пытаясь согласовать их позиции. Он выразил надежду, что «необходимые инициативы позволят довести это до завершения».
Ранее в МИД РФ
обратили внимание
НАТО на атаки ВСУ по судам в Черном море.",2026-09-28,https://www.gazeta.ru/politics/news/2026/09/28/29405431.shtml
"Россиянам описали порядок действий, если мошенники получили данные банковской карты","Если мошенникам удалось получить данные от банковского сервиса граждан, нужно поменять пароль и код доступа к сервису, заморозить счета и карты и связаться с банком, передает
РИА Новости
со ссылкой на МВД.
В материалах ведомства отмечается, что после этих шагов финансовая организация сама ограничит доступ к счету, перевыпустит карты и заблокирует номер, по которому звонили мошенники.
Кроме того, россиянам нужно предупредить родственников и знакомых, чтобы они не переводили деньги на карту, которая попала к злоумышленникам, добавили в МВД.
До этого депутат
Госдумы
Илья Вольфсон заявил, что мошенники часто
притворяются сотрудниками
ЖКХ
(жилищно-коммунального хозяйства)
, поэтому россиянам необходимо проверять у них документы и не открывать дверь подозрительным лицам.
Парламентарий призвал управляющие компании активнее информировать жильцов о проверках в домовых чатах, объявлениях и на официальных сайтах. А сотрудникам во время визитов в квартиры необходимо иметь удостоверение.
Ранее московская пенсионерка отдала аферистам
более 23 млн
рублей.",2026-09-28,https://www.gazeta.ru/social/news/2026/09/28/29405383.shtml
Игроки сборной Ирландии опустили головы во время гимна Израиля в Лиге наций,"Футболисты сборной
Ирландии
демонстративно опустили головы во время исполнения гимна
Израиля
перед матчем группового этапа Лиги наций.
Матч проходит в минуты написания новости в венгерском Дебрецене. Во время предматчевого исполнения гимна Израиля ирландцы демонстративно опустили головы и смотрели на газон. После этого капитаны сборных — ирландец Дара О'Ши и израильтянин Манор Соломон — не стали пожимать друг другу руки.
Матч проходит на нейтральном поле после того, как это в летом 2026 года одобрил
Союз европейских футбольных ассоциаций
. Напряженность между федерациями связана с позицией ирландской стороны по поводу действий Израиля в
Газе
. Журналисты сообщали, что сборная Ирландии может бойкотировать этот матч, однако такого решения в итоге не было принято.
Лига наций — международный футбольный турнир среди сборных Европы, который проводится под руководством УЕФА. Впервые был запланирован на 2018 год в сроки, соответствующие окончанию чемпионата мира 2018. В турнире действуют принципы повышения и понижения в классе. Частота проведения турнира — раз в два года, выявление победителя — по нечетным годам. Действующим чемпионом является
Португалия
.
Ранее Испания на выезде
обыграла
Англию в Лиге наций.",2026-09-27,https://www.gazeta.ru/sport/news/2026/09/27/29405197.shtml
Российского музыканта Mr. Credo внесли в базу «Миротворца»,"Музыканта
Александра Махонина
, известного под псевдонимом Mr. Credo, внесли в базу данных украинского сайта «Миротворец». Об этом сообщает
РИА Новости
.
В карточке певца утверждается, что он является «вором, мошенником и наркоманом». Также Махонину причисляют «покушение на суверенитет и территориальную целостность
Украины
».
Поводом для внесения музыканта в базу стали его песни и публикации в социальных сетях в поддержку России и ВС
РФ
, а также с критикой событий Майдана на Украине.
11 сентября украинский певец и рэпер Потап
попал
в базу украинского сайта «Миротворец». Исполнителя обвинили в провокациях и участии в гуманитарных агрессиях против Украины. Кроме того, он жаловался на сложности с выездом из республики и отмечал, что по этой причине не хочет ездить туда-обратно и предпочитает подолгу оставаться за границей.
10 сентября в базу
была внесена
его супруга и партнер по дуэту
Анастасия Каменских
. Ее обвинили в «участии в актах гуманитарной агрессии против Украины, а также в информационно-пропагандистских мероприятиях, направленных на дестабилизацию общественной жизни в республике».
Ранее актера Радугина
внесли
в базу данных «Миротворца».",2026-09-27,https://www.gazeta.ru/culture/news/2026/09/27/29404951.shtml
Вучич объявил об отставке,"Президент
Сербии
Александар Вучич
объявил об уходе с поста главы государства и подписал соответствующее заявление,
сообщает
газета «Вечерње новости».
В обращении к нации он заявил, что для него настал момент принятия решения.
«История учит нас, что прогресс никогда не достигается случайно, а через трудные решения, ответственность перед собственной совестью и решимость двигаться вперед», — сказал политик.
Вучич сообщил, что не хочет утомлять граждан цифрами, но обратился к ним с речью. В ней он вспомнил свою работу на постах премьера и президента республики.
«Просто посмотрите, насколько изменилась Сербия... Как изменился облик Сербии. И дело не в улицах, железных дорогах, фантастическом
Белграде
... Мы немного избаловались, думая, что должны обогнать
Германию
,
Францию
», — отметил глава государства.
Он поблагодарил граждан Сербии за то, что вместе с ним работали на благо страны.
27 июня на митинге в Белграде Вучич
пообещал покинуть пост
и назначить досрочные выборы главы государства и членов парламента. Вучич занимал пост главы государства с 31 мая 2017 года. До этого он три года был премьер-министром. В 2022-м его переизбрали на второй срок, который официально истекал в мае 2027 года.
Ранее Вучич
связал с Россией
попытку «цветной революции» в Сербии.",2026-09-27,https://www.gazeta.ru/politics/news/2026/09/27/29404933.shtml
Китайские крестьяне к ОИ нарисовали 2008 тигров,"Крестьяне из китайской провинции Хэнань подготовили к пекинской Олимпиаде 2008 года четырехсотметровый свиток с изображением 2008 тигров. Как сообщает РИА «Новости» со ссылкой на «Синьхуа», два молодых крестьянина из деревни Вангунчжуан потратили два года на создание этого произведения искусства и собираются в субботу преподнести его в дар оргкомитету Олимпиады.
Длина свитка составляет 401 метр, а ширина — чуть больше метра. На нем изображены тигры разной величины и в различных ракурсах.",2007-12-26,https://www.gazeta.ru/news/sport/2007/12/26/n_1157522.shtml
Главным новогодним «блюдом» Первого канала станет Максим Галкин,"Составители новогодней программы Первого канала решили обойтись в канун 2008-го без неожиданностей, сделав, как и в предыдущие годы, главным блюдом праздничного меню юмориста Максима Галкина (признан в РФ иностранным агентом), сообщили в пресс-службе телеканала.
«В следующем сезоне нас ждут новые телешоу: «Звезды-хирурги», «Звезды на зоне» и «Звезды на звездах», - придумал специально для новогоднего шоу новую шутку Галкин.
Сначала 29 и 30 декабря Галкин будет вести национальный музыкальный фестиваль «Новые песни о главном», записывавшийся в течение пяти часов на сцене Кремлевского дворца съездов. В программе сюрпризов не будет, а будут проверенные временем и рейтингами персонажи: от
Иосифа Кобзона
,
Софии Ротару
, Валерия Миладзе до первых фабрикантов и группы «Корни». Единственным новшеством стал тандем ведущих: Галкин поменял Аллу Борисовну на
Ингеборгу Дапкунайте
.
Сразу после «Вечерних новостей» 31 декабря состоится суперфинал шоу «Ледниковый период»: путем зрительского голосования из 10 сильнейших пар выберут трех призеров.
Также в канун 2008 года зрителей ждет Новогодний выпуск программы «Две звезды» с двумя дедами морозами -
Владимиром Пресняковым
и
Оскаром Кучерой
- и двумя снегурочками - актрисой Натальей Рудовой и певицей Алсу.
Провожать старый год зрителям первого придется тоже с Максимом Галкиным. В 21:30 и до 12 ночи начнутся «Проводы старого года с Максимом Галкиным» .
В гостях у юмориста будут популярные телеведущие -
Екатерина Андреева
,
Петр Толстой
, Петр Марченко, а также
Ефим Шифрин
,
Юрий Гальцев
,
Елена Воробей
и
Михаил Задорнов
.",2007-12-26,https://www.gazeta.ru/news/culture/2007/12/26/n_1157518.shtml
«Ирония судьбы-2» стала лидером проката за последний уик-энд,"Лидером проката за последний уик-энд стала новая картина
Тимура Бекмамбетова
«Ирония судьбы. Продолжение», сообщает «Бюллетень кинопрокатчика».
С 20 по 23 декабря продолжение легендарной новогодней комедии
Эльдара Рязанова
, вышедшее рекордным количеством копий - 1050, собрало по России и СНГ более 231 миллиона рублей или более 9 миллионов долларов. Именно благодаря этой картине бокс пятерки лидеров превысил 12 миллионов долларов.",2007-12-26,https://www.gazeta.ru/news/culture/2007/12/26/n_1157488.shtml
"Житель Петербурга согласился, чтобы его Hummer закидали тухлыми яйцами","Петербургские антиглобалисты намерены закидать тухлыми яйцами и помидорами автомобиль Hummer, призывая окружающих отказаться от роскоши, сообщил представитель пресс-службы движения «Антиглобалисты Питера».
«В четверг, 27 декабря, на Пионерской площади мы проведем митинг против роскоши. Он станет одной из акций, направленных на изменение системы ценностей», - сказал представитель движения.
По его словам, хозяин автомобиля, стоимость которого начинается с двух миллионов рублей, согласился, чтобы его машина подверглась «атаке» антиглобалистов.
«Мы нашли Hummer, который регулярно паркуется около Пионерской площади. Мы решили его закидать помидорами и тухлыми яйцами. После нашей агитационной работы владелец машины согласился на это. Более того, он готов продать его и отдать деньги детскому дому», - сказал представитель движения антиглобалистов. По мнению сторонников движения, эта акция должна показать тщетность и бессмысленность богатства и чрезмерной роскоши.",2007-12-26,https://www.gazeta.ru/news/auto/2007/12/26/n_1157437.shtml
Российские разведчики поздравили «жену Штирлица» с юбилеем,"Российские разведчики поздравили с юбилеем актрису театра и кино
Элеонору Шашкову
, исполнившую роль жены советского разведчика Штирлица в фильме «Семнадцать мгновений весны», сообщил
РИА Новости
шеф пресс-бюро Службы внешней разведки (СВР) РФ
Сергей Иванов
.
В сериале «Семнадцать мгновений весны» Элеонора Шашкова снялась только в одном эпизоде, где она в берлинском кафе «Элефант» встречается со своим мужем разведчиком-нелегалом Штирлицем, которого сыграл
Вячеслав Тихонов
.
Во время встречи, которую организовала советская резидентура, действовавшая в фашистской Германии, супруги сидят за разными столиками и в течение нескольких минут молча смотрят друг друга. Этот эпизод стал одним из самых сильных психологических моментов фильма.
«От имени женщин, которые вместе с мужьями посвятили свою жизнь служению Отечеству в разведке, разрешите передать вам слова огромной признательности за эту роль. В коротких мгновениях экранного времени Вам удалось передать боль от разлуки, переживание и ежедневное чувство тревоги за судьбу близкого человека, которые испытывает жена каждого разведчика. Спасибо Вам за это», - говорится в поздравлении представителей СВР России.
В поздравлении также отмечается, что истинные ценители театра и кино очень хорошо знают творчество Шашковой.
«Роли, сыгранные Вами на сцене театра имени Вахтангова, - яркие и запоминающиеся события на театральных подмостках столицы. По глубине проникновения в образ они могут спорить лишь с Вашими ролями в кино. В успехах таких лент как «Тишина», «Талисман», трилогии о советских разведчиках и многих других фильмах - огромная Ваша заслуга», - отмечается в поздравлении.",2007-12-26,https://www.gazeta.ru/news/culture/2007/12/26/n_1157435.shtml
В МХАТ им. Чехова прошло вручение премии «Чайка»,"В МХАТ им. Чехова во вторник состоялась 12-я Торжественная церемония вручения театральной премии «Чайка».
«Какая прекрасная церемония, мне так приятно стоять на этой сцене», - сказал один из номинантов актер
Максим Суханов
, получивший вместе с Александром Сириным «чайку» за лучший актерский дуэт.
С ним не согласился, в шутку, конечно, другой номинант - художественный руководитель Ленкома
Марк Захаров
: «Мы тут вместе с режиссером Агеевым напечатаны в программке мелким шрифтом, значит мы с ним художники гонимые, и это хорошо».
Премия «Чайка» в очередной раз доказала право именоваться самым веселым театральным событием. Бессменные ведущие церемонии
Екатерина Коновалова
и
Игорь Золотовицкий
желали зрителям новогоднего настроения, импровизировали и, наконец, забыв о сценарии, поздравили артиста
Михаила Трухина
со свадьбой: артист в этот день женился на своей подруге Анне Нестерцовой. Зрители разразились криками «Горько!».
Впрочем, праздничное настроение раздаче призов не помешало. Главную актерскую номинацию «Маска Zorro» получил
Анатолий Белый
(признан в РФ иностранным агентом) («Человек-подушка»).
В номинации за лучшую комедийную женскую роль - «Улыбка Ж» - победила
Ирина Гринева
(«Орнитология»), премию «Улыбка М» получил
Виталий Хаев
(«Фигаро. События одного дня»), почетная премия «Патриарх» досталась руководителю РАМТ
Алексею Бородину
.
В номинации за лучший актерский ансамбль приз присудили спектаклю
Кирилла Серебренникова
«Человек-подушка» (МХАТ им .Чехова).
Несмотря на то, спектакль «Тартюф», поставленным в Ленкоме режиссером
Владимиром Мирзоевым
, выдвинули в восьми номинациях, при раздаче наград явных фаворитов не оказалось.
Обладателями премии стали также актеры
Кирилл Плетнев
,
Анна Дубровская
,
Евгений Редько
,
Сергей Чонишвили
,
Ирина Пегова
,
Константин Богомолов
, критик Дина Годер, художники Зиновий Моргулин, Наталья Войнова.
Церемония закончилась заполночь и многие зрители отправились продолжать праздник в клубе «Реставрация».
Театральную премию «Чайка» придумал тогдашний генеральный продюсер канала ТВ-6
Иван Демидов
в декабре 1996 года. Вручается премия по 19-ти номинациям, в том числе, - «Господин оформитель» - лучшее оформление спектакля, «Pret-a-porter» - лучший художник по костюмам, «Злодей» - лучший отрицательный образ, «Некоторые любят погорячее» - лучшая откровенная (эротическая) сцена, не выходящая за рамки вкуса, «Сделай шаг» - премия режиссеру за нетрадиционное прочтение классического произведения и «Патриарх» - почетная премия за вклад в развитие театрального искусства.
В поле зрения премии в первую очередь попадают самые «нашумевшие» и кассовые спектакли, так называемый «мейнстрим». В разные годы лауреатами премии становились
Олег Ефремов
, Марк Захаров,
Олег Табаков
,
Петр Фоменко
,
Роберт Стуруа
,
Лев Додин
,
Гия Канчели
.
Премию «Чайка» называют самой веселой еще и потому, что ее церемония по жанру напоминает театральный капустник, и потому, что вручение премии традиционно проводится в канун Нового года.",2007-12-26,https://www.gazeta.ru/news/culture/2007/12/26/n_1157420.shtml
В центре Москвы ограничат движение в связи с подготовкой к новому году,"Движение транспорта на улицах Москвы будет ограничено 26, 27 и 31 декабря на время проведения праздничных мероприятий, посвященных встрече Нового года, сообщил в понедельник сотрудник столичного
ГИБДД
. По его словам, 26 декабря пройдет Общероссийская новогодняя елка в Государственном Кремлевском Дворце.
«Движение будет ограничено по Васильевскому спуску, Большому Москворецкому мосту и Москворецкой улице с 9.00 мск и до окончания проведения новогодней елки»,- сказал он.
27 декабря пройдет Новогодний прием в Гостином дворе, движение будет затруднено на улицах Ильинка, Варварка и Васильевский Спуск. «В новогоднюю ночь движение будет ограничено на улицах Тверская, Ильинка, Моховая, Мясницкая, Охотный Ряд, в Театральном и Лубянском проездах», - сказал милиционер.
Столичная госавтоинспекция просит водителей выбирать пути для объезда по улицам Воздвиженка, Новый Арбат, Маросейка, Солянка, Большая Никитская, Садовое Кольцо и Никитский бульвар.",2007-12-26,https://www.gazeta.ru/news/auto/2007/12/26/n_1157396.shtml
Ржига: о неуважении к гимну России речи нет,"Наставник московского хоккейного
«Спартака»
чех Милош
Ржига
рассказал в интервью
«Времени новостей»
, почему не появляется на тренерской скамейке во время исполнения перед матчами суперлиги национального гимна России.
«Это смешная ситуация, — заявил Ржига. — Перед первой игрой с «Торпедо» я просто не успел выйти из раздевалки. Начали играть гимн, и я простоял в коридоре с
Петром Воробьевым
. Мы же победили 2:1. И потому на матче с ЦСКА (2:4) я уже сознательно стоял на том месте во время гимна. Раз мы не выиграли, то в следующей встрече займу место на скамейке запасных, как все. Ни о каком неуважении речи нет. Обычное суеверие, которое бывает у всех спортсменов».",2007-12-26,https://www.gazeta.ru/news/sport/2007/12/26/n_1157392.shtml
Лавров: Россия не поддержит планы США по смене власти в Иране,"В Москве не исключают, что за планами США по размещению систем ПРО в Восточной Европе могут стоять цели сдерживания России и смены власти в Иране, заявил глава Сергей
Лавров
.
«У нас есть серьезнейшие оценки, что целью (размещения систем ПРО) является создание системы, направленной не на нейтрализацию гипотетических угроз из Ирана, а на сдерживание России. Мы готовы разделить цели, декларируемые США. Но для их достижения США используют методы, заставляющие думать, что цель-то совсем другая», - говорится в интервью Лаврова газете «Время новостей», которое будет опубликовано в номере за среду.
Отвечая на вопрос, может ли быть еще одной целью Вашингтона смена иранского режима, Лавров сказал: «Думаю, это попутная цель».
«Если, продвигаясь к заявленным целям, наши американские партнеры будут преследовать цель смены режима (в Иране), то это будет некорректное партнерство. Это будет подмена понятий, и мы будем против этого выступать», - подчеркнул глава
МИД
.",2007-12-25,https://www.gazeta.ru/news/lenta/2007/12/25/n_1157273.shtml
Букмекеры: Шарапова — одна из главных фавориток Australian Open,"Россиянка Мария
Шарапова
является одной из главных фавориток Открытого чемпионата Австралии по теннису, который пройдет в Мельбурн-Парке с 14 по 28 января. Об этом свидетельствуют котировки авторитетной букмекерской конторы William Hill.
Коэффициент на победу Шараповой равен 6,50, и это второй показатель во всем списке. Первый — у лидера мирового рейтинга Жюстин Энен из Бельгия — 2,37.
Помимо Марии в список 21 потенциальной победительницы турнира входят еще 5 россиянок.
Светлана Кузнецова
имеет 10-й по величине коэффициент — 21,
Анна Чакветадзе
— 11-й (26), а
Надежда Петрова
— 13-й (51). Победа
Елены Дементьевой
в турнире кажется еще менее вероятной (коэффициент равен 67), а у
Марии Кириленко
, наряду со швейцаркой
Патти Шнидер
, самый низкий показатель — 126.
Отечественные теннисисты в число фаворитов Открытого чемпионата Австралии по теннису не входят. По мнению букмекеров, из россиян наибольшие шансы выиграть первый в сезоне турнир серии Большого Шлема имеет
Николай Давыденко
. Коэффициент на его победу равен 51. Для сравнения, у явного фаворита предстоящего турнира — швейцарца Роже Федерера — эта цифра равна 1,57, а у серба
Новака Джоковича
, у которого второй по величине коэффициент — 7.
Чемпион АО-2005
Марат Сафин
не является фаворитом и занимает в этом рейтинге только 17-е место, а коэффициент на его общую победу составляет 101. Коэффициенты других отечественных теннисистов и того ниже. Так, у
Михаила Южного
,
Игоря Андреева
и
Дмитрия Турсунова
он равен 151.
Об этом сообщает РИА «Новости».",2007-12-25,https://www.gazeta.ru/news/sport/2007/12/25/n_1157271.shtml
Сторонники Патаркацишвили заявляют о монтаже аудиозаписи с компроматом,"Представители избирательного штаба кандидата в президенты Грузии Аркадия (Бадри) Патаркацишвили заявляют, что обнародованная во вторник
компрометирующая аудиозапись
является смонтированной.
Сторонники Патаркацишвили пообещали, что полная запись разговора известного бизнесмена с
Ираклием Кодуа
будет обнародована 26 декабря.
По словам представителя избирательного штаба Патаркацишвили Гочи Джоджуа, «мы располагаем своим вариантом аудиозаписи между Патаркацишвили и Кодуа, которая не совпадает с версией, распространенной
генпрокуратурой
».
«Нам известно, что Кодуа только один раз встречался с Патаркацишвили в Лондоне, и существует только одна аудиозапись, которую мы можем представить», - сказал Джоджуа.
Как заявил на брифинге во вторник заместитель генерального прокурора Грузии Николоз Гварамия, в обнародованной генпрокуратурой аудиозаписи разговора бизнесмена с Ираклием Кодуа Патаркацишвили обсуждает его участие в планах по дестабилизации ситуации в Грузии после выборов 5 января.",2007-12-25,https://www.gazeta.ru/news/lenta/2007/12/25/n_1157257.shtml
Первый музей архитектуры эпохи модерна открылся в Ульяновске,"Первый в России музей архитектуры эпохи модерна открылся в Ульяновске. Экспозиция музея посвящена трем известным архитекторам Августу Шодэ, Федору Ливчаку и Феофану Вольсову, которые создавали проекты зданий в стиле модерн в конце XIX - начале XX веков, в предреволюционную эпоху в истории города.
По их проектам строились дома в Симбирске (бывшее название Ульяновска) и других городах. Экспозиция расположена в бывшем особняке барона фон Брадке, в доме, который сам по себе является ярким образцом стиля модерн.
Усадьба в начале XX века была перестроена по проекту Августа Шодэ. Поскольку выбранный стиль многоплановый, то все детали в пространстве музея ему соответствуют. Художники, реставраторы сделали по заказу шторы, рамы, стеллажи, лепнину, витражи. «Здесь очень много вещей прошлого века, причем они местного происхождения: костюмы, керамика, стекло, серебро, вещи из металла», - сказала сотрудник музея
Ольга Тюрина
.",2007-12-25,https://www.gazeta.ru/news/culture/2007/12/25/n_1157218.shtml
В Москве парализовано движение на Садовом кольце,"В Москве из-за большого количества автотранспорта практически остановилось движение на всей протяженности Садового кольца.
Движение парализовано в районе Смоленской и Октябрьской площадей, площадей Павелецкого и Таганского вокзалов.",2007-12-25,https://www.gazeta.ru/news/auto/2007/12/25/n_1157179.shtml
Сладкоежку Шарапову ждет в Сингапуре шоколадное пиршество,"Российская теннисистка Мария Шарапова, которая известна своим пристрастием к шоколаду, сможет сполна утолить его в предновогоднюю неделю в Сингапуре, где 30 декабря она проведет выставочный матч со своей соотечественницей Анной
Чакветадзе
. Об этом местным СМИ рассказал один из устроителей матча, по словам которого отход от обычно достаточно строгой диеты 20-летней россиянки будет продиктован тем, что сладкоежку
Шарапову
в ее азиатском турне не будет сопровождать ее отец.
«Как только она узнала, что ее отец не поедет с ней, она сообщила нам, что ей хочется шоколада, — приводит РИА «Новости» слова представителя компании Entertainment Group Limited, которая организует сингапурское рандеву Шараповой и Чакветадзе. — Она известная сладкоежка, так что мы организуем для нее специальный шоколадный буфет».",2007-12-25,https://www.gazeta.ru/news/sport/2007/12/25/n_1157150.shtml
Потушен пожар на Кунцевском рынке,"Крупный пожар
на рынке в подмосковной Немчиновке ликвидирован, сообщил представитель
МЧС
Московской области. Общая площадь возгорания на Кунцевском рынке превысила полторы тысячи квадратных метров. «В результате пожара выгорела значительная часть торговых палаток, расположенных на Московской улице поселка», - сказал источник.
Причины возгорания и материальный ущерб от пожара устанавливаются.",2007-12-25,https://www.gazeta.ru/news/auto/2007/12/25/n_1157144.shtml
Лучшим футболистом России стал Зырянов,"Лучшим футболистом России в 2007 году стал полузащитник санкт-петербургского «Зенита» и национальной сборной России по футболу Константин
Зырянов
. Об этом
РИА «Новости»
рассказал президент Российского футбольного союза (
РФС
) Виталий
Мутко
.
«Решение о том, что Зырянов признан лучшим футболистом года уже утверждено исполкомом РФС и я его полностью поддерживаю», — отметил Мутко.
Зырянов признан лучшим футболистом России 2007 года по итогам опроса представителей футбольных клубов. На вопросы анкеты отвечали президенты и главные тренеры команд. По словам Мутко, при утверждении Зырянова в качестве обладателя этого приза никаких возражений у членов исполкома не было.
Перед началом футбольного сезона 2007 года воспитанник пермского футбола Константин Зырянов, которому в октябре исполнилось 30 лет, перешел из московского «Торпедо» в
«Зенит»
, в составе которого стал чемпионом России. Всего в 2007 году полузащитник провел за «Зенит» 43 матча, в которых забил 13 мячей (в чемпионате - 30 матчей и 9 мячей).
Зырянов дебютировал в сборной России 26 мая 2006 года. В отборочном турнире Евро-2008 он провел в составе российской сборной 7 матчей.",2007-12-25,https://www.gazeta.ru/news/sport/2007/12/25/n_1157137.shtml
В новогоднюю ночь «Камеди Клаб» перевоплотится в собственных фанаток,"Новогоднее меню телеканала ТНТ компенсирует нездоровое влияние затяжного застолья, заверили в пресс-службе телеканала.
На «закуску» зрителям будет подана «Убойная лига», а саму новогоднюю ночь канал предлагает провести с участниками популярного шоу «Камеди клаб».
Главное блюдо новогоднего эфира будет подано за час до полуночи. Резиденты предстанут перед зрителями в довольно необычном для себя виде.
Павел Воля
,
Тимур Родригез
, сестры Зайцевы и прочие популярные персонажи с помощью гримеров и костюмеров радикально изменят имидж. В ход пойдут платья, макияж и высокие каблуки.
«Зрителей и гостей будут поздравлять фанатки, которых будут изображать сами ребята», - рассказала ежиссер Ксения Чашей.
Он огласил весь список преображенных: Эпатажная Оля в узнаваемом стиле Павла Воли отпустит острые шпильки в адрес гостей. Несравненная Геннадий и лучезарная Олег, фанатки певиц Славы и Максим, будут строить глазки своим кумирам и исполнять куплеты, а Наташа «Турция» Петрова и Света «Стерва» Николаева признаются в любви к резидентам от имени всех поклонниц «Комедии Клаб».",2007-12-25,https://www.gazeta.ru/news/culture/2007/12/25/n_1157133.shtml
На Первом канале с 1 января появится новое пародийное шоу без политики,"Пародийное шоу «Большая разница», показы которого на Первом канале начинаются с 1 января, сделано в новом для российского телевидения формате, рассказал продюсер и ведущий шоу
Александр Цекало
.
«Это очень дорогой и качественный, а главное новый телеформат, сделанный целиком и полностью под российского зрителя. От существующих скетч-шоу и музыкально-пародийных передач новый проект отличается тем, что задействует пародийный жанр во всем его многообразии», - пояснил Цекало.
Он добавил, что новая передача не лицензионный, а придуманный и выстраданный отечественный продукт.
Суть проекта, по словам продюсера, в участии живого зрителя, на котором «отрабатывается» значительная часть пародий.
«Мы приглашаем на съемки программы отечественных звезд, например
Ксению Собчак
,
Диану Арбенину
,
Ирину Чащину
,
Павла Буре
,
Дмитрия Нагиева
,
Гарика Мартиросяна
, и пародируем их. Потом смотрим за реакцией и обязательно награждаем», - рассказал Цекало.",2007-12-25,https://www.gazeta.ru/news/culture/2007/12/25/n_1157131.shtml
ГИБДД обещает не штрафовать водителей по мелочи 1 января,"Российские автоинспекторы не будут 1 января штрафовать водителей за незначительные нарушения правил дорожного движения, но намерены строго наказывать пьяных автолюбителей, сообщает пресс-центр
МВД России
.
«В качестве новогоднего презента нашим автолюбителям в первый день 2008 года автоинспекторы не будут их наказывать за незначительные нарушения», - говорится в сообщении.
При этом в МВД отмечают, что милиция не снизит требовательности на автодорогах, и люди не должны терять контроль над собой. «И в новогоднюю ночь нетрезвые автолюбители будут привлекаться к ответственности по всей строгости закона», - сказано в сообщении.",2007-12-25,https://www.gazeta.ru/news/auto/2007/12/25/n_1157086.shtml
Брат Жвании возглавил избирательный штаб Патаркацишвили,"Избирательный штаб кандидата в президенты Грузии Бадри
Патаркацишвили
на выборах 5 января возглавит Георгий Жвания, брат покойного премьер-министра
Зураба Жвании
. Об этом было объявлено на брифинге в штабе.
До последнего времени работой штаба руководил депутат парламента Валерий Гелбахиани. В понедельник Генпрокуратура Грузии объявила о том, что он подозревается в подготовке заговора с целью свержения конституционного строя.",2007-12-25,https://www.gazeta.ru/news/lenta/2007/12/25/n_1157103.shtml
Суд закрыл дело по иску семьи Сластиных,"Суд города Обь Новосибирской области во вторник прекратил слушания по иску родственников двух пассажиров, погибших в авиакатастрофе самолета А310 в Иркутске в июле 2006 года, жертвами которой стали 125 человек.
Как сообщила председатель суда Ирина Ступчикова, дело закрыто по просьбе самих истцов - семьи Сластиных из Улан-Удэ, у которых в авиакатастрофе погибли мать и дочь. Свою просьбу истцы мотивировали тем, что подали алогичный иск в суд Нью-Йорка, где зарегистрирован владелец самолета - корпорация Airbus Leasing. Они также отказались, чтобы их иск рассматривался в России.",2007-12-25,https://www.gazeta.ru/news/social/2007/12/25/n_1157096.shtml
Китай намерен обогнать США и Россию в медальном зачете на Играх-2008,"Китайские спортивные обозреватели убеждены, что на летних Олимпийских играх 2008 года в Пекине китайская сборная завоюет наибольшее количество медалей, оставив позади традиционных лидеров предыдущих Олимпиад — США и Россию.
Агентство «Синьхуа»
во вторник распространило комментарий, в котором дается прогноз возможных успехов китайских атлетов на Олимпиаде будущего года в сравнении с успехом китайской команды на Играх-2004 в Афинах.
Китайские спортивные комментаторы полагают, что на соревнования по настольному теннису в отличие от афинских Олимпийских игр, на которых китайские спортсмены получили три золотые медали, в Пекине они имеют все шансы завоевать 4 награды высшего достоинства.
Китайские гимнасты, считают спортивные журналисты, «нацелились на 6 золотых медалей в отличие от одной афинской». В качестве доказательства они приводят результаты последних двух чемпионатов мира, на которых китайские атлеты 5 раз завоевывали «золото», дважды -«серебро», и один раз -«бронзу».
Китайские мастера пулевой стрельбы намерены взять в Пекине 5 золотых медалей, в отличие от четырех в Афинах.
В тяжелой атлетике ожидания чуть скромнее — китайские Геркулесы планируют как минимум повторить свой результат на Играх в Афинах и завоевать 6 золотых медалей.
Большие надежды китайские спортсмены связывают и с такими олимпийскими видами состязаний, как легкая атлетика, гребля, женский волейбол, бокс, таэквандо, дзюдо, спортивная ходьба и т.д.
Успеху китайских спортсменов, полагают спортивные комментаторы, будут способствовать и китайские болельщики. В Пекине не спадает ажиотаж вокруг приобретения билетов на спортивные состязания Олимпийских игр-2008. Во время второго этапа продажи билетов на Олимпиаду Пекинский оргкомитет вынужден был ограничить прием заявок. К полудню в минувший понедельник, сообщили представители Оргкомитета, было получено 340 тысяч заявок на более чем 2 миллиона билетов. Принято решение продолжить практику, согласно которой при столь мощном ажиотажном спросе билеты второго этапа будут распределяться по принципу лотереи.
Большие ожидания связаны с прыжками в воду. В Афинах китайские атлеты получили 6 золотых медалей, а в Пекине рассчитывают иметь их больше, поскольку на чемпионате мира 2007 года в Мельбурне года китайской командой было завоевано 9 золотых медалей, сообщают
РИА «Новости»
.",2007-12-25,https://www.gazeta.ru/news/sport/2007/12/25/n_1157087.shtml
На территории воинской части под Петербургом найден труп младенца,"Сотрудники милиции Ломоносовского района Ленобласти проводят проверку по факту обнаружения тела младенца на территории военной части. Как стало известно корреспонденту АЖУРа, вчера, 24 декабря, на территории военной части, дислоцированной в районе поселка Большая Ижора, военнослужащими был обнаружен бесхозный пакет. В него было завернуто тело новорожденного мальчика.
Сейчас в военной части проводится расследование. Судебно-медицинской экспертизе предстоит установить причину смерти.",2007-12-25,https://www.gazeta.ru/news/lenta/2007/12/25/n_1157081.shtml
Дрессировщики Запашные представят новогоднюю программу,"Цирк братьев Запашных представит свою новую программу, подготовленную специально к новогодним праздникам на Малой спортивной арене спорткомплекса «Лужники» с 28 декабря по 13 января , сообщили организаторы выступлений, которых предусмотрено рекордное количество - 40 спектаклей.
«В представлении задействованы 40 артистов, а также 10 тигров, 3 льва, 8 собак, 6 попугаев и 4 лошади, которые, превратят Дворец Спорта в Город Мечты, где люди, подобно птицам, парят в воздухе, тигры и львы послушны, как ягнята, собаки и лошади ходят на двух ногах, а попугаи по-человечьи мудры и по-рыбьи молчаливы», - сообщили организаторы.
В шоу будут задействованы самые современные технологии. Лазерные трюки и пиротехнические эффекты, оптические иллюзии и потоки неонового света создадут настоящую визуальную мистерию всех цветов радуги. Три огромных экрана, установленных на Малой спортивной арене в «Лужниках», позволят в мельчайших подробностях рассмотреть чудеса, которые Аскольд и Эдгард Запашные, словно пришедшие из древних скандинавских саг, творят с хищниками.
Аскольд продемонстрирует уникальный, унаследованный от отца Вальтера, трюк, занесенный в книгу рекордов Гиннесса, и не повторенный никем в мире. Под напряженную барабанную дробь на арене появится царь зверей с всадником на спине и совершит прыжок с одного гигантского колеса на другое. На подготовку этого трюка братьям понадобилось полтора года.
Вскоре полноправными членами труппы Цирка братьев Запашных станут два белых львенка-альбиноса Фрэнк и Джон, названные в честь Фрэнка Синатры и
Джона Леннона
. Ни в одном цирке мира нет белых львов. В будущем они должны превратиться в огромных хищников, значительно превосходящих размерами своих желтых собратьев.",2007-12-25,https://www.gazeta.ru/news/culture/2007/12/25/n_1157071.shtml
За 2007 год бензин в США подорожал на 8%,"В 2007 году в Соединенных Штатах бензин, в среднем, подорожал на 8% или 21 цент, что вызвано ростом цен на нефть. В этом году его средняя цена равнялась $2,7878 за галлон (3,78 литра), а в прошлом - $2,5730.
Исследователи фиксировали цены примерно на 7000 заправочных станций на территории США. В течение года цены на бензин росли вслед за ценой на нефть, которая в конце 2006 года составляла $60 за баррель, а в конце 2007 года – более $90 за баррель. 21 декабря обычный неэтилированный бензин продавался, в среднем, по $0,80 за литр, примерно на 3,23 цента дороже, чем 7 декабря и на 68 центов дороже, чем год назад. Так как за последние недели неочищенная нефть сильно подорожала, цены на горючее также могут резко подскочить. Это может произойти как в ближайшем будущем, так и в начале февраля.
Самое дорогое топливо в городе Сан-Франциско, штат Калифорния, где галлон неэтилированного бензина стоит $0,90, а самое дешевое – в Талсе, Оклахома, где цена за литр составляет $0,73.",2007-12-25,https://www.gazeta.ru/news/auto/2007/12/25/n_1157067.shtml
За 2007 год бензин в США подорожал на 8%,"В 2007 году в Соединенных Штатах бензин, в среднем, подорожал на 8% или 21 цент, что вызвано ростом цен на нефть. В этом году его средняя цена равнялась $2,7878 за галлон (3,78 литра), а в прошлом - $2,5730.
Исследователи фиксировали цены примерно на 7000 заправочных станций на территории США. В течение года цены на бензин росли вслед за ценой на нефть, которая в конце 2006 года составляла $60 за баррель, а в конце 2007 года – более $90 за баррель. 21 декабря обычный неэтилированный бензин продавался, в среднем, по $0,80 за литр, примерно на 3,23 цента дороже, чем 7 декабря и на 68 центов дороже, чем год назад. Так как за последние недели неочищенная нефть сильно подорожала, цены на горючее также могут резко подскочить. Это может произойти как в ближайшем будущем, так и в начале февраля.
Самое дорогое топливо в городе Сан-Франциско, штат Калифорния, где галлон неэтилированного бензина стоит $0,90, а самое дешевое – в Талсе, Оклахома, где цена за литр составляет $0,73.",2007-12-25,https://www.gazeta.ru/news/business/2007/12/25/n_1157120.shtml
В Третьяковской галерее откроется выставка ее бывшего директора,"Ретроспективная выставка Юрия Королева, который был директором Третьяковской галереи в период с 1983 по 1992 год, открывается в понедельник в выставочном зале в Толмачах, сообщила
РИА Новости
его вдова, заведующая отделом живописи ХХ века ГТГ Татьяна Ермакова.
«В ретроспективную экспозицию вошли около 70 графических произведений, созданных
Королевым
в разные годы жизни», - рассказала она.
По словам Ермаковой, в этих работах посетители смогут увидеть «классическую школу рисунка», характерным признаком которой является четкая форма объектов.
Проследить ее можно будет, например, на графических листах с изображением Парижа, Праги, Братиславы.
«Он много путешествовал, любил рисовать старинную архитектуру городов, но обязательно с приметами современной жизни», - пояснила Ермакова.
По ее мнению, это придает классическим видам необычное звучание.
Кроме того, в экспозицию включены шаржи, созданные Королевым в Республиканской клинической больнице, где, по словам вдовы, в последние годы жизни он проводил много времени.
«В первую очередь Королев известен как художник-монументалист, но в эту выставку не включены его подготовительные произведения, посвященные данному виду творчества», - сказала Ермакова.
Планируется, что более широкая ретроспектива состоится в 2009 году, в год 80-летия со дня рождения художника.",2007-12-25,https://www.gazeta.ru/news/culture/2007/12/25/n_1157042.shtml
Московскому театру «Et-Cetera» исполняется 15 лет,"Московский театр «Et-Cetera» празднует 25 декабря свой юбилей премьерным показом спектакля «451 по Фаренгейту», традиционным «Капустником» и застольем, рассказал его директор, известный актер театра и кино Александр
Калягин
.
«Я бы хотел сразу поправить: мы отмечаем свой 15-й день рождения, - сказал Калягин в интервью
РИА Новости
. - Юбилей, это когда тебе уже 50, 60. Правда, если верить Немировичу-Данченко, предрекавшему театрам смерть уже лет через 10, то до таких юбилеев театры не доживают».
На взгляд Калягина, великий драматург, скорее всего, имел в виду недолговечность идеи, которая исчерпывает себя уже через 10-12 лет, отыгрывается направление, которому театр следовал. «И начинается период, когда необходимо обновление, - продолжил он. - Кто-то начинает открывать студии, кто-то внедряет новые режиссерские, актерские силы. 15 лет театру - это не много и не мало, это ровно столько, чтобы понять - ребенок вырос, будет развиваться нормально, у него впереди есть перспективы».
Жизнь театра, по мнению худрука, измеряется спектаклями. Некоторым из них сопутствует удача, а некоторым, к сожалению, и нет.
«Как сказал Мейерхольд, «репертуар - это лицо театра», вот ты и следишь, чтобы удивлять «лица не общим выражением». Мы ищем пьесы, которые еще не были разгаданы отечественным театром. Впервые на нашей сцене были показаны «Король Убю» Альфреда Жарри, перевели на сценический язык прозу Булгакова «Морфий», показали пьесу канадского режиссера ливанского происхождения Важди Муаавада «Пожары», а сейчас обратились к фантастической повести Брэдбери «451 по Фаренгейту», - описал достижения своего театра Калягин.
Не без гордости директор театра отметил, что с «Et-Cetera» работали такие крупные мастера, как
Роберт Стуруа
,
Александр Морфов
,
Адольф Шапиро
,
Дмитрий Бертман
, Григорий Дитяковский, Оскарас Коршуновас и другие. «Каждый из них приходит со своим стилем со своей методикой, своим мышлением. И это замечательно, потому что актеры нашей труппы имеют возможность проходить разные режиссерские школы».
Сам Калягин не стремится к режиссерским лаврам, но в прошлом году одна из премьер принадлежала ему, а именно вышла в его постановке пьеса «Подавлять и возбуждать».
«Это очень важная для меня работа. Драматург
Максим Курочкин
специально написал пьесу про актеров для «Et-Cetera», о странном типе, человеке, которому удается за жизнь прожить сотни сюжетов. Если вновь возникнет непреодолимое желание поведать о том, что болит, то может быть я и вновь возьмусь за режиссуру. И не обязательно о том, что болит. Театр должны быть разным, здесь все возможно, кроме бессмыслицы - вот моя формула», - заявил Калягин.
Одним из главных событий в истории театра, стал его переезд в новое здание. Многоликий многообразный мир сценического искусства нашел отражение в архитектуре нового пространства. Театральная игра начинается сразу, еще на подходах зрителя к театру и дальше, когда он переступает порог и видит лестницы и фойе, оформленные на каждом этаже по разному. Ложи в зале названы знаковыми именами «Митрофанушка», «Тартюф», «Фальcтаф». «Да, мне в нашем здании нравится все, - признался Калягин. - Я же жил здесь неподалеку и мальчиком мечтал о театре. И вот моя мечта сбылась».
Что касается самого праздника, то, по традиции, каждый свой день рождения «Et-Cetera» отмечает премьерой. На этот раз это будет спектакль «451 по Фаренгейту» Рэя Брэдбери в постановке Адольфа Шапиро. Затем, как и полагается в театре, будет разыгран «Капустник» и все закончится праздничным застольем.",2007-12-25,https://www.gazeta.ru/news/culture/2007/12/25/n_1157041.shtml
Суд перенес процесс по иску директора Третьяковки к министру культуры,"Таганский суд Москвы перенес на 27 декабря процесс по иску директора Третьяковской галереи (ГТГ)
Валентина Родионова
к министру культуры РФ Александру
Соколов
у с требованием опровергнуть обвинение в коррупции в галерее, сообщила
РИА Новости
руководитель пресс-службы
Мосгорсуда
Анна
Усачева
.
«Досудебная подготовка по иску отложена на будущий четверг в связи с неявкой Родионова», - уточнила она.
Усачева сообщила, что в Таганский суд подано два иска - один от имени Родионова, а второй - от имени самой галереи, который также будет рассмотрен 27 декабря.
Поводом для иска о защите чести и достоинства послужила статья в
газете «Московский Комсомолец»
, где Соколов обвинил руководство Третьяковки в коррупции. Ранее Родионов сообщил, что он готов отозвать свой иск, если Соколов перед ним публично извинится. Однако министр культуры заявил, что не намерен этого делать.
Скандал разгорелся в связи с подготовкой зарубежной экспозиции выставки «Соц-Арт. Политическое искусство России с 1972 года до наших дней». Министр 8 октября выступил перед журналистами с заявлением, в котором раскритиковал выставку. Особое недовольство министра вызвала работа «Эра милосердия» дуэта «Синие носы»: изображение двух милиционеров, целующихся в березовой роще, он назвал «эротической картинкой».
Выставка «Соц-Арт» впервые была показана в Третьяковской галерее в рамках второго Московского биеннале современного искусства в марте 2006 года. Куратором российского и экспортного варианта выставки выступил руководитель отдела новейших течений Третьяковской галереи
Андрей Ерофеев
.",2007-12-25,https://www.gazeta.ru/news/culture/2007/12/25/n_1157040.shtml
«Ирония судьбы» Бекмамбетова собрала в прокате 7 миллионов долларов,"Фильм «Ирония судьбы. Продолжение» режиссера Тимура
Бекмамбетова
собрал за минувшие выходные в прокате 7 миллионов долларов
В российские кинотеатры было поставлено более девятисот копий фильма, пишет
газета «Время новостей»
.
Издание также отмечает, что в 1976 году оригинальный фильм
Эльдара Рязанова
«Ирония судьбы или с легким паром» после демонстрации по центральному телевидению в кинотеатрах посмотрели 7 миллионов человек.",2007-12-25,https://www.gazeta.ru/news/culture/2007/12/25/n_1157039.shtml
Демонтированный ж/д мост претендует на звание одного из 7 чудес России,"Красноярский железнодорожный мост претендует на звание одного из 7 чудес России. Он вошёл в число объектов, лучшие из которых станут основой для создания «золотого» туристического маршрута страны. Как сообщает корреспондент «Русской службы новостей», железнодорожный мост Красноярска через реку Енисей был построен ещё в XIX веке. Работа архитектора Кнорре была отмечена Гран-при наравне с Эйфелевой башней на всемирной выставке в Париже. Мост недавно демонтировали. Его фрагменты хранят в красноярском музее железных дорог. Тем не менее, железнодорожный мост оказался в списке из 21-го объекта, которые претендуют на звание одного из семи чудес России. В их числе также Красная площадь Москвы и Зимний дворец Санкт-Петербурга. Последний сейчас лидирует в голосовании, которое организовано известным журналом в Интернете. Красноярский железнодорожный мост пока на 15-м месте. Итоги подведут в июне следующего года. Организаторы определят «7 чудес России» по отзывам читателей. Эти достопримечательности будут включены в «Золотой маршрут». Он, по словам инициаторов идеи, поможет решить основную проблему российской туристической отрасли - недостаток информации о привлекательных местах для туризма.",2007-12-25,https://www.gazeta.ru/news/culture/2007/12/25/n_1157037.shtml
Несколько крупных развязок построят в Москве в 2008 году,"Власти Москвы планируют в 2008 году завершить строительство нескольких развязок на крупных магистралях, реконструировать Варшавского шоссе - от МКАД до Щербинки, а также ввести в эксплуатацию новый путепровод на Ленинградском шоссе, сообщила во вторник руководитель департамента экономической политики и развития города Марина
Оглоблина
.
«В 2008 году мы в полтора раза увеличиваем финансирование на строительство дорог. Так, в будущем году мы планируем завершить строительство развязки Ленинградского и Головинского шоссе, двух развязок в районе Митино, путепроводы на Ленинградском шоссе - в Зеленограде, окончить реконструкцию Варшавского шоссе - от МКАДа до Щербинки», - сказала Оглоблина на заседании правительства города.
По ее словам, большие объемы работ предстоят и в рамках реконструкции существующих и строительства новых дорог в районах массового жилищного строительства на севере и востоке Москвы, а также в районе Сити.
Кроме того, будут продолжены работы на четвертом транспортном кольце.
«Мы также планируем завершить строительство пешеходных переходов к Центральному парку у микрорайона 42 и 43 Марьинского парка, под Варшавским шоссе - у стадиона «Труд», на Боровском шоссе и на пересечении Севастопольского проспекта с улицей Дмитрия Ульянова», - сообщила руководитель департамента.
Она также рассказала, что для улучшения условий въезда населения из районов массовой жилой застройки планируется завершить реконструкцию Варшавского путепровода - на пересечении с Курским направлением Малого кольца железной дороги, построить участок магистрали Вешняки-Люберцы - от Проектируемого проезда 360 до Большой Косинской улицы. Кроме того, продолжится строительство второго выезда из района Куркино на МКАД, а также строители приступят к возведению дорог в поселке Северный.
«Также в будущем году начнутся работы по проектированию и строительству 11 пешеходных переходов в центре, семи - на юге, четырех - на севере, трех - на северо-востоке Москвы», - сказала Оглоблина.
По ее словам, уже начались работы по переносу площадки для размещения автобусов существующего автовокзала у станции метро «Щелковская» в промзону Калошино.
«В следующем году будет выделено 34 миллиарда рублей на строительство объектов Московского метрополитена, подлежащих вводу в 2009-2010 годах. Выделенные средства позволят сохранить хорошие темпы работ по строительству линии метро от Строгино в Митино, от Трубной площади - в Марьину рощу, а также начать работы по сооружению участка от Марьино для Красногвардейской», - рассказала руководитель департамента.
Кроме того,
власти города
продолжат работу по проектированию первоочередной линии скоростного трамвая, разработку схемы развития транспортной системы скоростного транспорта в столице.
В целях организации пассажирского движения на Малом кольце Московской железной дороги и создания внеуличной пассажирской магистрали протяженностью 54 километра будут завершены проектные работы по реконструкции первого участка пассажирского железнодорожного движения - от Пресни до Канатчикова.
Из бюджета 2008 года на дорожное хозяйство Москвы будет выделено 89,63 миллиарда рублей, сообщила руководитель департамента экономической политики.",2007-12-25,https://www.gazeta.ru/news/auto/2007/12/25/n_1157031.shtml
«Кающаяся Магдалина» Тициана выставлена на аукцион Sotheby's,"Знаменитая «Кающаяся Магдалина» кисти гения эпохи Возрождения Тициано Вечеллио, известного как Тициан, выставлена на аукцион Sotheby's в Нью-Йорке, сообщает торговый дом.
Предпродажная оценка хрестоматийного шедевра составляет от 4 до 6 миллионов долларов.
Магдалина Тициана, изначально написанная для испанского короля Филиппа II в 1560-е годы, мгновенно произвела такой фурор, что была продана за огромные по тем временам деньги - 100 золотых дукатов - одному итальянскому магнату.
Для монарха была создана вторая копия мастера, а всего известны как минимум три подобных портрета. Один из них находится в коллекции
Эрмитажа
с 1850 года и был выкуплен у семейства Барбариго, которое приобрело работу еще в 1581 году.
Картина, выставляемая на Sotheby's, принадлежит частному коллекционеру, имя которого не называется. А свою родословную эта «Кающаяся Магдалина» ведет, как предполагается, от коллекции 17 века, принадлежащей голландцу Мартину Кретцеру.
Портрет отреставрирован в 2001 году.
Накануне Нового года торговый дом отмечает небывалый спрос на полотна «старых мастеров».
«Спрос частных коллекционеров превзошел все ожидания», - говорится в пресс-релизе Sotheby's, выручка которого от подобных аукционов уже составила почти 300 миллионов долларов с начала года, что на треть выше прошлогоднего результата.",2007-12-25,https://www.gazeta.ru/news/culture/2007/12/25/n_1157032.shtml
В Ростове-на-Дону автомобиль сбил три бетонных столба,"Три бетонные опоры уличного освещения сбил водитель легкового автомобиля в ночь на вторник в Ростове-на-Дону, никто не пострадал, сообщил представитель пресс-службы областного департамента по предупреждению и ликвидации ЧС.
«Водитель автомобиля «ВАЗ-21014» около 00.20 на улице Лялюшенко врезался в бетонную опору, которая, падая, повалила еще две опоры», - сказал сотрудник пресс-службы.
По его словам, опоры перегородили проезжую часть. Сейчас на месте аварии работают энергетики, которые планируют восстановить освещение улицы к вечеру.",2007-12-25,https://www.gazeta.ru/news/auto/2007/12/25/n_1157023.shtml
Движение по Краснопресненскому проспекту в Москве будет открыто в последние дни декабря,"Движение по участку Краснопресненского проспекта от МКАД до проспекта Маршала Жукова в Москве будет открыто в последние дни декабря 2007 года, сообщил источник в городской администрации.
«Этот участок Краснопресненского проспекта включает 3в себя два уникальных объекта: первый в Москве вантово-пилонный мост и северо-западные тоннели. При чем вантово-пилонный мост будет самым высоким в Европе», - рассказал чиновник. Автомагистраль пройдет от МКАД до проспекта Маршала Жукова, затронет районы Крылатское, Хорошево-Мневники на западе и северо-западе столицы.
При вводе в эксплуатацию участка от МКАД до проспекта Маршала Жукова была проведена реконструкция ряда городских улиц, заменено уличное освещение, установлены шумозащитные экраны. На протяжении нового проспекта будет установлен пост
ДПС
, пожарное депо, построят три пешеходных перехода на Крылатсткой и Живописной улицах, а также в Лыковском проезде. Полное завершение строительства Краснопресненского проспекта по словам мэра Москвы намечено на 2008 год.",2007-12-25,https://www.gazeta.ru/news/auto/2007/12/25/n_1157008.shtml
General Motors отзывает почти 276 тыс. автомобилей в США,"Корпорация General Motors объявила, что бесплатно починит 275936 проданных в Соединенных Штатах Кадиллаков, Понтиаков и Сатурнов. Она устранит техническую неисправность, которая может стать причиной потери управления.
Компания просит вернуть автомобили, произведенные в 2005-2007 году, в том числе Cadillac CTS, CTS-V и седаны STS, STS-V, модели кроссоверов Cadillac SRX, модели Pontiac Solstice 2006-2007 годов и модель Saturn Sky нынешнего года выпуска. По сообщению пресс-секретаря GM Кэролайн Маки, затвор на шестерне задней оси может пропускать жидкость, из-за чего колеса могут перестать вращаться. Эта неисправность стала причиной одной аварии.",2007-12-25,https://www.gazeta.ru/news/auto/2007/12/25/n_1156989.shtml
Площадь пожара в центре Москвы более 2 тыс. кв. м,"Площадь пожара, вспыхнувшего вечером в понедельник в находящемся на реконструкции здании по адресу: Большой Гнездниковский переулок, дом 3, в районе станции метро «Пушкинская», превысила 2 тыс. кв. м, сообщил
РИА Новости
источник в
МЧС
Москвы.
Людей в реконструируемом восьмиэтажном доме нет. Пожару присвоен второй номер сложности по пятибалльной шкале.
По данным МЧС, на месте происшествия работают более 20 пожарных расчетов. Сведений о пострадавших нет.
Как сообщает «Интерфакс», в результате пожара в центре Москвы эвакуации подверглись более 50 рабочих строительной компании.",2007-12-25,https://www.gazeta.ru/news/lenta/2007/12/25/n_1156875.shtml
"Осужден водитель, врезавшийся в телестудию в США","Водитель минивэна, который прервал выпуск новостей в прямом эфире местного телеканала тем, что врезался в застекленную студию, осужден в понедельник за неосторожную езду.
25-летний Джеральд Ричардсон въехал в здание телестудии в ночь воскресенья. Позже его сестра сообщила, что у него есть проблемы с психикой. В результате аварии никто не пострадал, водитель был арестован на месте.",2007-12-25,https://www.gazeta.ru/news/lenta/2007/12/25/n_1156871.shtml
Милиционер поймал наркокурьера при ДТП в Саратовской области,"Милиционер задержал в Саратовской области наркокурьера с крупной партией героина общим весом более 2,5 кг, сообщил в понедельник сотрудник пресс-службы
областной прокуратуры
.
«Курьезность ситуации заключалась в том, что поводом и основанием к возбуждению уголовного дела стало столкновение автомашины наркокурьера - жителя Казани с автомобилем под управлением сотрудника милиции Калининского
ОВД
», - сказал сотрудник пресс-службы.
В результате аварии из-под левого переднего колеса выпал пакет с героином весом более 609 гм. Во время осмотра места происшествия между крылом и брызговиком автомобиля милиционер обнаружил еще три пакета с героином.
«Общая масса изъятого наркотика составила 2,6 кг, что, согласно заключению экспертизы, является особо крупным размером», - отметил собеседник.
Уголовное дело, возбужденное по части 2 статьи 228 УК (незаконные приобретение, хранение, перевозка, изготовление, переработка наркотических средств, психотропных веществ или их аналогов), направлено в суд.
Эта статья предусматривает наказание в виде лишения свободы от трех до десяти лет.",2007-12-24,https://www.gazeta.ru/news/auto/2007/12/24/n_1156828.shtml
В Ираке погиб грузинский военнослужащий,"В иракском городе Алькут в результате автоаварии погиб грузинский военнослужащий — помощник пулеметчика капрал Джамбул Мгеладзе.
Мгеладзе находился на службе в рядах ВС Грузии с 2005 года. С марта 2007 года он был направлен в Ирак для выполнения миротворческой миссии в составе коалиционных сил.
Как сообщили в минобороны Грузии в понедельник, автоавария произошла 21 декабря, расследование факта ДТП ведет департамент военной полиции Грузии при помощи американской стороны.",2007-12-24,https://www.gazeta.ru/news/lenta/2007/12/24/n_1156815.shtml
Марадона хочет познакомиться с Ахмадинежадом,"Легендарный футболист Диего
Марадона
планирует приехать с визитом в Иран, чтобы лично познакомиться с президентом Махмудом
Ахмадинежадом
, сообщает РИА «Новости».
По информации агентства, Марадона высказал такое пожелание в воскресенье вечером в ходе встречи с сотрудником иранской дипмиссии. Он подарил иранцу футболку со сделанной собственноручно надписью «Для народа Ирана».
«Я всем своим существом с иранцами, я говорю: я с народом Ирана!» — сказал на встрече Марадона. — Я уже познакомился с президентом Венесуэлы
Уго Чавесом
и лидером Кубы
Фиделем Кастро
, теперь мне надо познакомиться с вашим президентом Ахмадинежадом».",2007-12-24,https://www.gazeta.ru/news/sport/2007/12/24/n_1156808.shtml
Стосур снялась с Australian Open,"46-я ракетка мира австралийка
Саманта
Стосур была вунуждена сняться с Australian Open, сообщает
РИА «Новости»
.
Еще прошлым летом лучшая теннисистка Австралии боролась с различными вирусными заболеваниями. В сентябре она провела некоторое время в одной из больниц Флориды после того, как ей был поставлен диагноз: вирусный менингит, поразивший оболочку мягких тканей головного мозга.
В конце ноября 23-летняя Стосур вернулась в родной Куинсленд, чтобы приступить к первой стадии восстановления и подготовке к новому сезону. Однако в понедельник Саманта заявила, что болезнь не позволила ей набрать необходимую форму к старту нового сезона. Так что она снимется не только с Australian Open, но и с соревнований в родном для нее Голд-Косте, которые пройдут с 31 декабря.",2007-12-24,https://www.gazeta.ru/news/sport/2007/12/24/n_1156756.shtml
Абрахам вновь признан боксером года в Германии,"Чемпион IBF в среднем весе Артур
Абрахам
во второй раз подряд признан боксером года в Германии. Таковы результаты ежегодного опроса, проводимого немецким журналом BoxSport, сообщает РИА «Новости».
Абрахам набрал 886 голосов, что на 286 больше, чем у чемпиона IBF в супертяжелом весе Владимира
Кличко
. Кроме Кличко, Абрахам опередил также Золта Эрдеи,
Феликса Штурма
и
Себастьяна Сильвестра
.
«После того, как я сломал челюсть в поединке против Эдисона Миранды, я не представлял себе, как пройдет мое возвращение на ринг, однако три защиты титула сделали 2007 год очень успешным для меня», — сказал Абрахам, отметив, что эта награда является великолепным завершением года.
Тренер Артура Абрахама Улли Вегнер по результатам этого опроса был назван лучшим тренером года, причем он получил эту награду уже в пятый раз подряд.
«Очень большая честь стать тренером года в пятый раз подряд. Это очень значимо для меня, так как конкуренция сильно возросла. Я очень рад тому, что немецкие поклонники бокса высоко оценили мою работу», — сказал Вегнер.",2007-12-24,https://www.gazeta.ru/news/sport/2007/12/24/n_1156752.shtml
Алексий II поздравил папу римского с Рождеством,"Патриарх Московский и всея Руси
Алексий II
направил поздравления папе римскому
Бенедикту XVI
и главам других христианских церквей, празднующих Рождество по григорианскому календарю — в ночь с 24 на 25 декабря, сообщает отдел внешних церковных связей
Русской православной церкви
.
«Сердечно поздравляя Вас с Рождеством Христовым, желаю Вам изобильной милости от Родившегося Богомладенца, доброго здравия и помощи Божией в несении Вашего высокого служения», — сказано в послании Алексия II.
Как отметил патриарх, «в дни светлых рождественских торжеств на Небе и на земле радостно звучит ангельская песнь: «Слава в вышних Богу, и на земле мир, в человеках благоволение». Среди адресатов послания Алексия II, помимо понтифика, также архиепископ Кентерберийский
Роуэн Уильямс
, председатель Совета Евангелической церкви в Германии епископ Вольфганг Хубер, лидеры других церквей и христианских общин.
Как отмечает РИА «Новости», вместе с католиками Рождество в ночь с 24 на 25 декабря празднуют протестанты — лютеране, англикане, часть методистов, баптистов и пятидесятников, а также 11 из 15 поместных православных церквей мира, пользующихся новоюлианским календарем, который пока (до 2800 года) совпадает с григорианским.
Русская, Иерусалимская, Сербская, Грузинская православные церкви, афонские монастыри, а также католики восточного обряда и некоторые протестанты, живущие по юлианскому календарю, встретят Рождество Христово 7 января.",2007-12-24,https://www.gazeta.ru/news/lenta/2007/12/24/n_1156799.shtml
Обвиняемый в убийстве брата Кахи Каладзе получил 25 лет тюрьмы,"Тбилисский городской суд приговорил к 25 годам лишения свободы Левана Цинцадзе, обвиняемого в похищении и убийстве Левана Каладзе, брата известного футболиста
Кахи Каладзе
.
Как сообщает пресс-служба Тбилисского горсуда, Цинцадзе осужден по обвинению в совершении преступления, предусмотренного 143 статьей УК Грузии (незаконное пресечение свободы), 109 (умышленное убийство) и 181 (вымогательство).
Леван Цинцадзе 3 апреля был экстрадирован в Грузию из Санкт-Петербурга, где он скрывался от правосудия.
В убийстве Левана Каладзе подозревается также Теймураз Гагнидзе, который в данное время находится во французской тюрьме. Рассматривается вопрос его экстрадиции в Грузию.
Тбилисский городской суд 6 марта уже вынес приговор двум обвиняемым в убийстве Левана Каладзе. Давид Асатиани был приговорен к 25 годам лишения свободы, а второй обвиняемый — Мераб Амисулашвили, дело которого было объединено с делом Асатиани, — к пяти годам, поскольку он заключил процессуальное соглашение с
прокуратурой
и дал показания против Асатиани и других соучастников.
18-летний Леван Каладзе был похищен 23 мая 2001 года с целью получения выкупа. С тех пор похитители пять раз обращались к семье известного футболиста. Труп Левана Каладзе был обнаружен полицией 4 января 2006 года, сообщает
РИА «Новости»
.",2007-12-24,https://www.gazeta.ru/news/sport/2007/12/24/n_1156798.shtml
Вещи Шараповой будут проданы с молотка,"Организаторы выставочного теннисного турнира в Сингапуре решили извлечь выгоду абсолютно из всего, используя имя российской теннисистки Марии
Шараповой
. В ближайшее воскресенье в Сингапуре состоится выставочный матч, в котором Шарапова сыграет со своей соотечественницей
Анной Чакветадзе
.
«С некоторых пор у нас в стране появился огромный интерес к вещам, которые использовала Шарапова. Поэтому их продажу мы хотим организовать со вкусом», — заявил организатор турнира Джерри Го.
На аукцион будут выставлены те вещи, которыми будет пользоваться Шарапова в своей гостинице во время пребывания в Сингапуре. Это будет купальник, полотенца, шлепанцы, наволочки, простыни. Правда, пока неизвестно, будут ли эти вещи постираны перед тем, как стать лотами.
Отвечая на многочисленные просьбы фанатов россиянки, организаторы однозначно заявили, что туалетное сиденье из номера Шараповой на аукцион выставлено не будет.
Шарапова прибудет в Сингапур в пятницу. Этот визит станет для нее первым в эту страну. Она остановится в гостинице Fullerton. Президентские апартаменты стоимостью 4745 долларов в сутки для нее уже забронированы.
Распродажа вещей Шараповой стала возможной благодаря усилиям руководства пятизвездочной гостиницы, здание которой в колониальные времена служило
почтовым отделением
. Глава гостиницы распорядился отдать все вырученные от аукциона средства на благотворительные цели.
Об этом сообщает РИА «Новости».",2007-12-24,https://www.gazeta.ru/news/sport/2007/12/24/n_1156763.shtml
Тарпищев: Кузнецова и Шарапова поборются за первое место в рейтинге,"В новом теннисном сезоне Светлана
Кузнецова
и Мария
Шарапова
должны бороться за первое место в мировом рейтинге. Такое мнение в понедельник высказал президент Федерации тенниса России и капитан национальной сборной Шамиль
Тарпищев
.
«Кузнецова и Шарапова должны бороться за первое место. Они травмы залечили, так что ничего им не мешает. Кузнецова и в 2007 году могла стать первой, но немного не хватило», — заявил Тарпищев в интервью РИА «Новости».
Вместе с тем, Тарпищев затруднился назвать кого-то из российских теннисисток, кто будет прогрессировать больше других.
«У девочек много талантов. Совсем маленькая (Дарья) Гаврилова в своей возрастной категории (до 14 лет) выиграла абсолютно все в мире. Такого раньше не было. А из уже заявивших о себе может очень прибавить и (Вера) Звонарева, и (Динара) Сафина, и (Мария) Кириленко», — сказал Тарпищев.
Он подчеркнул, что очень многое будет зависеть от того, будут ли травмы или нет, а также от планирования тренировочного процесса, который осложняется наличием олимпийского турнира и, соответственно, уплотнением графика других стартов.
У мужчин Тарпищев спрогнозировал прогресс в игре и, соответственно, в рейтинге у
Михаила Южного
,
Дмитрия Турсунова
,
Игоря Андреева
. «Главное — уйти от ломки тренировочного процесса и от травм. В прошлом сезоне именно травмы помешали ребятам показать свой лучший теннис», — сказал Тарпищев.
А на вопрос о том, как себя проявит в 2008 году
Марат Сафин
, собеседник агентства ответил: «Если будет работать, то сможет сыграть лучше, чем в прошлом году. А пока он работает хорошо».
Новый сезон стартует 31 декабря. У женщин в этот день начнутся турниры в Голд-Косте (Австралия) и Окленде (Новая Зеландия), а у мужчин — в Аделаиде (Австралия), Дохе (Катар) и Ченнае (Индия).",2007-12-24,https://www.gazeta.ru/news/sport/2007/12/24/n_1156762.shtml
Тарпищев: наступающий сезон будет очень сложным,"Открытый чемпионат Австралии может негативно сказаться на подготовке женской сборной России к матчу первого круга Кубка Федерации с израильтянками. Так считает капитан российской команды Шамиль
Тарпищев
.
«Наступающий сезон будет очень сложным. Календарь будет спрессован из-за Олимпийских игр. Непростыми будут первые матчи в Кубке Дэвиса и Кубке Федерации. Сборная России вынуждена играть с израильтянками сразу после Australian Open. Получается, кто в Мельбурне дальше зайдет, у того будет меньше сил для матчей за сборную», — сказал Тарпищев в интервью РИА «Новости».
Открытое первенство Австралии завершится в Мельбурне 27 января, а матч со сборной Израиля пройдет в Тель-Авиве 2-3 февраля, то есть меньше чем через неделю.
Другая, но не менее сложная ситуация и с мужской сборной России, даже несмотря на то, что поединок 1/8 финала с сербами дружина Тарпищева проведет дома в московских «Лужниках».
«В матче Кубка Дэвиса против сербов мы должны играть на харде, хотя я бы предпочел грунт. Если мы постелем медленное покрытие в феврале, то выбьем наших игроков из колеи недели на три, так как в это время все турниры проходят на харде. А делать этого нельзя, так как им нужно бороться за рейтинговые очки, которые им нужны для попадания на олимпийский турнир в Пекин», — сказал Тарпищев.
Матч первого круга Кубка Дэвиса Россия — Сербия пройдет 8-10 февраля.",2007-12-24,https://www.gazeta.ru/news/sport/2007/12/24/n_1156758.shtml
Обвиняемый в убийстве брата Кахи Каладзе получил 25 лет тюрьмы,"Тбилисский городской суд приговорил к 25 годам лишения свободы Левана Цинцадзе, обвиняемого в похищении и убийстве Левана Каладзе, брата известного футболиста
Кахи Каладзе
.
Как сообщает пресс-служба Тбилисского горсуда, Цинцадзе осужден по обвинению в совершении преступления, предусмотренного 143 статьей УК Грузии (незаконное пресечение свободы), 109 (умышленное убийство) и 181 (вымогательство).
Леван Цинцадзе 3 апреля был экстрадирован в Грузию из Санкт-Петербурга, где он скрывался от правосудия.
В убийстве Левана Каладзе подозревается также Теймураз Гагнидзе, который в данное время находится во французской тюрьме. Рассматривается вопрос его экстрадиции в Грузию.
Тбилисский городской суд 6 марта уже вынес приговор двум обвиняемым в убийстве Левана Каладзе. Давид Асатиани был приговорен к 25 годам лишения свободы, а второй обвиняемый — Мераб Амисулашвили, дело которого было объединено с делом Асатиани, — к пяти годам, поскольку он заключил процессуальное соглашение с
прокуратурой
и дал показания против Асатиани и других соучастников.
18-летний Леван Каладзе был похищен 23 мая 2001 года с целью получения выкупа. С тех пор похитители пять раз обращались к семье известного футболиста. Труп Левана Каладзе был обнаружен полицией 4 января 2006 года.",2007-12-24,https://www.gazeta.ru/news/lenta/2007/12/24/n_1156725.shtml
"Дело против кемеровского милиционера, обвиняемого в убийстве, передано в суд","Уголовное дело по обвинению оперуполномоченного угрозыска районного
ОВД
Кемерова в убийстве одного человека и нарушении правил дорожного движения, повлекшем по неосторожности смерть трех человек, передано в Кемеровский областной суд, сообщил в понедельник сотрудник пресс-службы
областной прокуратуры
.
По его словам, следствие рпасполагает доказательствами, что вечером 29 сентября 2007 года на перекрестке улиц Инициативная и Попова в Кемерове 23-летний оперуполномоченный отдела уголовного розыска ОВД по Рудничному району, находясь в состоянии алкогольного опьянения, из служебного пистолета выстрелил в голову гражданину, от чего тот позднее скончался.
«Следствие полагает, что поводом к убийству послужила конфликтная ситуация на дороге. Обвиняемый скрылся с места происшествия на личном автомобиле, во время движения он не справился с управлением и сбил двух пешеходов - девушек 1991 и 1990 годов рождения, которых смертельно травмировал», - рассказал сотрудник пресс-службы.
Он добавил, что в результате автомобиль опрокинулся, находившийся в салоне сослуживец обвиняемого получил смертельные травмы.
Собеседник агентства сообщил, что милиционеру предъявлено обвинение по ч. 3 ст. 264 УК РФ (нарушение правил дорожного движения и эксплуатации транспортных средств, повлекшее по неосторожности смерть двух или более лиц), предусматривающей лишение свободы на срок до семи лет, и пункту «и» ч. 2 ст. 105 УК РФ (убийство из хулиганских побуждений), которая наказывается лишением свободы на срок до 20 лет либо пожизненным заключением.",2007-12-24,https://www.gazeta.ru/news/social/2007/12/24/n_1156703.shtml
Оркестр Михаила Плетнева исполнит обновленную версию «Щелкунчика»,"В новой версии «Щелкунчика», которую 25 и 26 декабря исполнит Российский Национальный оркестр на сцене Концертного зала им.
Чайковского
, текст будет читать
Олег Табаков
и увеличится число танцевальных номеров, рассказал в интервью дирижер Михаил Плетнев.
«Мы в этом году решили немного изменить нашу постановку, приблизить ее к замыслу хореографа Вайнонена, увеличить число танцевальных номеров и ввести новые сцены», - сказал руководитель Российского Национального оркестра (РНО) Плетнев.
Впервые рождественскую сказку Гофмана на музыку Петра Чайковского Михаил Плетнев поставил в 1994 году, соединив вместе музыку, балет и вокал.
Нынешняя музыкально-хореографическая постановка стала обновленным возрождением старой версии: в «Щелкунчике» текст от лица автора будет читать Олег Табаков, петь - детских хор «Весна» под управлением
Александра Пономарева
, а танцевать - солисты Московской государственной академии хореографии.",2007-12-24,https://www.gazeta.ru/news/culture/2007/12/24/n_1156695.shtml
Тобольск потратит 400 млн рублей на реставрацию объектов культуры,"Город Тобольск (Тюменская область) в 2008 году потратит более 400 миллионов рублей бюджетных средств на реконструкцию и реставрацию объектов культурного наследия, сообщил в понедельник сотрудник пресс-службы администрации города.
«На 2008 год запланирован большой объем работ по реконструкции и реставрации. По словам главы администрации города Ивана Оленберга, в 2008 году запланировано освоить на реставрацию и реконструкцию объектов культурного наследия Тобольска более 400 миллионов рублей бюджетных средств», - сказал собеседник агентства.
По его словам, в планах 2008 года - завершение реконструкции одной из важных магистралей города - улицы Октябрьская, а также ремонт улиц Доронина и Кондинская, а в подгорной части - улицы Ленина.
«На сегодняшний день вымощена брусчаткой Красная площадь, восстановлен Прямской взвоз, отреставрировано здание Рентереи, полностью завершена реконструкция улиц Ремезова и Люксембург, начался ремонт улицы Октябрьской, ведутся ремонтно-восстановительные работы на ряде кремлевских объектов, в Абалакском монастыре и на Преображенском храме в селе Преображенское», - рассказал собеседник агентства.",2007-12-24,https://www.gazeta.ru/news/culture/2007/12/24/n_1156694.shtml
Эксперт: в Москве не будет бензиновго кризиса,"В Москве не будет бензинового кризиса, подобного дальневосточному, заявил
РИА Новости
президент Московской топливной ассоциации
Евгений Аркуша
.
«Ситуация с проблемами поставки и отпуском топлива на Камчатке вообще не отразится на Москве», - сказал эксперт.
На АЗС Петропавловска-Камчатского из-за дефицита бензина его продажа ограничена 30 литрами «в одни руки». Высокооктановый бензин в понедельник на всех заправочных станциях продается по фиксированной цене 27 рублей за литр Аи-92 и 28 рублей - Аи-95. Продажа бензина в канистры и бочки не осуществляется.
«Во-первых, Москва находится очень далеко от Камчатки, во-вторых, у этих регионов разные схемы поставки топлива», - сказал президент Московской топливной ассоциации.",2007-12-24,https://www.gazeta.ru/news/business/2007/12/24/n_1156589.shtml
Немчинов: конфликтов с Варламовым не было,"Главный тренер молодежной сборной России по хоккею Сергей
Немчинов
в интервью
«Времени новостей»
рассказал, чем он руководствовался при выборе вратарей в команду, и почему в сборную не попал основной голкипер ярославского «Локомотива» Семен Варламов.
«За все время мы проверили шесть вратарей, — заявил Немчинов. — И я остановил свой выбор на двух голкиперах. Это
Сергей Бобровский
и
Станислав Галимов
. Я делал выводы на основании суперсерии против Канады, турнира в Финляндии и матчей чемпионата России. Да, Варламов имеет практику. Но я считаю, что эти два вратаря, которых мы вызвали, более надежны и стабильны. Конфликтов с
Варламовым
не было. Я беру тех, кому доверяю».",2007-12-24,https://www.gazeta.ru/news/sport/2007/12/24/n_1156574.shtml
"Джоан Роулинг заплакала, посетив квартиру, где придумала Гарри Поттера","Британская писательница
Джоан Роулинг
расплакалась во время посещения квартиры, где писала первый роман эпопеи о Гарри Поттере, сообщил в воскресенье британский телеканал «Скай ньюз».
В то время, когда у Роулинг лишь зарождался замысел первой книги о мальчике-волшебнике «Гарри Поттер и философский камень», она была матерью-одиночкой, еле-еле сводившей концы с концами на государственное пособие.
И вот теперь уже одна из богатейших женщин Великобритании Роулинг решила посетить квартиру в Эдинбурге, в которой жила в то непростое время и которая находится не так далеко от ее нынешнего роскошного дома.
Вытирая слезы, писательница призналась, что была потрясена, увидев на полках у новых жильцов книги о Поттере.
«Ой, посмотрите, книги о Гарри Поттере. Сейчас это так странно видеть. Ведь это комната, в которой я закончила писать роман «Гарри Поттер и философский камень»! — воскликнула Роулинг.
«Именно здесь я полностью перевернула свою жизнь. Моя судьба по-настоящему изменилась в этой квартире», — призналась писательница.
Трогательные кадры, запечатлевшие «возвращение» Роулинг на место возникновения замысла эпопеи о Поттере, британцы смогут увидеть в посвященном писательнице документальном фильме телеканала ITV1.",2007-12-24,https://www.gazeta.ru/news/culture/2007/12/24/n_1156568.shtml
Самыми прибыльными в 2007 году оказались гастроли группы The Police,"Турне воссоединенной британской рок-группы The Police признано самой прибыльной гастрольной поездкой в Северной Америке в 2007 году, сообщает в воскресенье
«Би-би-си»
.
Выступления
Стинга
(Sting) и группы в США и Канаде собрали 131,9 миллиона долларов. В ноябре музыканты The Police уже были удостоены премии Billboard Touring Awards за «Самые прибыльные гастроли» (Top Tour) и «Наиболее посещаемый тур» (Top Draw), где в расчет принималась заполненность залов на концертах, отмечает «Би-би-си».
На втором месте среди прибыльных гастролеров стоит Кенни Чесни. Третью строчку рейтинга занял тур
Джастина Тимберлейка
, за ним идут Селин Дион и Ван Хален. Певцы в стиле кантри
Тим МакГроу
и Файз Хилл (Tim McGraw and Faith Hill) разделили шестое место в 2007 году, за ними ветераны музыки
Род Стюарт
и Genesis. Эти данные были приведены экспертами американского отраслевого издания Pollstar.
Издание также определило категорию крупных концертов в США и Канаде за последние 12 месяцев. Этот список возглавляют Бэрри Манилоу (Barry Manilow) и Селин Дион (Celine Dion), билет на концерты этих звезд в среднем стоили 141 доллар.",2007-12-24,https://www.gazeta.ru/news/culture/2007/12/24/n_1156567.shtml
Сокровища «Золотого Холма» из кабульского музея покажут в Амстердаме,"Сокровища Телла-Тепе из Афганского национального музея будут экспонироваться на выставке в Амстердаме, сообщил журналистам представитель министерства информации и культуры Исламской Республики Афганистан.
По словам собеседника, в экспозиции выставки, которая будет проходить несколько месяцев, будут демонстрироваться более четырех тысяч предметов одного из самых древних захоронений, обнаруженных на территории Афганистана, возраст которого ученые оценивали в две тысячи лет.
В 1978 году совместная советско-афганская археологическая экспедиция обнаружила в провинции Джаузджан на севере Афганистана плоский холм диаметром около 100 метров, который местные земледельцы окрестили «Телла-Тепе», то есть «золотой холм».
Почему холм назвали золотым, выяснилось чуть позже, когда ученые, наткнувшиеся на остатки храма зороастрийцев, существовавшего там 3 тысячи лет назад, нашли в одной из стеновых выемок горсть мелких золотых монет.
В ходе дальнейших раскопок археологи обнаружили несколько захоронений, датированных двумя тысячами лет, в одном из них они нашли останки древней царицы, тайно захороненной в этом разрушенном храме огнепоклонников.
Советские и афганские ученые извлекли тогда на свет более 20 тысяч предметов - золотые чаши с узорами и чеканкой, пояса, богато украшенное холодное оружие. О возрасте находок красноречиво свидетельствовали найденные там же золотые монеты, отчеканенные при римском императоре Тиберии, который начал править Римом в 14 году нашей эры.
Золотые изделия, отличавшиеся богатым многообразием, принадлежат эпохе покорения мира
Александром Македонским
и его войны с персидским царем Дарием.
Ученые планировали дальнейшие исследования «Золотого холма», но их труды были прерваны вводом в страну в конце 1979 года ограниченного контингента советских войск. Война вплотную приблизилась к Телла-Тепе, и несметные сокровища были тогда перевезены в кабульский национальный музей.
Во время войны выставка сокровищ экспонировалась с огромным успехом в Советском Союзе, куда ученые и предлагали временно переправить экспонаты во избежание их разрушения или разграбления.
Спустя три года после вывода в 1989 году советских войск из этой страны, во время штурма Кабула группировками моджахедов, музей был сильно разрушен. Хранители древностей попытались спасти сокровища, переправив их в президентский дворец, но война пришла и туда.
В результате многие ценные экспонаты из чистого золота были разворованы. Уцелела лишь их небольшая часть.",2007-12-24,https://www.gazeta.ru/news/culture/2007/12/24/n_1156566.shtml
Скончался известный французский писатель Жюльен Грак,"Во Франции скончался известный писатель Жюльен Грак. Он умер 22 декабря в возрасте 97 лет. Последние годы писатель, чье настоящее имя было Луи Пуарье, уединенно жил в фамильном доме в деревне Анжер. Дом в долине Луары, где он появился на свет, Грак покинул лишь за несколько дней до смерти, когда его госпитализировали в местную больницу.
Писатель родился в 1910 году. В 1935 году он вступил в компартию и стал изучать русский язык в парижской Школе восточных языков. Но коммунистом французский писатель пробыл недолго - он вышел из партии в 1939 году, после того, как СССР заключил договор о ненападении с фашистской Германией.
В том же году Жюльен Грак опубликовал первый роман - «Замок Арголь» («Au chateau d'Argol»), действие которого происходит в уединенном замке в Бретани, где разворачивается жестокая история любви втроем. Эта книга, изданная за счет автора тиражом в 150 экземпляром, принесла Граку славу сначала в пределах Франции, а затем и по всему миру.
Роман восхитил лидера сюрреалистов
Андре Бретона
, с которым Жюльен Грак с тех пор поддерживал дружеские отношения. Писатель никогда не был официальным участником сюрреалистического движения, но его считают продолжателем традиций сюрреализма и немецкого романтизма.
В 1939 Жюльен Грак ушел на фронт, в 1940 году попал в немецкий плен. Он был демобилизован в 1941 году и преподавал в лицеях. Жюльен Грак не оставлял свой пост учителя вплоть до 1970 года, несмотря на успешную литературную карьеру. В 1951 году за роман «Побережье Сирта» («Le Rivage des Syrtes») он был удостоен Гонкуровской преми, но отказался от нее: за год до этого Грак опубликовал злой памфлет о литературных наградах и не счел возможным принять одну из них. В 1989-1995 годах полное собрание его сочинений вышло в серии «Плеяда» - прижизненно такой чести удостаивались очень немногие авторы. А «Замок Арголь» и другие его произведения были переведены на русский язык. Всего Грак написал 18 романов.
Премьер-министр Франции
Франсуа Фийон
(Francois Fillon), выражая в воскресенье соболезнования в связи с кончиной писателя, заявил: «мы потеряли здравомыслящего человека, независимый ум и ведущую фигуру французской литературы». Президент Франции
Николя Саркози
, в свою очередь, назвал Жюльена Грака одним из наиболее значимых авторов в новейшей истории Франции.",2007-12-24,https://www.gazeta.ru/news/culture/2007/12/24/n_1156562.shtml
Чак Норрис отстаивает свое доброе имя в суде,"Известный киноактер и мастер по карате
Чак Норрис
подал в суд на издательство Penguin Group Inc., выпустившее книгу Яна Спектра (Ian Spector) «Правда о Чаке Норрисе», сообщает
агентство Ассошиэйтед Пресс
.
Чак Норрис утверждает в исковом заявлении, что книга содержит «лживые факты», в которых, по мнению актера, он предстает жестоким расистом и правонарушителем.
Актер заявил, что не предоставлял ни автору, ни издателю права на использование его имени или изображения в коммерческих целях. Он намерен добиться отзыва книги из продажи, и требовать возмещения морального ущерба, нанесенного его репутации.
Чак Норрис (настоящее имя - Карлос Рей Норрис) сам является автором книг, он также широко известен по многочисленным фильмам. Актер был шестикратным, непобежденным чемпионом мира по профессиональному карате в среднем весе. Он единственный в Западном полушарии, кто удостоился в 1997 году черного пояса мастера восьмой степени по системе Tae Kwon Do.",2007-12-24,https://www.gazeta.ru/news/culture/2007/12/24/n_1156561.shtml
Новости дня,,2007-12-24,https://www.gazeta.ru/news/lastnews/2007/12/24/n_1156481.shtml
В Грузии избирательные кабины накроют прозрачной материей,"На внеочередных выборах президента Грузии 5 января все избирательные кабины сверху занавесят специальной прозрачной материей, отражающей свет. Это решение было принято накануне на заседании Центральной избирательной комиссии страны.
«Причиной для этого решения послужило установление видеокамер на избирательных участках. Светоотражающая материя будет применена для того, чтобы видеокамеры случайно не зафиксировали процесс голосования», - пояснили в
ЦИК
Грузии.",2007-12-23,https://www.gazeta.ru/news/lenta/2007/12/23/n_1156323.shtml
Саакашвили несколько дней поживет в семьях жителей Кахетии,"Кандидат на пост президента Грузии Михаил
Саакашвили
ближайшие дни своего предвыборного турне проведет в регионе Кахети, где будет останавливаться в семьях жителей региона. Спикер избирательного штаба Давид
Бакрадзе
сообщил, что в штаб от жителей Кахетии поступило очень много приглашений к Михаилу Саакашвили «погостить» у них в семьях.
«Мы говорим всем огромное спасибо. Конечно, Михаил Саакашвили сейчас не успеет побывать у всех, кто его пригласил, но, в случае победы, он посетит всех вас», - заявил Бакрадзе.",2007-12-23,https://www.gazeta.ru/news/lenta/2007/12/23/n_1156318.shtml
Лужков открыл тоннель на Ленинградском проспекте,"Автодорожный тоннель на Ленинградском проспекте у станции метро «Сокол» открылся в субботу в Москве. Как сказал на церемонии открытия
мэр
Москвы Юрий Лужков, еще остается «целая куча вопросов, как вывести Ленинградку на МКАД». По его словам, ведется «очень важная работа по организации выезда на Волоколамское шоссе».
После завершения работ на площади Белорусского вокзала и Пушкинской площади на Ленинградском проспекте будет организовано бессветофорное движение до центра города: девять полос на выезд и восемь на въезд. «Это важная работа, очень много строений, гаражей будет возведено на пути будущей трассы», - сказал мэр.
Реконструированная транспортная развязка на пересечении Ленинградского проспекта и Волоколамского шоссе вблизи станции метро «Сокол» является частью комплекса мероприятий по запуску Ленинградского проспекта и Ленинградского шоссе в бессветофорном режиме. Реконструкция развязки включает в себя реконструкцию существующего Ленинградского автодорожного тоннеля, ряд мероприятий по перекладке существующих и сооружению новых подземных коммуникаций, строительство Волоколамского тоннеля для движения автотранспорта по трем полосам в обе стороны и строительство транспортного тоннеля в створе улиц Алабяна-Балтийской (Балтийский тоннель) по трем полосам в обе стороны.",2007-12-22,https://www.gazeta.ru/news/auto/2007/12/22/n_1156132.shtml
Глава госкорпорации Ростехнологии предложил приравнять оборонные предприятия к альтернативной службе,"Глава госкорпорации
Ростехнологии
Сергей
Чемезов
считает, что специалистам, занятым в производстве продукции военного и двойного назначения, должны предоставляться отсрочки от прохождения службы в армии. По его словам, новый состав
Госдумы
должен внести соответствующее положение.
«Такого рода деятельность могла бы рассматриваться как альтернативный вид службы», – сказал Чемезов на заседании
Союза машиностроителей России
.",2007-12-22,https://www.gazeta.ru/news/social/2007/12/22/n_1156115.shtml
Новости дня,,2007-12-22,https://www.gazeta.ru/news/lastnews/2007/12/22/n_1156094.shtml
Координатор «Обороны» исчез из армейской медсанчасти,"Координатор движения «Оборона» Олег Козловский, который был насильно призван в армию, исчез из помещения медсанчасти. «Мы получили информацию из части, что сегодня ночью он был похищен из помещения медсанчасти, где находился со вчерашнего дня после голодовки», — сообщила его мать Марина Козловская.
При этом, добавила она, руководитель медсанчасти никакой информацией об исчезновении
Козловского
не располагает и сообщил только, что последний вывезен в Рязань. «Эта новость для руководителя медсанчасти была такой же неожиданностью, как и для нас, несмотря на то, что вчера нам было обещано, что он в понедельник поступит на медицинскую комиссию в госпиталь Бурденко», — уточнила Козловская.",2007-12-22,https://www.gazeta.ru/news/lenta/2007/12/22/n_1156087.shtml
Новости дня,,2007-12-22,https://www.gazeta.ru/news/lastnews/2007/12/22/n_1156082.shtml
В Швейцарии будет создан музей Чарли Чаплина,"В Швейцарии будет создан музей
Чарли Чаплина
, сообщило в пятницу
агентство Франс Пресс
со ссылкой на заявление Филиппа Мейлана (Philippe Meylan), одного из инициаторов проекта.
Первым шагом к созданию музея, посвященного жизни и деятельности всемирно известного актера, было подписание контракта о покупке усадьбы Бан за 21 миллион евро, которое состоялось в четверг.
В усадьбе Бан, которая находится в Корсье-сюр-Вевей в Швейцарии, Чарли Чаплин прожил последние 25 лет своей жизни, с 1953 по 1977 годы. До 2006 года там жил сын Чаплина, Юджин.
Купила здание инвестиционная компания Люксембурга, ранее заключившая сделку с Фондом Чарли Чаплина.
По словам Мейлана, до недавнего времени усадьба была закрыта для публики. Когда Бан принадлежал Юджину, дом, где жил великий комик, открыл свои двери только один раз и только на одни сутки - тогда за 24 часа его посетили восемь тысяч человек.
В усадьбе планируется оборудовать кинозал на 200 мест, постоянные выставочные залы, а также сцену под открытым небом, магазин и небольшой ресторанчик.",2007-12-22,https://www.gazeta.ru/news/culture/2007/12/22/n_1156060.shtml
Гергиев и его оркестр приготовили «новогодний сюрприз» для столицы,"Симфонический оркестр Мариинского театра под управлением Валерия
Гергиев
а представит в столице праздничный концерт «Новогодний сюрприз Валерия Гергиева» 23 декабря в Концертном зале имени Чайковского, сообщили в пресс-службе «Пасхального фестиваля», руководимого маэстро.
«Концерт назван «Новогодним сюрпризом» отчасти потому, что маэстро с оркестром снова выступят в Москве, а во-вторых, Валерий Абисалович - человек спонтанный, поэтому заявленная программа может некоторым образом поменяться в связи с его настроением. Поэтому исключать некоторую сюрпризность невозможно», - рассказала собеседница агентства.
В программу московского концерта войдут фрагменты из музыки балетов Чайковского «Лебединое озеро», «Щелкунчик», «Спящая красавица» и «Ромео и Джульетты» Прокофьева, увертюры к операм Римского-Корсакова, Верди, Вагнера, Россини и Штрауса, а также симфонические произведения Штрауса «Дон Жуан» и скерцо из «Сна в летнюю ночь» Мендельсона.",2007-12-22,https://www.gazeta.ru/news/culture/2007/12/22/n_1156059.shtml
Жерар Кравчик снимет комедию по сценарию Александра Бородянского,"Французский режиссер
Жерар Кравчик
снимет комедию «Троян» по сценарию
Александра Бородянского
.
«Мы уже встречались с Кравчиком, и он обещал до конца декабря прислать мне свои предложения, об изменениях и дополнениях в сценарий», - сказал в интервью Бородянский.
«Я не хочу быть нескромным, но я так понял, что Кравчик очень хочет эту картину снять, ему понравился сценарий. И не потому, что я написал гениальное творение, а потому, что это комедия, и комедия шпионская, про российского разведчика за границей. А таких сюжетов в мировом кино немного», - пояснил Бородянский.
Он признался, что подробности сценария разглашать не может, так как обещал продюсерам держать сюжет в секрете.
Сценарист пояснил, что он сам не предлагал Кравчику материал: «Я вообще после того, как вышел фильм «Афоня», больше никому своих произведений не предлагал. Всегда писал под заказ режиссеров. В этом случае мне заказали сценарий продюсеры проекта Павел Черновалов и
Валерий Коган
, они-то потом и показали текст Кравчику».",2007-12-22,https://www.gazeta.ru/news/culture/2007/12/22/n_1156058.shtml
Бразилия на четвертом месте по количеству краж предметов искусства,"Бразилия занимает четвертое место в мире по количеству краж предметов искусства после США, Франции и Ирака, сообщил Институт Исторического и культурного наследия при министерстве культуры Бразилии.
По данным организации, Бразилия лидирует по количеству похищенных предметов искусства в Латинской Америке.
За десять лет с момента заключения партнерских отношений с
Интерполом
правительство страны зарегистрировало факт похищения 933 предметов искусства - картин, скульптур, исторических документов и предметов культа. Из них только 35 удалось вернуть владельцам.
Эта статистика не учитывает дерзкого похищения картин
Пабло Пикассо
и Кандидо Портинари из Музея искусств в Сан-Паулу, произошедшего в минувший четверг. Как показали камеры наблюдения, злоумышленникам понадобилось всего три минуты, чтобы вынести полотна, суммарная стоимость которых оценивается в 55 миллионов долларов.",2007-12-22,https://www.gazeta.ru/news/culture/2007/12/22/n_1156057.shtml
Театральную импровизацию Бартенева «укоротили» американские профсоюзы,"На Манхэттене состоялась премьера спектакля «За синей птицей» по мотивам Мориса Метерлинка, костюмы и сценографию к которой сделал российский мастер эпатажа и театрализованных импровизаций Андрей Бартенев.
Спектакль анонсируется как «волшебная классика на современный мотив» и открывает рождественский сезон.
«Чудо произошло. Спектакль состоялся, несмотря ни на что - даже на американские профсоюзы», - радостно резюмировал Бартенев после премьерного показа в театре Urban Stages на Вест-сайде.
На премьеру он пришел в черном френче и трогательном черном беретике на макушке с большим белым помпоном.
По признанию
Бартенева
, буйная фантазия костюмов на 60% была скорректирована американским профсоюзом актеров, отстаивающим стандарты безопасности и утилитарности театрального костюма.
Профсоюзы в США имеют реальный вес и спорить с ними - себе во вред, уяснил российский мастер перфоманса после регулярных бесед с профсоюзными активистами, зачастившими в театр. До 20 миллионов долларов убытка принесла в декабре забастовка рабочих театральной сцены на Бродвее, поддержанная отраслевым профсоюзом.",2007-12-22,https://www.gazeta.ru/news/culture/2007/12/22/n_1156056.shtml
В Афинах открылась выставка кукол военного времени из театра Образцова,"В Российском центре науки и культуры в Афинах в пятницу открылась выставка кукол военных лет.
Представлено около двадцати кукол из коллекции Государственного академического Центрального театра кукол имени Сергея Образцова, в котором собрано около 6 тысяч кукол.
В годы Второй мировой войны театр Образцова и еще около шести десятков государственных театров кукол со всего Советского Союза находились в постоянных гастролях на фронтах, представляя солдатам Красной Армии небольшие сатирические представления.
«Все представленные куклы - участницы Второй мировой войны, среди них нет ни одной, которая не заслужила бы свои ордена», - рассказал заместитель директора театра Образцова
Борис Голдовский
, автор книги «Куклы. Энциклопедия».
На выставке представлены куклы трех основных разновидностей - тростевые, механизм которых построен вокруг поддерживающей оси-трости, перчаточные (надевающиеся на руку) и мимирующие - куклы из материи, лица которых способны менять выражение.",2007-12-22,https://www.gazeta.ru/news/culture/2007/12/22/n_1156055.shtml
В преддверии Нового Года в театре Сатиры покажут античную комедию,"Показы спектакля «Свободу за любовь?!», созданного по мотивам античных комедий Плавта, начинаются на сцене московского театра Сатиры, сообщил художественный руководитель театра Сатиры и постановщик спектакля Александр
Ширвиндт
.
Помимо текстов Плавта в спектакле много вольных импровизаций, стихи
Сергея Плотова
, музыка Алексей Колгана и Игоря Кефалиди.
«Оказалось, что античные комедии Плавта, созданные до нашей эры, нисколько не устарели. Это интересно и симпатично с точки зрения драматургии, и на этой канве, как мы поняли, можно создать современный спектакль. Ведь главные человеческие страсти - любовь, свобода, деньги - остались прежними. Они актуальны как тогда, в Древнем Риме, так и сейчас, в наши дни», - сказал Ширвиндт.
Сам Плавт пользовался историями из жизни своих современников, а его историями - уже драматурги от Шекспира, Мольера и до наших дней.
Постановщик добавил, что «в новом спектакле много музыки, песен, пластики, пародий, так что в этой работе мы смогли использовать все, чем владеет труппа нашего театра Сатиры».
На его взгляд, появление подобной постановки органично связано с самим театром, так как латинское слово «сатира» произошло от «сатура», что в переводе означает «смесь, всякая всячина». Это жанр римской литературы, где соединяются разнообразные по форме и содержанию стихотворные и прозаические тексты, связанные одним сюжетом.",2007-12-22,https://www.gazeta.ru/news/culture/2007/12/22/n_1156054.shtml
Сценическую версию культовой повести Брэдбери покажут в театре,"Спектакль по известной повести писателя-фантаста Рея Брэдбери «451 по Фаренгейту», премьера которого состоится 22 декабря, представляет московский театр «Et Cetera», рассказал режиссер спектакля Адольф
Шапиро
.
«Я рассматриваю эту повесть как современную пьесу, и обращение к ней связано с моим ощущением сегодняшний жизни. Фантастика никогда не была моим увлечением, но, когда я перечитал эту книгу Брэдбери, меня ошеломила схожесть мироощущения автора и его представления о том, как будет развиваться цивилизация и строиться отношения массовой культурой с творениями истинных художников с тем, что происходит сегодня», - сказал Шапиро.
По мнению режиссера, конечно, многое, что предвидел Брэдбери, к сожалению, успешно воплощается в жизнь. Это и агрессия массовой культуры, и стандартизация жизни, связанная со стереотипностью мышления.
«Сегодня во всем мире люди мало задумываются о будущем, а живут одним днем, - уверен Шапиро. - И цель, которую я ставил перед собой, создавая спектакль «451 по Фаренгейту», - это постараться вывести людей из состояния душевной статики. В этом я вижу вообще задачу искусства».
Что касается жанра, то, по словам режиссера, он не любит определять жанр и вообще считает это дело ненужным и несвойственным театру, который должен работать на смешении жанров.
В создании спектакля «451 по Фаренгейту» приняла участие международная команда, в которую входил, например, автор сценографии и костюмов Борис Заборов (Франция), а в заглавной роли выступил известный эстонский артист Эльмо Нюганен.
В дальнейших планах режиссера спектакля Адольфа Шапиро постановка «Детей солнца» Горького на сцене Малого академического театра.",2007-12-22,https://www.gazeta.ru/news/culture/2007/12/22/n_1156053.shtml
Матвиенко напишет картину для благотворительного аукциона,"Губернатор Санкт-Петербурга
Валентина Матвиенко
во второй раз напишет картину для благотворительной аукциона, который состоится в субботу на проходящей в городе Рождественской ярмарке, сообщил представитель пресс-службы городской администрации.
Первый раз губернатор написала картину на глазах у публики в начале 2007 года. Тогда в ходе Рождественской ярмарки ее картина «Ежик под елкой» была выставлена на аукцион вместе с другими работами, созданными известными петербуржцами. Тогда произведение градоначальника ушло с молотка за более чем 2 миллиона рублей. Полученные на аукционе деньги переданы Научно-исследовательскому детскому ортопедическому институту имени Турнера.
Рождественская ярмарка открылась 14 декабря 2007 года и продлится до 7 января 2008 года.",2007-12-22,https://www.gazeta.ru/news/culture/2007/12/22/n_1156052.shtml
Трасса Россия — Казахстан — Китай будет построена к 2015 году,"Строительство нового транспортного коридора Россия — Казахстан — Китай, который пройдет от Балтики, Санкт-Петербурга через Казань и Оренбург, Казахстан до российско-китайской границы, завершится в 2015 году, сообщил в пятницу глава
Минтранса
Игорь
Левитин
.
«Это крупнейшее строительство, которое запланировано до 2015 года, будет приоритетным для российских транспортных строителей», — сказал министр в Оренбурге, где он провел совещание по развитию транспорта.
По его словам, «строительство трассы будет иметь большое значение для экономики областей и республик, так как потребует расширения сети придорожного сервиса, другой транспортной инфраструктуры». «Самое главное — создаст принципиально новые возможности для прохождения транзитных потоков», — подчеркнул Левитин.",2007-12-21,https://www.gazeta.ru/news/auto/2007/12/21/n_1155911.shtml
Вместе с Ларионовым в Зал славы ИИХФ впервые войдут хоккеистки,"На чемпионате мира по хоккею-2008, который пройдет в канадских Галифаксе и Квебеке, на специальной церемонии впервые в Зал славы Международной федерации хоккея (ИИХФ) будут введены женщины. Как информирует пресс-служба ИИХФ, ими станут Джеральдин Хини, Энджела Джэймс (обе — Канада) и Кэмми Грэнато (США), а компанию трем хоккеисткам составят такие звезды мирового мужского хоккея как Игорь Ларионов и
Марио Лемье
.
Кроме вышеперечисленных в Зал славы будут также введены Филипп Бозон (Франция) и Арт Берглунд (США), а Юраю Околичаны (Словакия) будет вручена награда Пола Лоика.
Среди трех первых хоккеисток Зала славы Хини может похвастаться «золотом» Олимпиады-2002 и семью высшими наградами чемпионатов мира, у Грэнато есть «золото» Игр-1998 в Нагано, а на счету Джэймс победы на четырех первых чемпионатах мира среди женщин.
Зал славы ИИХФ был образован в 1997 году и с тех пор его членами стали 150 человек из 22 стран, оставивших заметный вклад в истории хоккея, сообщает РИА «Новости».",2007-12-21,https://www.gazeta.ru/news/sport/2007/12/21/n_1155895.shtml
Штеффи Граф поможет беженцам,"Легендарная немецкая теннисистка Штеффи Граф построит в Германии клинику для детей беженцев. Медицинский центр в Гамбурге, который будет способен обслуживать ежегодно до 300 детей, будет построен благодаря благотворительному фонду Children for Tomorrow, главой которого и является 38-летняя спортсменка, сообщает РИА «Новости».
Ожидается, что двухэтажная клиника откроется в ноябре 2008 года. Эту информацию подтвердил ее директор Йорг Дебатин. Несколько недель назад Штеффи Граф посетила официальную церемонию закладки первого камня клиники. Благотворительный фонд Children for Tomorrow существует уже 9 лет.",2007-12-21,https://www.gazeta.ru/news/sport/2007/12/21/n_1155879.shtml
На презентации своей книги поэт Рубинштейн исполнит ретро-композиции,"Поэт и эссеист Лев
Рубинштейн
представит в воскресенье в Москве свою новую книгу «Духи времени», исполнит ретро-композиции, станцует и поговорит с друзьями-писателями Михаилом Айзенбергом, Тимуром Кибировым и другими, рассказала pr-директор издательства «Колибри» Светлана Дындыкина.
«Это некий вызов Новому году, с его елками и корпоративами, наш праздник будет называться «Духи времени», так же как и новая книга Рубинштейна», - сказала она.
«Нам не хотелось делать просто презентацию, ведь «Духи времени» были представлены на ярмарке non/fiction. Теперь мы хотим поговорить о книге в более неформальной атмосфере и организуем целое шоу. Сначала мы поговорим о книге, потом о Рубинштейне, потом Рубинштейн споет, и, наконец, - будут танцы», - продолжила Светлана.
Чествовать автора соберутся его друзья-писатели -
Михаил Айзенберг
,
Виктор Коваль
,
Сергей Гандлевский
, Тимур Кибиров, а также группа «Клезмастерс», которая будет аккомпанировать Рубинштейну.",2007-12-21,https://www.gazeta.ru/news/culture/2007/12/21/n_1155862.shtml
Роскультура запросила текст английского закона о безопасности выставки,"Роскультура ждет от Великобритании текста законопроекта о системе гарантий от ареста произведений искусства, который английское правительство планирует принять после рождественских каникул, сообщил
РИА Новости
глава Роскультуры Михаил
Швыдкой
.
«Английская сторона заявила, что 7 января будет принят закон о системе гарантий от ареста произведений искусства. Российская сторона запросила текст, который в ближайшее время будет прислан, и наши юристы будут его изучать. Как только мы поймем, что нет угрозы ареста, то мы обязательно пошлем выставку в Лондон», - сказал Швыдкой.
Вопрос об отмене выставки «Из России: французские и русские шедевры живописи 1870-1925 годов», открытие которой было запланировано на 26 января в Лондоне, возник из-за того, что Россию не устроили гарантии, выданные британской стороной.
Глава Роскультуры Михаил Швыдкой заявил, что гарантии предоставленные на данный момент британским министерством культуры, СМИ и спорта не являются достаточными и не защищают от претензий третьих лиц на произведения искусства из собраний российских музеев.",2007-12-21,https://www.gazeta.ru/news/culture/2007/12/21/n_1155860.shtml
Кайли Миноуг впервые выступит в России,"Известная австралийская поп-дива Кайли Миноуг впервые выступит в России в рамках своего европейского тура в поддержку нового альбома Х в столичном спорткомплексе «Олимпийский» 16 июня и в Ледовом дворце Санкт-Петербурга 18 июня, сообщили организаторы концерта.
«Я собираюсь выступить с шоу, которое станет новым захватывающим и неповторимым опытом, как для моих поклонников, так и для меня самой», - приводят слова Миноуг организаторы концерта.
По признанию певицы, «тур X станет взглядом в будущее, но, несмотря на это, помимо новых, я исполню старые и любимые хиты».
Специально для тура в поддержку своего десятого альбома, который вышел в ноябре этого года, австралийская поп-певица совместно с командой творческих профессионалов создала новую концепцию шоу KylieX2008. Сама Миноуг описывает эту идею как «свежую, возбуждающую и новаторскую».",2007-12-21,https://www.gazeta.ru/news/culture/2007/12/21/n_1155801.shtml
Эксперт: столкновение Марса с астероидом не навредит Земле,"Возможное
столкновение
Марса с крупным астероидом, которое американские ученые ожидают в январе 2008 года, не причинит вреда нашей планете, считает пресс-секретарь Главной (Пулковской) астрономической обсерватории
РАН
Сергей Смирнов
(признан в РФ иностранным агентом).
«На Земле это никак не отразится, кроме каких-то мистических моментов, свойственных некоторым людям», - сказал Смирнов в пятницу. По его данным, в ближайшие 20-30 лет Земле не грозят сближения с крупными небесными телами.",2007-12-21,https://www.gazeta.ru/news/science/2007/12/21/n_1155820.shtml
Китайские генетики надеются на передачу клонированной крольчихой зелёного цвета шерсти потомству,"Китайские генетики заявляют, что генетически модифицированная клонированная самка кролика, которая в ходе опытов поменяла цвет с белого на зеленый, сможет дать потомство через три месяца, сообщает агентство «Синьхуа».
Ученые надеются, что крольчиха даст устойчивое потомство, у которого будет доминировать оригинальный зеленый цвет шерсти. Кролик родился 14 сентября этого года и находится в лаборатории университета Цзяотун в Шанхае. Зверек поменял окраску с белой на зеленую в ходе экспериментов после того, как ему ввели генную инъекцию и облучили рентген-установкой.",2007-12-21,https://www.gazeta.ru/news/science/2007/12/21/n_1155773.shtml
Слуцкий подписал контракт с «Крыльями Советов»,"Футбольный клуб «Крылья Советов» в пятницу подписал трехлетний контракт с новым главным тренером команды Леонидом Слуцким, сообщает
РИА «Новости»
.
Ранее официальный сайт «Крыльев Советов» со ссылкой на слова Леонида Слуцкого сообщал, план подготовки команды уже сверстан, также проведены встречи с потенциальными новичками и совещания с представителями корпорации, которая после смены собственника клуба станет партнером «Крыльев». Согласно этому плану, 4 января команда соберется в Москве, на следующие два дня намечены медосмотр и тестирование, а 7 января «Крылья» отправятся на свой первый сбор, который состоится в ОАЭ.",2007-12-21,https://www.gazeta.ru/news/sport/2007/12/21/n_1155772.shtml
«Коляда-театр» едет с гастролями в Москву,"Театр известного уральского драматурга
Николая Коляды
отправляется с гастролями в московский «Современник», сообщил в пятницу представитель театра.
«С 26 по 31 января «Коляда-Театр» играет спектакли на «Другой сцене» театра «Современник», - сказал собеседник агентства.
По его словам, жители столицы смогут увидеть шесть спектаклей, точно известно, что москвичей порадуют «Курицей» и «Женитьбой».
«Московскую публику сложнее растормошить, наш зритель проще. Работать труднее, в том числе, из-за размеров зала. В Екатеринбурге 61 место, а там (в «Современнике») более 400», - отметил источник.
Однако в театре уверенны, что гастроли пройдут «как всегда на ура», с аншлагами.",2007-12-21,https://www.gazeta.ru/news/culture/2007/12/21/n_1155762.shtml
Билл Клинтон передал свой легендарный саксофон в музей,"Бывший президент США
Билл Клинтон
передал саксофон, на котором он играл на церемонии своей инаугурации в 1993 году, в Американский музей джаза, передает
агентство
Ассошиэйтед Пресс.
Прежде саксофон находился в коллекции президентской библиотеки имени Билла Клинтона в городе Литтл Рок (штат Арканзас).
Конгресс США
выделил для Музея джаза в Канзас-Сити (штат Миссури) из федерального бюджета 312 тысяч долларов с целью развития образовательных программ, организации выставок и восстановления коллекции фильмов о джазе, отмечает агентство.
Экс-президент США не раз выступал на различных церемониях по всему миру, играя на саксофоне. В последние годы Клинтон много путешествует по миру в рамках программ созданного им благотворительного фонда, а также в качестве спецпредставителя генерального секретаря
ООН
по оказанию помощи в ликвидации последствий разрушительного цунами в Индийском океане.
Бывшая первая леди Америки сенатор-демократ
Хилари Клинтон
является наиболее вероятным кандидатом от
Демократической партии
на пост президента США. Ее лидерство в президентской гонке подтвердило в ноябре Washington Post-ABC News на основании опроса общестенного мнения.",2007-12-21,https://www.gazeta.ru/news/culture/2007/12/21/n_1155761.shtml
Фестиваль в Белгороде начнется с фильма о Псково-Печерском монастыре,"Фильм о Псково-Печерском Свято-Успенском монастыре покажут в воскресенье в Белгороде на открытии межрегионального фестиваля православных образовательных кино- и видеопрограмм «Свет, побеждающий тьму», сообщил в пятницу сотрудник пресс-службы Белгородской и Старооскольской епархии.
«В фильм вошли уникальные кадры, снятые 20 лет назад послушником монастыря Георгием Шевкуновым, нынешним наместником Сретенского монастыря. Псково-Печерский монастырь, расположенном в городе Печоры Псковской области, - единственный в России, ни разу не закрывавшийся за всю свою многовековую историю», - рассказал собеседник агентства.
По его словам, православный кинофестиваль пройдет в рамках ежегодной научно-богословской конференции «Иоасафовские чтения». В пресс-службе добавили, что в открытии фестиваля примут участие архиепископ Белгородский и Старооскольский Иоанн, губернатор Белгородской области
Евгений Савченко
, наместник Сретенского ставропигиального монастыря Москвы архимандрит Тихон.
В понедельник работа фестиваля продолжится в трех секциях: «Мир семьи и детства», «Образовательные возможности киноискусства» и «Исторические и духовно-краеведческие фильмы о Святом Белогорье». «В этот же день в актовом зале Белгородской Православной духовной семинарии состоится подведение итогов, вручение дипломов и премий, торжественное закрытие фестиваля и концерт», - сказал в заключении сотрудник пресс-службы епархии.",2007-12-21,https://www.gazeta.ru/news/culture/2007/12/21/n_1155759.shtml
Куман: я мог покинуть пост главного тренера,"Главный тренер «Валенсии» Рональд
Куман
считает, что его решение, по итогам которого от команды были отчислены Давид Албельда, Сантьяго Каньисарес и Мигель Ангуло положительно скажется на результатах команды.
Капитан «Валенсии» Давид Албельда, плакал, когда услышал эту новость. Но слезы защитника не задели Кумана, который продолжает отстаивать своё решение.
«Если бы моё решение не было принято руководством, то я покинул бы пост главного тренера», — передает слова Кумана Goal.com.",2007-12-21,https://www.gazeta.ru/news/sport/2007/12/21/n_1155724.shtml
Новости дня,,2007-12-21,https://www.gazeta.ru/news/lastnews/2007/12/21/n_1155716.shtml
