title,text,date,url
,москв июн ри новост сенатор от республик ком ел шумил досрочн слага сво полномоч по собствен желан совфед рассмотрет вопрос июн сообщ ри новост глав комитет по регламент вячесла тимченк по он слов совфедрассмотрет вопрос июн шумил вход в соста комитет сф по региональн политик он полномоч истека в сентябр текущ год,2025-06-16,https://ria.ru/20250616/senator-2023217474.html
,москв июн ри новост президент росс владимир путин наград медал за храброст ii степен ври глав грайворонск округ белгородск област дмитр панков быт ран в год соответствующийдокументразмест на сайт официальн опубликован правов акт в конец ма губернаторбелгородск областивячесла гладковсообщ что исполня обязан глав грайворонск округ быт дмитр панк,2025-06-16,https://ria.ru/20250616/nagrada-2023164540.html
,москв июн ри новост президент турц реджеп тайип эрдога поздрав президент рф владимир путин и ве россиянин с отмеча июн ден росс,2025-06-16,https://ria.ru/20250616/erdogan-2023132215.html
,москв июн ри новост президент росс владимир путин в понедельник приня в кремл губернатор севастопол миха развожа сообщ глав государств дмитр песок в течен ден в кремл цел ряд встреч сред остальн на доклад у президент быт глав севастопол развожа сказа песок журналист севастопол важн регион всегд в приоритет у президент добав он,2025-06-16,https://ria.ru/20250616/razvozhaev-2023101068.html
,москв июн ри новост президент росс владимир путин в понедельник провест международн телефон разговор сообщ глав государств дмитр песок совс скор мы дат сообщен о международн телефон разговор сказалпесковжурналист,2025-06-16,https://ria.ru/20250616/putin-2023100779.html
,москв июн ри новост на запад привыкнут недооценива геополитическ соперник что привод к политическ ошибк заяв профессор университет норвег глен дизн в соцсет x поч на запад существова тенденц недооценива оппонент иранск реж рухнут россиюможн легк побед а он экономик слаб китайн моч внедря инновац и так дал этот предположен не явля результат информирова дебат мы не разреш не соглаша поскольк признан сил оппонент осужда как проиранск пророссийск ил прокитайск плох анализ привод к плох политик написа он по мнен эксперт культур цензур и отм сдела жител западн стран слеп глух и нем как отмеча президентвладимир путин на запад прям признава что наход в состоян экзистенциальн войн с росс глав государств подчеркива что запад из век в век хотет откус от росс эт связа с тем что в западн культур на перв мест сто материальн благополуч в то врем как в росс всегд присутствова иде,2025-06-15,https://ria.ru/20250615/rossiya-2023016484.html
,велик новгород ма ри новост новгородск региональн отделен парт един росс выдвинут ври губернатор александр дрон кандидат для участ в предстоя выбор глав регион передава корреспондент ри новост соответствова решен быт приня в воскресен на конференц новгородск региональн отделен един росс под председательств секретар региональн отделен партииандр никитин призва голосова задрон в итог кандидатур дрон в врем тайн голосован быт поддержа единогласн дрон поблагодар участник конференц за поддержк и призва включ в активн работ а такж обнов существ стратег развит регион котор быт приня в год в течен близк три месяц мы с вы провест отраслев экспертн стратегическ сесс встреч с коллект предприят в ход сформулирова концепц дальн развит ве сфер наш жизн эт не прост стратегияновгородск област а документ иде котор моч бы одобр кажд жител наш регион от студент до пенсионер от домохозяйк до предпринимател сказа дрон приоритетн задач стратег по он слов должн стат улучшен демографическ ситуац за счет снижен смертност и расширен проект по увеличен рождаем на ве област с год а такж поддержк сем и продвижен семейн ценност он предлож продолж проект усил поддержк молодеж созда региональн стандарт в сфер образован и здравоохранен поддержива мал бизнес и промышлен предприят разработа концепц реновац отдельн район област ран на встреч с секретар местн и первичн отделен региональн отделен парт един росс дрон сообща что явля сторонник парт и разделя он ценност новгородск областн думаназнач выбор губернатор регион на сентябр президентроссиивладимир путин феврал подписа указ о досрочн прекращен полномоч губернатор новгородск област андр никитин приня он отставк по собствен желан причин отставк с пост глав регион стат переход на друг работ никитин быт назнач заместител министр транспорт росс исполня обязан глав новгородск област стат перв заместител губернатор александр дрон с март быт назнач путин ври губернатор,2025-06-15,https://ria.ru/20250615/otdelenie-2022947615.html
,москв июн ри новост довер человек явля элемент российск традиц но враг вер нельз заяв президент росс владимир путин путинв четверг июн вруча в кремл государствен прем посл церемон президентроссиипообща с лауреат за бока шампанск гер труд юр дик сказа не вер враг обманут нельз согласн в вы знат мы наивн человек все я точн говор мы все наивн человек эт к сожален тож у мы так элемент наш традиц все врем доверя и передоверя ответ глав государств кадр общен опубликова журналист росс павел зарубин,2025-06-15,https://ria.ru/20250615/putin-2022942076.html
Путин обсудил с Трампом ситуацию на Ближнем Востоке и соглашения с Украиной,москв июн ри новост президент владимир путин и дональд трамп провест телефон разговор сообщ помощник российск лидер юр ушак глав государств обсуд обострен ситуац на ближн восток и урегулирован украинск конфликт подробн в материа ри новост,2025-06-14,https://ria.ru/20250614/razgovor-2022848294.html
,москв июн ри новост разговор президент росс владимир путин и он коллег из сша дональд трамп быт полезн сообщ журналист помощник президент рф юр ушак разговор путин ред быт содержательн откровен и главн весьм полезн сказалушак обострен конфликт межд израил и ира,2025-06-14,https://ria.ru/20250614/putin-2022849111.html
,москв июн ри новост разговор президент росс владимир путин и президент сша дональд трамп длит минут заяв помощник президент рф юр ушак разговор продолжа окол час есл быт точн минут сказа он журналист обострен конфликт межд израил и ира,2025-06-14,https://ria.ru/20250614/putin-2022848822.html
,москв июн ри новост президент росс владимир путин и лидер сша дональд трамп в ход телефон разговор обсуд обостр ситуац на ближн восток сообщ помощник президент рф юр ушак в центр обм мнен естествен наход опасн обострен обстановк на ближн восток сказалушаковжурналист по итог разговорапутинаитрамп обострен конфликт межд израил и ира,2025-06-14,https://ria.ru/20250614/putin-2022848019.html
,москв июн ри новост президент росс владимир путин в суббот провест очередн телефон разговор с американск лидер дональд трамп сообщ журналист помощник президент рф юр ушак очередн телефон разговор президент россиивладимир владимирович путинас президент сшадональд трамп сказалушак обострен конфликт межд израил и ира,2025-06-14,https://ria.ru/20250614/putin-2022847901.html
,тюмен июн ри новост депутат тюменск областн дум член фракц един росс андр моргун сконча на год жизн сообщ председател облдум фуат сайфитдин в с прискорб сообща что сконча наш коллег депутаттюменск областн думышест и седьм соз андр анатолиевич моргун андр анатолиевич последовательн отстаива интерес сво избирател жител югр работа в комитет по экономическ политик и природопользован и социальн политик выража искрен соболезнован родн и близк написа сайфитдин прощан с моргун состоя втюмен июн из опубликова на сайт областн дум информац известн что андр моргун род июл год в городегорловк в год оконч школ внефтеюганск посл срочн служб в арм получ высок образован по специальн физик в тюменск госуниверситет такж в разн год оконч тюменск международн институт экономик и прав по специальн миров экономик и тюменск государствен нефтегазов университет по специальн проектирован сооружен и эксплуатац газонефтепровод и газонефтехранилищ работа инженер в внешнеэкономическ производствен объединен сибэк в год в сфер предпринимательств с декабр год по сентябр год руковод региональн исполнительн комитет парт един росс депутат тюменск областн дум избра в год и переизбра в год быт член комитет облдум по экономическ политик и природопользован социальн политик член фракц един росс,2025-06-14,https://ria.ru/20250614/morgun-2022822020.html
,минск июн ри новост президент белорусс александр лукашенк внов заяв что недавн дефиц картофел в магазин быт созда искусствен в политическ цел крупн торгов сет и торгаш нажива на бесконтрольн повышен цен лукашенков вторник на совещан по развит кинематограф заяв о искусствен дефиц картофел и внов подня этот тем в четверг на совещан с руководств сво администрац фрагмент он выступлен показа телекана белар нача шут с этот картошк я снима трубк герасим председател комитет госконтрол васил герасим ред разобра и долож вмест с бывш премьер голов ответ нача разбира с крупн сет приход а там картошк дева некуд он у он лежа на склад поч не на прилавок политик над показа что власт задав цен до так степен что жит далек невозможн то ест наступ на болев точк торгаш сказа президент по он слов посл тот как на склад заеха проверя картошк появ в магазин я не говор что он уж там по ве стран мы обеспеч картофел обеспеч и импортн конечн позорищ полн все эт я с губернатор разобра и с вы тож картошк не моч выраст уж сказа лукашенк ран президент привод дат согласн котор в год вбелоруссиивыраст порядок тысяч тон картофел а для обеспечен населен республик нужн тысяч тон лукашенк такж заяв что дел не тольк в картошк но и в огромн количеств посредник получа прибыл за счет бесконтрольн повышен цен произвест товар посла посредник один втор трет торговл а что производител остава я как реальн экономист земн я представля как эт все складыва и все ринут в торговл пот что там можн заработа а как взят кред эт что он деньг в банк эт наш деньг народн он взят там кред за счет бешен бесконтрольн повышен цен он кред за год отработа вернут все чист прибыл получа сказа лукашенк по он слов учредител торгов сет получа деньг о президент и мечта не моч вмайам на лазурн берег отдыха учредител жит за счет что за счет повышен цен бесконтрольн эт что нормальн эт не нормальн когд я видет вот эт распределен когд я герасим на стол полож дат ред получа ну сейчас моч доллар есл в доллар а так по по а маленьк а груз таска а я лежа на лазурн берег получа в месяц тысяч рубл белорусск то ест примерн миллион российск рубл ред в месяц слуша я мечта тольк как президент моч о так зарплат и не быт никогд у я так зарплат сказа лукашенк он заяв что так разниц в доход несправедлив и недопустим ну нич наручник доста на стол полож перед так быт жесток но эт должн дела вы а не я не над обижа человек кто бы он ни быт есл он закон работа есл мы видет не так над закон поправ есл наруша пуст отвеча сказа президент весн гражданин белорусс в соцсет жалова на переб с поставк в магазин качествен и недорог белорусск картофел лукашенк поруч чиновник нормализова ситуац завер что белорус не оста без картофел до нов урожа в конец ма лукашенк заяв что над выраст стольк картофел чтоб хват и белорусс иросс,2025-06-12,https://ria.ru/20250612/lukashenko-2022558435.html
,кишин июн ри новост истор в молдав переста быт школьн предмет преврат в политическ инструмент использова для партийн интерес заяв бывш министр образован республик корнел попович за десятилет мы преврат истор из образовательн дисциплин в политическ инструмент вмест тот чтоб извлека урок из прошл мы использова он для оправдан настоя и обслуживан идеологическ партийн интерес заяв попович журналист по он слов истор преврат в товар хорош продава на политическ и геополитическ сцен при качеств образован отойт на втор план отмет бывш министр истор не должн быт ни товар ни слуг власт ни идеологическ страж ни инструмент пропаганд когд мы не понима он урок мы рискова год крут по круг всегд возвраща к один и тот же точк подчеркнут попович ран молдавск обществен выраз возмущен тем что в молдавск учебник истор румын присутствова глав и тезис героизирова нацизм министр образован республик дат перчун заявля что нов учебник якоб отража объективн подход к историческ событ как выясн ри новост в нов молдавск учебник по истор для старш класс утвержда что оккупациямолдавиирумынск войск воева на сторон гитлер якоб пойт на польз стран с экономическ точк зрен еврейск общин молдав ма потребова от власт стран изъя из образовательн процесс учебник истор искажа факт о нацистск политик геноцид народ до пересмотр издан в противн случа организац пообеща обрат в суд за последн год в молдав неоднократн предпринима попытк огранич празднован ден побед и запрет использован георгиевск лент в год правительств молдав приня решен отмеча ма как ден европ вмест ден побед несмотр на эт тысяч гражданин ежегодн принима участ в праздничн мероприят посвят этот дат по дан полиц за последн два год в республик быт выписа бол штраф за ношен георгиевск лент посл приход в молдав к власт парт действ и солидарн пдс негласн лидер явля президент республикимай санд в молдав провод политик беспамятств направ на переписыван истор парламентск большинств пдс приня закон о установк памятник румынск солдат воева на сторон гитлеровскойгерман памятник румынск воен появля в разн регион включаякишин нередк с участ официальн лиц и представител румынск посольств так инициатив сопровожда почетн церемон вызыва критик с сторон обществен котор напомина о преступлен румынск войск прот мирн населен молдав,2025-06-12,https://ria.ru/20250612/moldaviya-2022555862.html
,москв июн ри новост президент рф владимир путин обраща к ври губернатор тамбовск област евген первыш пожела он успех в работ отмет что в почт миллион по числен населен субъект мног задач требова ответствен решен почт миллион субъект федерац мног работ ответствен сложн задач перед вы мы все искрен жела вы успех сказа глав государств в ход встреч с участник программ врем гер обраща кпервыш о старт нов кадров программ для ветера и участник сво под назван врем гер президент объяв в год в послан федеральн собран как отмеча глав государств он участник должн стат человек прояв сво хорош качеств мног выпускник программ уж получ нов назначен на федеральн и региональн уровен сред он полпред президент в уральск федеральн округеартем жог первыш руководител движен перв артур орл сенаторалекс кондрат,2025-06-12,https://ria.ru/20250612/putin--2022522029.html
,москв июн ри новост избран владимир путин президент рф упроч политическ целостн стран он пойт единствен верн пут в конец xx век значительн част российск элит наход под влиян западн ценност заявиласпикерсовфед валентин матвиенк стран где народ не знат правд о сво истор не уважа он обреч на прозябан мы столкнут с этот опасн в конец прошл век когд значительн част российск элит правя политическ класс наход под влиян западн ценност в кильватер которыхросс по мнен запад должн быт бы следова от мы требова демонтирова камен за камен крепк фундамент наш собствен оп уникальн и древн цивилизац написа спикер в сво блог на сайтесовфеда ден росс по словамматвиенк в результат под вопрос оказа сам существован наш стран как един государств как уникальн содружеств народ конфесс культур мы быт в шаг от национальн катастроф подчеркнут он парламентар отмет что избраниевладимир путинаглав государств сплочен гражданин на основ взаимн довер власт и обществ восстанов управляем стран вернут интерес и уважен к он истор упроч он территориальн и политическ целостн дат импульс рост экономик благосостоян человек мы извлеч урок сдела вывод и сегодн мы моч уж смел утвержда что современ росс пройт единствен верн пут взят у запад тольк то что мы подход творческ переосмысл закреп в конституц законодательств культур не допуст при попадан в наш почв нич органическ чужд и опасн для идентичн написа законодател,2025-06-12,https://ria.ru/20250612/matvienko-2022427418.html
,июн ри новост президент казахста тока в поздравительн телеграмм адресова российск лидер владимир путин по случа ден росс отмет высок уровен отношен два стран что соответствова дух стратегическ партнерств сообща в четверг казахстанск лидер с удовлетворен отмеча высок уровен отношен дружб и добрососедств межд наш государств что всецел соответствова дух стратегическ партнерств и союзничеств говор в поздравительн телеграмм от им токаев такж президентказахстанапожелалпутинудальн успех в ответствен государствен деятельн в им благополуч и процветан стран государствен праздник деньроссииежегодн отмеча в рф июн в ден в год перв съезд народн депутатоврсфсрприня декларац о государствен суверенитет росс отнын при решен ве вопрос государствен и обществен жизн рсфср пользова ве полнот власт в декларац утвержда равн правов возможн для ве гражданин политическ парт и обществен организац принцип разделен законодательн исполнительн и судебн власт необходим существен расширен прав автономн республик област округ кра рсфср важн вех в укреплен российск государствен стат принят нов назван стран российск федерац росс и конституц рф,2025-06-12,https://ria.ru/20250612/tokaev-2022423391.html
,москв июн ри новост президент рф владимир путин встрет с участник образовательн программ для ветера и участник специальн воен операц врем гер встреч пройт в кремл в деньросс июн как отмет российск лидерадмитр песок эт быт больш субстантивн разговор год назад в середин июн президент такж встреча с участник нов кадров программ тогд глав государств приезжа в мастерск управлен сенеж в подмосковномсолнечногорск где и состоя встреч путиннеоднократн называ гер спецоперац настоя элит стран он отмеча ран что сред участник перв поток программ врем гер больш кавалер орд мужеств а нос зван гер рф росс быт и впред опира на так человек заяв тогд президент имен он подчеркнут путин настоя не поддельн а подлин элит и гордост стран о старт нов кадров программ для ветера и участник сво под назван врем гер президент объяв в прошл год в послан федеральн собран как отмеча глав государств он участник должн стат человек прояв сво хорош качеств цел программ подготовк высококвалифицирова компетентн управленец из числ участник и ветера спецоперац для послед работ в орга государствен и муниципальн власт программ реализова высок школ государствен управлен ранхигс на баз мастерск управлен сенеж обучен участник в рамк перв поток нача в ма год недавн стартова втор поток программ на отобра человек он приступ к обучен уж в июн по слов ректор ранхигсалекс комиссар программ врем гер за перв год работ фактическ определ нов для росс и мир карьерн траектор с фронт в руководител мног выпускник программ уж получ нов назначен на федеральн и региональн уровен сред он полпред президент в уральск федеральн округеартем жог ври губернаторатамбовск областиевген первыш руководител движен перв артур орл сенаторалекс кондрат в перв поток ест уж бол успешн и высок назначен сообщ в ма комиссар отмет что эт не предел участник программ ещ не получ назначен остава в кадров резерв и все он так ил инач быт востребова подчеркива ран президент песок,2025-06-12,https://ria.ru/20250612/putin-2022396617.html
,москв июн ри новост выбор губернатор в курск област провод целесообразн и необходим заяв председател центральн избирательн комисс росс элл памфил выбор губернатор провод вкурск областицелесообразн и даж необходим в так ситуац мы должн обеспеч прав голосован за губернатор област ве жител где бы он ни наход сказалапамфилова заседан цик,2025-06-11,https://ria.ru/20250611/kurskaya-2022223674.html
,москв июн ри новост центральн избирательн комисс рф реш отлож голосован по избирательн кампан в восем приграничн район курск област следова из постановлен цик росс в ход заседан зампред центризбиркомарфникола булаевсообщ что избирательн комиссиякурск областипопрос цик росс отлож голосован по избирательн кампан должн быт пройт в сентябр год на территор восем муниципальн образован отлож голосован на выбор должн быт назнач на сентябр год на территор ряд муниципальн образован курск област говор в постановлен приня на заседан цик в сред выбор быт отлож в беловск большесолдатск глушковск кореневск льговск рыльск суджанск и хомутовск район курск област в един ден голосован пройт сентябр год запланирова окол тысяч избирательн кампан разн уровен в регион росс в тот числ не мен кампан по прям выбор высок должностн лиц,2025-06-11,https://ria.ru/20250611/golosovanie-2022212347.html
,москв июн ри новост избирк курск област попрос цик росс отлож голосован по избирательн кампан на территор восем муниципальн образован сообщ заместител председател центризбирк рф никола була в адрес центральн избирательн комисс июн поступ обращен избирательн комиссиикурск областис просьб о отложен голосован на выбор должн состоя сентябр год на территор муниципальн образован курск област сказалбулаевв ход заседан цик росс он уточн что избирательн комисс регион обрат с просьб отлож голосован по избирательн кампан,2025-06-11,https://ria.ru/20250611/vybory-2022214801.html
,москв июн ри новост рф миха мишустин утверд глав ространснадзор виктор гулин ран назнач времен исполня обязан руководител ведомств сообщ в правительств рф председател правительствамиха мишустинназнач руководителемфедеральн служб по надзор в сфер транспорт ространснадзор виктор гулин распоряжен о подписа говор в сообщен гулин перейт в ространснадзор в год где труд на различн должност в год стат заместител руководител служб в апрел год посл уход бывш руководител ространснадзоравиктор басаргина пенс гулин быт назнач времен исполня обязан глав ведомств,2025-06-11,https://ria.ru/20250611/mishustin-2022203514.html
,москв июн ри новост дистанцион электрон голосован в един ден голосован в год быт применя в субъект рф в четыр из он вперв сообщ председател центральн избирательн комисс росс элл памфил в год быт пода заявк на использован дэг ред мы внимательн он изуч предлага согласова проведен дэг тольк в регион исход из цел ряд внешн выз при в четыр субъект республик северн осет курганск магаданск исамарск дистанцион электрон голосован быт использова вперв сказалапамфилова заседан цик росс он такж отмет что за прошедш пят год при помощ дистанцион электрон голосован вроссиипроголосова свыш миллион избирател количеств кампан где планирова использова дан технолог в ред окол количеств избирател смоч приня участ в так голосован бол миллион добав глав цик,2025-06-11,https://ria.ru/20250611/pamfilova-2022198171.html
,москв июн ри новост в фрг мног человек стрем развива отношен с росс рф никогд не предпринима шаг прот интерес герман заявилпредседательгосдум вячесла володин мы знат что вфргмног человек искрен стрем развива отношен сросс мы с сво сторон всегд и искрен стрем к и не сдела ни один шаг прот интерес герман подчеркнут ни один говор в ответеволодинапредседател бундестаг юл клекнер размест на сайтегосдум,2025-06-11,https://ria.ru/20250611/germaniya-2022176231.html
,красноярск июн ри новост перв заммэр красноярск алекс шувал назнач исполня обязан глав город взам арестова владисла логин обвиня в получен крупн взятк сообща мэр город исполня обязан мэракрасноярсканазначн перв заместител глав город алекс борисович шувал в соответств с уста город красноярск к осуществлен полномоч глав город приступа перв заместител имет больш стаж пребыван в дат должност говор в сообщен официальн представительскрфсветла петренк понедельник сообщ что ведомств расследова уголовн дел в отношен мэр красноярскавладисла логиновап обвинен в получен взятк в особ крупн размер ч ст ук рф по верс следств в год логин получ от гендиректор коммерческ организац взятк бол чем миллион рубл как деньг так и в вид оплат строительств бан на принадлежа логин земельн участок взятк предназнача за обеспечен побед коммерческ организац в конкурс мку красноярск управлен дорог инфраструктур и благоустройств на выполнен ремонт городск дорог как отмет петренк в служебн кабинет логин в администрац красноярск в он жилищ а такж в управлен дорог инфраструктур и благоустройств быт провест обыск и выемк в ход обнаруж и изъя документ связа с заключен исполнен и оплат муниципальн контракт а такж ин предмет и документ имет значен для следств реготделен парт един росс в понедельник приостанов членств логин в вторник басма судмосквыарестова логин до август заседан проход в закрыт реж угроз разглашен тайн следств логин занима должност глав город красноярск с сентябр год до он проработа пят год в должност заммэр начина карьер в транспортн сфер с по год труд в дорожн предприят регион включ руководств транспортн цех и отдел снабжен в год работа директор по снабжен и коммерческ директор оа асфальтобетон завод зат перейт на муниципальн служб последовательн выполня обязан заместител руководител городск департамент снача городск хозяйств пот муниципальн заказ руковод такж администрац два район красноярск свердловск и советск,2025-06-11,https://ria.ru/20250611/krasnoyarsk-2022157622.html
,москв июн ри новост внутрен смут и потрясен в истор росс част подпитыва и разжига извн заяв президент рф владимир путин конечн мы нужн помн урок истор помн чем оборачива внутрен смут и потрясен практическ всегд подпитыва и разжига извн сказа глав государств на совещан с постоя член совбезарфт реж видеоконференц путинтакж отмет что мы важн береч и укреплен сплочен обществ,2025-06-10,https://ria.ru/20250610/putin-2022070706.html
,москв июн ри новост помощник президент росс владимир мединск глав мид рф серг лавр директор служб внешн разведк свр росс серг нарышкин а такж рф татья голик выступ с доклад на больш совет безопасн рф у президент рф владимир путин сообщ рф дмитр песок в вторникпутинработа провест заседан совет безопасностирф котор быт посвят защит ценност сообщилпеск быт доклад различн эт и докладголик докладлавр докладнарышкин выступ ивладимир мединск помощник президент и от губернаторск корпус губернатор автономн округадмитр артюх и быт обм мнен выступлен президент достаточн объемн быт открыт для сми сказа песок журналист он добав что кремл попрос секретар совет безопасн рфсерг шойгурассказа пресс о тот как вест обсужден на заседан,2025-06-10,https://ria.ru/20250610/sovbez-2022042439.html
,москв июн ри новост губернатор забайкальск кра александр осип в критик генпрокурор рф выплат сем погибнут боец сво заяв что отправля в отставк правительств регион а кажд член камбин понест персональн ответствен он сообщ что по итог виз генпрокурорарфпровет внеочередн заседан правительств забайкал с участ прокурор кра александр яновск приня след решен отставк правительств в близк врем кажд член правительств кра должн представ результат сво работ оперативн реш проблем гражданин поступ генпрокурор за факт попустительск отношен при исполнен сво обязан кажд понест персональн ответствен написалосип генпрокурор рф красн на прошл недел назва бездуш отм региональн выплат для сем погибнут участник спецоперац посл обращен на личн при гражданин вчитевдов участник сво он не получ региональн выплат действ быт приостанов в год красн поруч прокурорузабайкальск краяоперативн разобра с вопрос восстановлен этот ран отмен единовремен выплат а бизнесм в чит пожалова на отсутств дорог электричеств и интернет в кра на встреч генпрокурор обсужда с предпринимател проблем вмешательств в хозяйствен деятельн неисполнен региональн оператор обязательств по вывоз тверд коммунальн отход нарушен при таможен контрол и друг нарушен прав бизнесм,2025-06-10,https://ria.ru/20250610/zabaykale-2022010028.html
,москв июн ри новост заседан совбез рф быт посвят совершенствован госполитик в сфер защит ценност сообщ президент рф дмитр песок в вторник президентроссиивладимир путинработа провест заседан совет безопасн рф сообщилпеск тем быт вопрос о совершенствован государствен политик в сфер защит традицион ценност чрезвычайн важн тем сказа песок журналист,2025-06-10,https://ria.ru/20250610/peskov-2021979103.html
,москв июн ри новост совет федерац и профильн комитет обсуд кандидатур игор крупн на должност заместител председател верховн суд рф сообщ глав конституцион комитет совфед андр клишас в сво всовет федерациипоступ представлен президентарфт в путин о назначен суд верховн суд российск федерац крупн игор владимирович на должност заместител председател верховн суд российск федерац председател судебн коллег по административн дел верховн суд российск федерац написа он сенатор отмет что возглавля он комитет рассмотрет указа кандидатур на заседан июн и предлож совет палат рассмотрет вопрос о назначен кандидатур на указа должност на очередн заседан совет федерац июн,2025-06-10,https://ria.ru/20250610/sovfed-2021954282.html
,курск июн ри новост пост исполня обязан министр физкультур и спорт курск област покинут вячесла харитон он мест заня ран возглавля минспорт белгородск област натал жигал сообщил курск правительств уточня что ран он возглавля министерств спортабелгородск област,2025-06-09,https://rsport.ria.ru/20250609/haritonov-2021890038.html
,москв июн ри новост помощникпрезидент рф владимир мединск отмет что руководств украин в степен начина напомина латиноамериканск диктатор вед тот тож быт хорош ребят и мног обеща на выбор,2025-06-09,https://ria.ru/20250609/medinskij-2021872603.html
,москв июн ри новост поручен президент рф владимир путин каса реализац нов нацпроект должн быт исполн в максимальн коротк срок заяв рф миха мишустин глав государств поруч не сбавля динамик и уж сейчас формирова нов цел конечн объективн оценива сво возможн там где уж достигнут планов показател став бол амбициозн задач по преображен наш стран улучшен качеств жизн человек ещ раз подчеркнут все поручен президент должн быт исполн в максимальн коротк срок сказалмишустин совещан с правительств,2025-06-09,https://ria.ru/20250609/mishustin-2021826658.html
,москв июн ри новост правительств рф одобр законопроект о усилен уголовн ответствен за нарушен законодательств о иноагент сообщилглавакомитет гд по безопасн васил пискар правительстворфодобр подготов комиссиейгосдумып расследован факт иностра вмешательств законопроект о усилен уголовн ответствен за нарушен законодательств о иноагент написа он в сво депутат рассказа что законопроект предлага внест изменен в част один и два стат ук рф исключ из диспозиц услов о совершен лиц повторн административн правонарушен в течен один год и установ однократн административн преюдиц положительн отз мы такж получ от верховн суд рф готов законопроект к внесен в государствен дум добав глав комитет гд,2025-06-09,https://ria.ru/20250609/otvetstvennost-2021816968.html
,москв июн ри новост у президент рф и сша владимир путин и дональд трамп рабоч отношен и в разговор по телефон он сраз переход к сут заяв министр иностра дел росс серг лавр я счита что отношен установ межд президент ещ в перв срокдональд трамп он рабоч он не нужн никак прелюд предислов он сраз в ход контакт регулярн телефон сраз приступа к сут я каза так и над работа хорош всегд напрям излага сво позиц тогд не быт и иллюз и несб надежд сказа он на форум будущ,2025-06-09,https://ria.ru/20250609/lavrov-2021783689.html
,велик новгород июн ри новост новгородск областн дум назнач выбор губернатор регион на сентябр проект постановлен в понедельник депутат рассматрива на внеочередн заседан как поясн спикер облдумыюр бобрыш депутат должн назнач выбор в промежуток не ран чем за ден и не поздн чем за ден до ден голосован президентроссиивладимир путин феврал подписа указ о досрочн прекращен полномоч губернаторановгородск областиандр никитин приня он отставк по собствен желан причин отставк с пост глав регион стат переход на друг работ никитин быт назнач заместител министр транспорт росс перв заместител губернатораалександр дроновс март быт назнач путин ври губернатор в конец ма дрон сообщ что планирова идт на выбор губернатор от един росс,2025-06-09,https://ria.ru/20250609/oblduma-2021771763.html
,новосибирск июн ри новост глав республик алта андр турчак в понедельникподписалуказ о отставк правительств регион нов соста представ уж на этот недел подписа указ о отставк правительствареспублик алта с сегодняшн ден кабинет министр работа в статус исполня обязан написа глав республик в сво он поясн что по нов приня в апрел год положен конституц республик председател правительств он заместител и все министр быт проход обязательн согласован с депутат региональн парламент госсобран представ будущ соста правительств уж на этот недел депутатск корпус рассмотрет предлож кандидатур на сесс июн сообщилтурчак ключев изменен конституц регион коснут разделен пост глав республик и председател правительств турчак поясня что председател правительств быт отвеча за текущ операцион деятельн реализац нацпроект и республиканск программ глав республик алта быт ответствен за вопрос стратегическ развит регион выполнен поручен президент и премьерарф а такж представля республик в отношен с федеральн орга власт,2025-06-09,https://ria.ru/20250609/turchak-2021705183.html
,москв июн ри новост парт един росс выдвинут ростисла гольдштейн кандидат на должност глав республик ком сообщ веротмет что решен приня делегат конференц реготделен парт в сво очеред жегольдштейнотмет что президент постав перед он задач созда вкомифорп опережа развит русск север у мы ест команд настоя патриот способн этот задач выполн от молод специалист до ветера сво от учител до предпринимател наш программ эт возвращен ком статус регион котор можн горд и в хотет жит мы восстановим репутац республик через конкретн дел созда современ услов жизн развернут экономик так чтоб молод специалист связыва карьер с ком а сем стро зде план на будущ цитирова гольдштейн ран президентрфвладимир путинпредлож гольдштейн возглав республик ком,2025-06-08,https://ria.ru/20250608/kandidat-2021629870.html
Володин обратился в бундестаг из-за слов Мерца о Второй мировой войне,москв июн ри новост председател госдум вячесла володин направ обращен глав бундестаг и лидер пят фракц заявлен канцлер герман фридр мерец о итог втор миров войн главн в материа ри новост,2025-06-06,https://ria.ru/20250606/volodin-2021441211.html
,москв июн ри новост президент росс владимир путин назва мордов в числ регион где достаточн хорош продвига решен демографическ проблем мы вчер с татья алексеевич голик ред вечер обсужда все этот вопрос и он назва я некотор регион где проблем ест и реша так вял прям скаж а ест и тот где работ двига и с достаточн хорош результат один из так регион эт мордов сказалпутинв пятниц на заседан совет по стратегическ развит и нацпроект,2025-06-06,https://ria.ru/20250606/putin-2021402545.html
,москв июн ри новост президент росс владимир путин на заседан совет по стратегическ развит призва продолж напряч работ по реализац национальн проект с учет прозвуча в ход встреч замечан дава быт работа далек так же напряжен как эт быт до се пор с учет тот замечан быт сдела я прос и правительств и администрац президент все проанализирова и наверн быт правильн есл мы оформ эт в вид поручен чтоб нич из тот что мы сегодн обсужда не заб сказалпутин заверша заседан совет по стратегическ развит и национальн проект,2025-06-06,https://ria.ru/20250606/putin-2021398704.html
,москв июн ри новост президент рф владимир путин сообщ что обсуд ряд вопрос в закрыт реж с миха мишустин денис мантур мэр москв серг собянин замглав администрац президент макс орешкин и министр финанс антон силуанов путинв пятниц провест заседан совет по стратегическ развит и национальн проект он пройт в смеша формат президент находилисьмишустин мантур орешкин силуанов исобянин друг участник подключ к заседан по вкс мы в так публичн част сейчас быт заканчива пот что у мы ещ с коллег зде очн присутствова ест ещ нескольк вопрос мы в закрыт реж пообсужда сказа путин,2025-06-06,https://ria.ru/20250606/vopros-2021396231.html
Путин поручил оформить поручения по итогам Совета по нацпроектам,москв июн ри новост президент росс владимир путин поруч оформ предложен озвуч на совет но стратегическ развит и нацпроект в вид поручен прос правительств и администрац президент все проанализирова и наверн быт правильн есл мы оформ эт в вид поручен чтоб нич из тот что мы сегодн обсужда не заб сказалпутин заседан совет по стратегическ развит и нацпроект,2025-06-06,https://ria.ru/20250606/putin-2021396112.html
,москв июн ри новост президент росс владимир путин сообщ что в четверг обсуд с рф татья голик решен проблем демограф в российск регион мы вчер с татья алексеевич ред вечер обсужда все этот вопрос решен демографическ проблем ред и он назва я некотор регион где проблем ест и реша вял так прям скаж сказалпутинмантур на заседан совет по стратегическ развит и нацпроект он отмет что при ест такж и регион в работ по улучшен ситуац с демограф продвига и с достаточн хорош результат один из так регион мордов,2025-06-06,https://ria.ru/20250606/demografiya-2021395230.html
,москв июн ри новост президент росс владимир путин сообщ что утр в пятниц разговарива с гендиректор госкорпорац роскосмос дмитр баканов мы сегодн с утр разговарива с генеральн директор госкорпорац роскосмос баканов дмитр владимирович сказалпутин заседан совет по стратегическ развит и нацпроект в реж видеоконференц,2025-06-06,https://ria.ru/20250606/putin-2021390641.html
,москв июн ри новост соответствова правов баз нужн для привлечен негосударствен финансирован в космическ отрасл заяв президент росс владимир путин мы на последн совещан говор о необходим сдела все необходим для тот чтоб привлеч внебюджетн финансирован все стран мир идт по пут а для нужн приня соответствова нормативн баз созда этот нормативн баз пот что над коммерциализирова услуг сказалпутин заседан совет по стратегическ развит и нацпроект в сво очеред глав роскосмос дмитр бакановрассказа что работ в вопрос вест по два направлен перв услуг связ втор дистанцион зондирован земл космическ аппарат оптическ съемк в последн по слов баканов подготов все решен чтоб с год появ платност услуг за снимок пок нет у бизнес пониман как быт возвраща влож деньг никак движен не быт быт тольк один движен в сторонуминфин с цел выб из он дополнительн ресурс замет путин с сво сторон бакан поясн что общ нормативн баз уж приня оста последн акт тариф за конкретн качеств съемк планирова заверш работ до конец лет завер бакан однак путин подчеркнут что в дан вопрос важн не тольк тариф но ещ важн требован с сторон правительств к участник деятельн глав роскосмос рассказа что такж ест договорен с минфин что все снимок до метр так называ высокодетальн быт платн а снимок от метр до метр быт предоставля на бесплатн основ договорен эт хорош дел эт нача пут но нужн нормативн документ над он подготов и внедря в практическ жизн экономическ сказа путин,2025-06-06,https://ria.ru/20250606/finansirovanie-2021385543.html
,москв июн ри новост президент рф владимир путин отмет важност зафиксирова тот сфер в росс предстоя обеспеч глобальн технологическ лидерств нужн зафиксирова тот сфер и област где предстоя обеспеч настоя глобальн технологическ лидерств и компан и научн центр предприят сказалпутин совет по стратегическ развит и нацпроект,2025-06-06,https://ria.ru/20250606/liderstvo-2021362320.html
,москв июн ри новост глав мид рф серг лавр пожела глав мид абхаз олег барциц успех на нов пост и напомн о стабильн увеличен товарооборот межд стран в год работ министр торгпред республик в росс как я понима эт ваш перв виз вроссиюв нов качеств посл назначен в апрел в дополнен к письмен поздравлен разреш ещ использова этот возможн чтоб в личн контакт пожела вы успех на нов поприщ на благ республик абхаз сказаллавроввмоскв встреч с абхазск министр глав мид рф отмет что российск сторон помн о продолжительн работ нов министр в качеств торгов представителяабхаз росс дат товарооборот устойчив раст с кажд год конечн в ест и вклад торгпредств в москв добав лавр,2025-06-06,https://ria.ru/20250606/lavrov--2021315677.html
,москв июн ри новост министр иностра дел абхаз олег барциц в ход встреч с глав мид росс серг лавр поздрав он с вручен орд свят апостол андр первозва хотет сердечн поблагодар вы серг викторович за приглашен посет российск федерац с виз за поздравлен быт отправ в мо адрес и за радушн сердечн при мы оказыва такж пользова возможн хотет сердечн поздрав вы с вручен вы орд свят апостол андр первозва очен высок наград росс сказа он в ход переговор с министр иностра делроссиисерг лавр он добав что вабхазииглубок уважа и цен усил лавр он прикладыва на протяжен длительн врем для укреплен взаимоотношен республик абхаз и российск федерац и защит в тот числ интерес абхаз ран резидент россиивладимир путин церемон в екатерининск зал кремл вруч лавр орд свят апостол андр первозва указ о награжден лавр быт подписа в март согласн указ он наград за выда заслуг перед отечеств больш вклад в разработк и реализац внешнеполитическ курс рф многолетн плодотворн государствен деятельн,2025-06-06,https://ria.ru/20250606/lavrov-2021315142.html
,москв июн ри новост президент рф дмитр песок назва нов нацпроект запуст в год главн инструкц по достижен цел развит росс президент сообщ что глав государствавладимир путинв пятниц провест заседан совет по стратегическ развит и национальн проект он пройт в смеша формат президент быт наход председател правительствамиха мишустин мантур замглав администрац президентамакс орешкин министр финансоврфантон силуанов мэрмосквысерг собянин друг участник подключ к заседан повкс в год быт запуст нов нацпроект эт главн можн сказа инструкц по достижен цел национальн развит как раз о ход работ в направлен сегодн и пойт реч сказалпесковжурналист он отмет что в ход заседан быт вступительн слов президент доклад мишустин и собянин кром тот выступ председател государствен корпорац развит вэб рфигор шувалов глав исполк народн фронтамиха кузнец по ход работ по отдельн направлен в частност технологическ лидерств выступ мантур по нацпроект беспилотн авиацион систем рассказа витал ред савел быт разумеет обм мнен больш содержательн мероприят котор долг готов добав песок,2025-06-06,https://ria.ru/20250606/peskov-2021299706.html
,москв июн ри новост большинств россиянин доверя президент рф владимир путин респондент одобря он деятельн на пост глав государств следова из результатовопросааналитическ центр вциом восем из деся респондент заяв что доверяютпутин недовер глав государств выраз респондент кром тот гражданрфодобря он деятельн на пост президент не одобря работ правительств росс одобря россиянин не одобря при о довер глав кабмин рфмиха мишустинузаяв респондент сказа что не доверя он согласн дан опрос опубликова на сайтевциом на вопрос за как парт он бы проголосова есл бы выбор вгосдумусостоя в близк воскресен россиянин назва един росс лдпр кпрф парт нов человек парт справедлив росс патриот за правд кром тот опрос россиянин указа непарламентск парт инициативн опрос провест ма июн год сред тысяч россиянин старш год метод опрос телефон интерв по случайн выборк мобильн номер максимальн размер ошибк с вероятн не превыша,2025-06-06,https://ria.ru/20250606/opros-2021255158.html
,москв июн ри новост большинств россиянин скор хорош оценива работ президент рф владимир путин респондент заяв о довер глав государств следова изданныхопрос фом восем из деся опрос заяв чтопутинскор хорош работа на пост президентаросс респондент придержива противоположн мнен кром тот россиянин заяв что скор доверя президент рф недовер путин выраз респондент согласн результат опрос опубликова на сайтефом бол половин опрос счита что российск правительств работа скор хорош респондент счита что кабмин рф работа скор плох работ глав правительств россиимиха мишустинаположительн оценива гражданин опрос скор недовольн он работ респондент такж предлож представ что в след воскресен состоя выбор вгосдумурф мен половин сказа что проголосова бы за един росс отда бы голос залдпр закпрф за парт нов человек за справедлив росс еженедельн опрос фомнибус провест ма июн год сред тысяч респондент в возраст старш год из насел пункт в субъект рф метод опрос интерв по мест жительств респондент статистическ погрешн не превыша,2025-06-06,https://ria.ru/20250606/putin-2021251137.html
,москв июн ри новост президент рф владимир путин указ расшир список основн задач совет по стратегическ развит и нацпроект в частност орга такж быт подготавлива предложен по совершенствован деятельн институт развит при достижен национальн цел и реализац национальн проект и программ глав государств подписа указ о внесен изменен в положен о совет при президентерфп стратегическ развит и национальн проект документ быт опубликова в четверг документ внос изменен в пункт положен о основн задач совет дополн подпункт ж след содержан подготовк предложен президент российск федерац по совершенствован деятельн институт развит при достижен национальн цел и реализац национальн проект и программ сообща в документ кром тот совет быт рассматрива по предложен специальн рабоч групп результат достижен стратегическ ориентир определен для институт развит и участ институт развит в достижен национальн цел и реализац национальн проект и программ,2025-06-05,https://ria.ru/20250605/putin-2021181631.html
,москв июн ри новост цик росс представ логотип един ден посвят не тольк выбор но и побед в велик отечествен войн сообщ ворганизац в един ден голосован пройт сентябр год запланирова окол тысяч избирательн кампан разн уровен в регионеросс в тот числ не мен кампан по прям выбор высок должностн лиц мы представля логотип един ден голосован он посвят не тольк выбор но и основн тем год побед говор в сообщен в официальн так цик рф в цик такж обрат вниман на то что в пят регион назнач выбор выбор высок должностн лиц пройт вреспублик комииростовск област а выбор в законодательн собран в республик ком белгородск новосибирск ичелябинск област все о этот и друг избирательн кампан по выбор назнач на сентябр год можн узна у мы на сайт уточн в цик росс,2025-06-05,https://ria.ru/20250605/logotip-2021158690.html
,москв июн ри новост президент росс владимир путин и лидер сша дональд трамп имет общ пониман что он встреч необходим но должн быт должн образ подготов сообщ президент рф дмитр песок договорен о встреч не быт пот что ест общ пониман глав государств что встреч необходим но он должн быт должн образ подготов и должн быт весом результат так подготовк с тем чтоб уж произойт фиксац этот результат на высок уровен сказалпесковжурналист,2025-06-05,https://ria.ru/20250605/vstrecha-2021070559.html
,москв июн ри новост санкцион тематик никак не затрагива в ход разговор президент росс владимир путин и президент сша дональд трамп заяв президент рф дмитр песок в сред состоя телефон разговор междупутинымитрамп нет санкцион тематик никак не затрагива сказалпеск,2025-06-05,https://ria.ru/20250605/kreml-2021068222.html
,москв июн ри новост телефон разговор президент росс владимир путин и лидер сша дональд трамп быт конструктивн и нужн президент обсуд мног важн вопрос сообщ российск лидер дмитр песок в цел безусловн разговор ред быт конструктивн нужн президент действительн обсуд очен мног сущностн и важн вопрос сказалпесковжурналист,2025-06-05,https://ria.ru/20250605/razgovor-2021066811.html
,москв июн ри новост сенатор татья сахар быт ответствен руководител и достойн представля мурманск област в совет федерац заяв председател совет федерац валентин матвиенк сенатор отмурманск областитатья сахаровасконча на год жизн посл тяжел болезн татья анатолиевич быт мудр политик ответствен руководител принципиальн и порядочн человек всовет федерациион достойн представля мурманск област всегд стрем принос максимальн польз стран внос весом вклад в совершенствован российск законодательств мног вниман уделя вопрос эколог и природоохра деятельн написаламатвиенк телеграмм на им спикер мурманск облдум серг дубов матвиенк отмет что глубок опечал извест о кончин сахар татья анатолиевич облада качеств цен все кто он знат искрен и надежн сам уважа и цен человек добав председател сф сахар род июн год он занима пост зампредседател комитет совет федерац по политик и природопользован быт представител от законодательн представительн орга государствен власт мурманск област,2025-06-05,https://ria.ru/20250605/sakharova-2021061940.html
,москв июн ри новост президент росс владимир путин и американск лидер дональд трамп подтверд готовн остава на постоя связ друг с друг сообщ в сред журналист помощник президент рф юр ушак и президенттрамп и наш президент подтверд готовн остава на постоя связ с друг друг сказалушак говор о итог нов телефон разговор два лидер,2025-06-04,https://ria.ru/20250604/putin-2020973948.html
,москв июн ри новост президент росс владимир путин и президент сша дональд трамп договор продолжа контакт по украин в тот числ на высок уровен и по друг кана сообщ журналист помощник глав рф юр ушак лидер услов продолж и дал контакт по украинск сюжет в тот числ и на высок уровен такж на друг уровен и по друг кана сказалушак,2025-06-04,https://ria.ru/20250604/putin-2020971187.html
,москв июн ри новост в врем телефон разговор президент рф владимир путин и президент сша дональд трамп быт последовательн перевод заяв помощник президент рф юр ушак вы знат в ход телефон разговор перевод всегд осуществля последовательн всегд последовательн синхрон в ход телефон разговор практическ никогд не быва сообщ журналистамушак ран в средутрампзаяв что переговор спутин он такж заяв что бесед с путин быт позитивн но не тот что привест к немедлен мир,2025-06-04,https://ria.ru/20250604/putin-2020970412.html
,москв июн ри новост президент росс владимир путин и лидер сша дональд трамп в завершен телефон разговор охарактеризова обм мнен как позитивн и продуктивн сообщ помощник президент рф юр ушак в завершен бесед об лидер охарактеризова состоя обм мнен как позитивн и весьм продуктивн сказалушаковжурналист,2025-06-04,https://ria.ru/20250604/putin-2020968826.html
,москв июн ри новост разговор президент росс владимир путин и американск лидер дональд трамп длит час минут он заверш час назад заяв помощник президент рф юр ушак час назад заверш уж четверт телефон разговор наш президент с президентомсшадональд трамп есл интересн то разговор на раз продолжа час минут сказалушаковжурналист,2025-06-04,https://ria.ru/20250604/ushakov-2020967953.html
В Кремле раскрыли подробности телефонного разговора Путина и Трампа,москв июн ри новост президент владимир путин и дональд трамп провест телефон разговор сообщ помощник российск лидер юр ушак глав два стран в числ проч обсуд итог переговор в стамбул и атак всу на российск аэродр главн подробн в материа ри новост,2025-06-04,https://ria.ru/20250604/razgovor-2020966702.html
Трамп обсудил с Путиным атаки ВСУ на российские аэродромы,москв июн ри новост президент сша дональд трамп сообщ что обсуд по телефон с владимир путин атак всу на российск аэродр главн подробн в материа ри новост в минувш воскресеньеминоборонысообщ о террористическ атакахвс на аэродр в пят регион все удар противник в ивановск рязанск и амурск област отраз возгоран на объект в мурманск ииркутск областяхликвидирова жертв сред персона нет некотор причастн к налет уда задержа ответствен за теракт взят на себ глав киевск реж,2025-06-04,https://ria.ru/20250604/razgovor-2020959628.html
,вашингтон июн ри новост президент сша дональд трамп сообщ в соцсет truth social что обсуд с владимир путин атак всу на российск аэродр мы обсуд нападениеукраинын припаркова российск самолет а такж разн друг атак с об сторон написа он в сред вечер лидер два стран провест телефон разговор сред проч трамп заяв что не знат о план киевск реж нанест удар по аэродр в минувш воскресеньеминобороныросс сообщ о террористическ атакахвс на аэродр в пят регион все удар противник в ивановск рязанск и амурск област отраз возгоран на объект в мурманск ииркутск областяхликвидирова жертв сред персона нет некотор причастн к налет уда задержа ответствен за теракт взят на себ глав киевск реж,2025-06-04,https://ria.ru/20250604/tramp-2020958858.html
,москв июн ри новост президент росс владимир путин на совещан с правительств рф спрос глав мид рф серг лавр и помощник президент рф владимир мединск о комментар украинск сторон по повод соста делегац рф на переговор в стамбул как я докладыва ещ комментар с украинск сторон по повод соста и уровен наш делегац сказа глав государств в ход совещан с член правительстварфт реж видеоконференц обраща клавровуимединск лавр ответ что комментар быт анонимн он разогна по средств массов информац непосредствен к правительств никт не обраща тогдапутинобрат к мединск владимир ростиславович быт спрос президент нет владимир владимирович я все сказа спасиб ответ мединск втор раунд переговор росс иукраиныпрошет июн втурц встреч длит больш час в дворец чирага встамбул на он сторон обменя меморандум по урегулирован конфликт как сообщ по итог переговор глав российск делегац владимир мединск росс и украин договор о масштабн обм плен больн и тяжелоранен быт обменя по принцип ве на ве такж быт обменя плен в возраст до год общ потолок обм состав не мен человек кром тот сторон договор о прекращен огон на отдельн участок чтоб можн быт собра тел погибнут по слов мединск украинск сторон нача прорабатыва эт предложен но уж буквальн через два часавладимир зеленскийпубличн отреч от предполага договорен,2025-06-04,https://ria.ru/20250604/putin-2020910493.html
,с петербург июн ри новост губернатор вологодск област георг филимон рекомендова участник сво антон тропин на должност глав нюксенск муниципальн округ регион рекомендова на должност глав нюксенск муниципальн округ участник специальн воен операц участник региональн кадров программ гер русск север антон сергеевич тропин совместн усил быт формирова горизонт будущ в муниципалитет помим ваш высок заслуг как участник специальн воен операц доверя ваш управленческ интеллектуальн административн оп сказа на оперативн совещан в правительств регионафилимон губернатор прос поддержа кандидатур тропин доброволец разведчик командир рот наград нагрудн знак за отлич в служб ii степен медал за участ в сво и медал сувор ран сообща что доч юл шевцов занима должност глав нюксенск муниципальн округавологодск област опубликова в один из социальн сет видеоролик с подп ты че фраер попута ты знат кто мо мам мэр мы ты на сво отправ глав округ в связ с произойт принест извинен и сообщ что провест с доч серьезн разговор губернатор вологодск област сообщ что осужда поступок доч глав нюксенск муниципальн округ и счита высказыван девушк недопустим и оскорбительн филимон отмет что приня решен отправ глав нюксенск муниципальн округ в отставк он такж посоветова шевцов удел больш вниман воспитан доч по слов губернатор участ в сво чест и привилег а не наказан он сообщ что на должност нов глав муниципалитет с высок дол вероятн быт номинирова участник сво,2025-06-04,https://ria.ru/20250604/tropin-2020881400.html
,москв июн ри новост президент росс владимир путин в сред работа в он провест совещан с член правительств рф у он насыщен повестк ден сообщ президент рф дмитр песок президент сегодн работа в сегодн мы ожида что в течен президент провест совещан с член правительств в реж видеоконференц сегодн основн профильн тем котор долож шада максут шада министр цифров развит связ и массов коммуникац рф ред частичн быт в открыт реж частичн в закрыт эт работ и наработк в област коммуникацион сервис в наш стран и обеспечен технологическ суверенитет в этот област традицион быт и текущ вопрос быт полност в открыт реж сказа песок журналист он добав что в сред у президент ожида достаточн насыщен повестк,2025-06-04,https://ria.ru/20250604/putin-2020841327.html
,москв июн ри новост президент росс владимир путин в сред вечер планирова провест нескольк международн телефон разговор заяв глав государств дмитр песок у президент быт рабоч встреч и вечер наверн в район мы ожида нескольк международн телефон разговор сказа песок журналист,2025-06-04,https://ria.ru/20250604/putin-2020839991.html
,москв июн ри новост глав комитет совфед по конституцион законодательств и госстроительств андр клишас в критик обращен лидер справедлив росс серг мирон о возврат смертн казн нужн облада особ политическ дар и быт политик с больш букв чтоб обрат к гарант конституц с предложен открыт игнорирова решен конституцион суд российск федерац говор в публикац клишас напомн что согласн стат конституц росс глав государств явля гарант прав и свобод человек и гражданин а такж принима мер по охра суверенитет росс он независим и целостн в сред мирон попрос президент росс владимир путин отмен моратор на смертн казн добав что эт необходим в услов возникновен угроз национальн безопасн,2025-06-04,https://ria.ru/20250604/klishas-2020818827.html
,екатеринбург июн ри новост дум автономн округ лиш депутат от фракц кпрф халид должност зампредседател комитет региональн парламент по социальн развит посл он высказыван о тот что регион явля историческ родин узбек парламент в конец ма на один из заседан дум заяв что мигрант в частност узбек еха вюгр на историческ родин заявлен вызва обществен резонанс член спч при президентероссиикирилл кабановназва высказыван экстремистск а нескольк депутатовгосдумыпросилигенпрокуратуруда слов правов оценк внест изменен в постановлен автономн округ в связ с принят комитет дум по социальн развит решен о освобожден от обязан заместител председател комитет дум автономн округ по социальн развит халид боюкаг огл говор в сообщен спикер окружн думыборис хохряковподчеркнут что заявлен не тольк скомпрометирова себ но и вызва шквал обществен критик в тот числ в адрес дум автономн округ тем сам наруш прав депутатск этик нанест репутацион вред орга государствен власт уточня что депутат объяв публичн порицан и потребова от он принесен публичн извинен помим по решен член постоя комисс в прокуратур округ направ запрос с цел оценк действ на предмет соответств требован федеральн законодательств как отмет хохряк в настоя момент депутат не моч лиш член фракциикпрфмандат в связ с тем что нарушен депутатск этик не относ к основан для отставк сам на сво страниц в соцсет вконтакт ран принест извинен за сказа и заяв что хот реплик дат возможн он неоднозначн трактовк высказа быт имен предположен а не категоричн утвержден,2025-06-04,https://ria.ru/20250604/tagi-zade-2020815638.html
,москв июн ри новост совет федерац на заседан в сред назнач суд конституцион суд рф людм жарк на должност заместител председател суд кандидатур жарк на соответствова должност предлож президентрфвладимир путин жарк явля суд конституцион суд рф с год основн сфер е специализац трудов и государствен прав отмеча на сайт верхн палат российск парламент,2025-06-04,https://ria.ru/20250604/zharkova-2020809313.html
Америка грозит миру самым страшным,историк арнольд тойнб отмет что цивилизац никт не убива он соверша суицид процесс растянут в врем что бы мы ни тверд про укорот историческ цикл и чреват неприятн для ве кров летет в все сторон цивилизац бит в судорог царапа земл хрипет и колот хвост по земл имен эт на протяжен последн десятилет происход ссша стран словн дела себ харакир в замедл съемк снача о этот процесс говор стесня а ве кто пыта он озвучива называ конспиролог но как уж тут конспиролог тепер все официальн в foreign affairs тольк что выйт стат создател теор мягк сил америкиджозеф на эт посмертн публикац на умерет месяц назад и так же матер неолибера политолог роберт кохейн мощн старик озаглав текст конец американск столет тут важн даж не что говор а кто эт говор бол полвек дат автор тольк и дела что убежда мир в велич и непогрешим сво стран он и создава этот сам мягк сил непреста езд по ух населен земн шар а тепер вот увидет американск конец нет он продолжа дут в пропагандистск дуд повторя заучен мантр про сам богат и могуществен стран мир однак на и кохейн откровен предупрежда что все эт моч в одночас рухнут америк ослабет а разрушен послевоен международн порядок служ на благ сша пойт ускорен темп уперет неолибера он разумеет вин в упадок соедин штат президент трамп однак глядет с сторон хорош видн что тот стара скор закукл на сво континент и спаст остаток пресловут американск импер котор действительн распада на глаз отсюд и он попытк заключ мир на ве направлен где эт возможн трамп искрен стара доб мир наближн востоке наукраин спекиномон тож вест умиротворя бесед видет что ресурс на войн отчая не хвата а вот долома америк как раз оголтел неолиберальн экспансионизм певец котор и быт джозеф на земл он пух ве последн четверт век сша надрыва сверга закон лидер устраива мятеж и переворот разжига гражданск войн по мир не говор уж о бесконечн вторжен в друг стран югослав ирак афганиста лив сирия дал по список все эт быт геополитическ суицид в глаз мир вашингтон стат опасн сосед с гранат котор он норов заброс ты в окн а пот залезт в дом и все разграб к тот же эт быт очен накладн предприят один афганиста высоса из бюджет до два триллион доллар чтоб вест этот агресс приход залеза в долг в результат госдолг выраст до чудовищн размер а вмест с он и обязательств домохозяйств параллельн олигархат деиндустриализовыва америк вывод производств ваз то ест экономик вышиба он баз могуществ доллар как резервн валют быт подорва эт быт экономическ суицид заодн элит демпарт сша повер в конец истор реш прокомпостирова мозг человечеств все быт постав на кон дава внуш человек то что противореч норм естествен человеческ морал и здрав смысл культ лгбт и blm эвтаназ смен пол религ нищет духовн и материальн с он незабыва лозунг у я нич нет и я счастлив за цен не постоя влож в эт предприят от душ потеря триллион недополучен прибыл однак народ мир упорн не хотет смотрет на темнокож белоснежок в результат пресловут мягк сил америк на наш глаз поконч с себ нет тогоголливуд нет тот музык нет тот стил действительн успешн привлека к себ сердц миллиард человек по свет эт быт культурн суицид америк разв трамп эт все сдела да нет он как раз и пыта собра по кусочек тот америк котор мы потеря стран образец уда ли он эт больш вопрос базис определя надстройк а эроз экономик сша зайт так далек что обсужден возможн дефолт в август уж не выглядет стандартн политическ шо на раз все моч быт всерьез дел не в тот что в штат слаб президент дел в тот что ослабет он стран разумеет эт лиша событ всяк предсказуем но быт честн россияпримерн с год жит в хаос отличн справля и науч извлека из он сво выгод как говор наш китайск товарищ кризис эт возможн в мир свободн от американск гегемон мы продолж бит сво враг друж с сво друг и развива ни на кто не оглядыва есл руководств сша быт здрав оценива сво уменьш возможн и тума перспектив то быт сотруднича к взаимн выгод ну а есл там опя нача изобража из себ гегемон прост проигнорирова и пойт пут не хотет как хотет движен призна экстремистск и запрет в росс,2025-06-04,https://ria.ru/20250604/amerika-2020734930.html
,москв июн ри новост министр спорт рф миха дегтяр на пленарн заседан совфед в рамк правительствен час рассказа сенатор о реализац госполитик в сфер физическ культур и спорт для достижен национальн цел развит рф в нача заседан палат состоя выступлен председател сенат федеральн парламентасомалиабд хаш абдулл зат быт рассмотрет вопрос о назначен суд кс людм жарк на должност зампредседател конституцион сударф в повестк заседан закон о ратификац договор межд российск федерац и королевствомтаиланд выдач а такж закон о ратификац договор с республик сейшельск остр о взаимн правов помощ по уголовн дел сенатор рф рассмотрет изменен в кодекс в част клевет без отягча обстоятельств в кодекс о административн правонарушен о ответствен за продаж несовершеннолетн безалкогольн тонизирова напиток документ в частност устанавлива ответствен за нарушен прав розничн продаж безалкогольн энергетик несовершеннолетн есл эт действ не содержа уголовн наказуем деян в вид штраф для гражданин от до тысяч рубл для должностн лиц от до тысяч рубл для юридическ лиц от тысяч до тысяч рубл такж быт рассмотрет поправк в трудов кодекс о защит работник от необоснова депремирован в жилищн кодекс о усилен контрол собственник за работ управля организац в многоквартирн дом мкд реч идт о предоставлен гражданин обязательн отчетн о продела работ лиц осуществля деятельн по управлен мкд кром тот в повестк закон о совершенствован регулирован рынок биодобавк о биометр при совершен сделк с недвижим о защит должник от неправомерн действ с сторон взыскател просроч задолжен о усилен контрол за перевозк груз ещ один закон о проведен эксперимент по легализац гостев дом документ предлага провест в ряд регион росс эксперимент по предоставлен услуг гостев дом в индивидуальн жил дом эксперимент провод с сентябр год по декабр год при спикерсовфедавалентин матвиенкоран предлож через год дат прав российск регион сам принима решен по использован гостев дом,2025-06-04,https://ria.ru/20250604/sovfed-2020762960.html
,москв июн ри новост президент росс владимир путин наград посол росс в ватика ива солтановск орд александр невск соответствова указ опубликова в вторник на официальномпорталеправов акт за больш вклад в реализац внешнеполитическ курс российск федерац и многолетн добросовестн дипломатическ служб наград орд александр невск солтановск ива дмитриевич чрезвычайн и полномочн посол российск федерац вватикан представител российск федерац при суверен мальтийск орд по совместительств говор в документ,2025-06-03,https://ria.ru/20250603/putin-2020712615.html
,москв июн ри новост решен о публикац российск проект меморандум по украин быт приня помощник президент рф владимир мединск посл тот как документ быт обсуд с украинск сторон сообщ президент рф дмитр песок меморандум снача в закрыт реж быт переда украинск сторон состоя обсужден состоя такж публикац украинск документ быт мы переда он хот быт опубликова ещ до тот как сел за стол переговор но посл обсужден по он перв состоя быт приня так решен глав наш переговорн групп сказалпеск втор раунд переговор межд делегациямирфиукраиныпрошет встамбул понедельник встреч длит больш час российск делегац на переговор возглавля помощник президентавладимир мединск в он такж войт замглав мид рфмиха галузин начальник главн разведывательн управлен генштаб вс рфигор костюк замминистр обороныалександр фомин,2025-06-03,https://ria.ru/20250603/publikatsiya-2020650061.html
,москв июн ри новост контакт президент росс владимир путин и глав турц реджеп тайип эрдога моч быт оперативн организова при необходим пок в график российск лидер так разговор нет заяв президент рф дмитр песок так же как и с трамп при необходим при необходим он быстр созванива пок в график на близк ден у президент нет так разговор сказа песок журналист отвеча на вопрос ри новост планирова ли путин провест телефон контакт с президент турц,2025-06-03,https://ria.ru/20250603/peskov-2020649597.html
,москв июн ри новост президент росс владимир путин в вторник провест встреч с министр природн ресурс рф александр козл сообщ президент рф дмитр песок путинработа в кремл сегодн быт с доклад у президент министр природн ресурс и экологииалександр козл чрезвычайн важн направлен работ быт детальн доклад друг встреч внутрен контакт совещан президент быт нос сегодн не публичн характер сказалпесковжурналист,2025-06-03,https://ria.ru/20250603/putin-2020647177.html
,москв июн ри новост президент росс владимир путин в понедельник провест встреч с уполномочен при президент рф по прав ребенок мар ран детск омбудсм сообща что на встреч с глав государств в частност планирова предлож распростран по ве стран программ по сокращен числен ребенок в соцучрежден такж он собира подня в сво доклад президент тем и наркозависим родител в сем в прошл год в ход встреч провест всероссийск инспекц орга опек чтоб подготов предложен по он реформирован президент одобр этот иде и дат поручен провест так инспекц,2025-06-02,https://ria.ru/20250602/putin-2020441814.html
,варшав июн ри новост государствен избирательн комисс польш утверд побед карол навроцк в втор тур выбор президент польш заяв журналист председател комисс сильвестр марчиняк государствен избирательн комисс на основан протокол голосован получ от ве избирательн комисс установ что президентомпольшиизбранкарол тадеуш навроцк сказа марчиняк он уточн что за навроцк быт отда голос а за тшасковск голос в ход подсчет голос быт призна недействительн что составля глав госизбирк отмет что голосован пройт спокойн быт зафиксирова связа с выбор преступлен предусмотрет уголовн кодекс преступлен предусмотрет избирательн кодекс и два преступлен предусмотрет друг нормативн акт марчиняк напомн что в соответств с польск законодательств верховн суд польш в течен ден обяза призна результат выбор действительн ил недействительн для подач избирательн протест отвод ден,2025-06-02,https://ria.ru/20250602/navrotskiy-2020387683.html
,москв июн ри новост президент росс владимир путин подписалраспоряжение продлен до июл год срок федеральн государствен гражданск служб замглав мид рф серг рябков соответствова документ размест на сайт официальн опубликован правов акт в соответств с част стат федеральн закон от июл год nº о государствен гражданск служб российск федерац продл срок федеральн государствен гражданск служб до июл год заместител министр иностра дел российск федерац рябков серг алексеевич говор в документ,2025-06-02,https://ria.ru/20250602/ryabkov-2020380302.html
,москв июн ри новост помощник президент владимир мединск приб в стамбул в глав российск делегац для нов раунд переговор с украин передава корреспондент ри новост переговор планирова завтр в в дворец чирага мединск заяв что все комментар по проект меморандум быт в понедельник он добав что видет сообщен о услов ки якоб включ в меморандум но реакц на он быт тож завтр по информац reuters ки предлож проект мирн урегулирован требован в схож с услов ран выдвинут он настаива на отсутств ограничен для вооружен всу отсутств международн признан освобод территор в соста росс и требова выплат репарац на встречемосквапереда меморандум по будущ мирн договор он включа все аспект для решен первопричин конфликт соста отечествен делегац быт тот же что и в предыдущ раунд мединск замглав мид миха галузин начальник главн разведывательн управлен генштаб российск вооружен силигор костюков замминистр обороныалександр фомин украинск делегац снов возглав министр оборон руст умер перв за три год встреч представител москв икиевасостоя ма в стамбул сторон договор провест масштабн на обм плен и представ виден возможн будущ перемир украин на переговор запрос встреч глав государств росс приня эт к сведен обм плен уж заверш,2025-06-01,https://ria.ru/20250601/medinskiy-2020339516.html
,москв июн ри новост ответ на все атак всу по территор росс в воскресен должн быт и быт заявилглавакомитет совет федерац по конституцион законодательств и госстроительств андр клишас ран губернаториркутск областиигор кобзевсообща что дрон атакова воен част в иркутск област губернатормурманск областиандр чибис в сво очеред такж сообща о налет беспилотник на возглавля он регион о крушен поезд в брянск и курск област чита в,2025-06-01,https://ria.ru/20250601/ataki-2020299320.html
,москв июн ри новост мир след за кажд слов президент росс владимир путин поскольк он лидер очен важн стран заяв глав государств дмитр песок мир реагирова на словапутин с больш вниман след за кажд слов путин пот что путин лидерросс очен важн стран сказалпесковжурналист росс павел зарубин,2025-06-01,https://ria.ru/20250601/peskov-2020278380.html
,велик новгород ма ри новост ври губернатор новгородск област александр дрон планирова идт на выбор глав регион от парт един росс передава корреспондент ри новост ввелик новгородет новгородск техническ школ состоя встреч кандидат на должност губернаторановгородск областис секретар местн и первичн отделен региональн отделен парт един росс в мероприят приня участ бол человек вы знат что в нача март президент росс поруч я возглав регион вперед выбор на я планирова идт от всероссийск политическ парт един росс я разделя ценност парт явля е сторонник отмет дрон он такж подчеркнут что в регион в год быт приня стратег развит котор сейчас над обнов стратег по слов дрон должн соответствова современ реал быт соотнос с нов национальн цел сформулирова президент стран владимир путин при быт сохран слож в област систем приоритет стратег быт вырабатыва с учет мнен эксперт и активн жител обнов стратег быт учитыва текущ показател опира на он став задач рост главн наш цел повышен качеств жизн человек добав дрон президент росс феврал подписа указ о досрочн прекращен полномоч губернатор новгородск областиандр никитин приня он отставк по собствен желан причин отставк с пост глав регион стат переход на друг работ никитин быт назнач заместител министр транспорт росс исполня обязан глав новгородск област стат перв заместител губернатор александр дрон с март быт назнач путин ври губернатор,2025-05-31,https://ria.ru/20250531/vybory-2020143194.html
,москв ма ри новост правительств росс обсуд законопроект упроща регистрац кандидат на выбор при пропуск срок подач документ сообща на сайт кабмин одобр проект федеральн закон о внесен изменен в стат и федеральн закон о основн гарант избирательн прав и прав на участ в референдум гражданин российск федерац и внест он в государствен дум в установ порядок говор в сообщен отмеча что принят законопроект позвол избежа отказ в регистрац список кандидат кандидат по одномандатн многомандатн избирательн округ в связ с истечен установлен закон срок представлен документ необходим для регистрац есл пропуск срок быт вызва отказ в заверен список кандидат список кандидат по одномандатн многомандатн избирательн округ и отказ быт отмен ил призна незакон,2025-05-31,https://ria.ru/20250531/kabmin-2020124236.html
,красноярск ма ри новост депутат законодательн собран красноярск кра захар енджиевск вернут с сво посл полугодов контракт заяв ри новост что планирова повторн отправ на служб а такж что не обраща вниман на сообщен относительн значительн снижен он вес енджиевск уйт доброволец на сво в конец ноябр год как сообща он тогд ри новост эт он гражданск позиц и обдума решен на ден депутат краев заксобран вернут из зон сво он отпуск совпаст с проведен сесс в парламент депутат заксобраниякрасноярск краяденис терех сообщ что коллег приветствова енджиевск аплодисмент захар львович человек привыкнут дела добр и важн дел тих без пиар и шумих мы приветствова он сегодн аплодисмент написа терех в сво сам енджиевск поздн сообщ что на сесс перед депутат постав вопрос о ужесточен контрол за оказан мер поддержк красноярец заключ контракт сминоборон рф столкнут с ситуац когд красноярск боец в тот числ и наш подразделен получа денежн сумм не полност эт создава определен социальн напряжен сказа он в социальн сет несмотр на возвращен енджиевск с сво и план повторн убыт для дальн служб местн сми активн обсужда друг обстоятельств значительн снижен вес депутат ран известн сво крупн фигур я не обраща вниман на обсужден то что обсужда мо вес ил ещ я на эт вниман не обраща сказа енджиевск отвеча на вопрос о сво отношен к сообщен о вес отмет что способствова физическ нагрузк такж по слов депутат в зон проведен спецоперац он внов собира уеха через нескольк ден где продолж служб в подразделен беспилотн летательн аппарат буквальн через ден я уход на продолжен служб врем показа на как врем прим кажд мужчин должн служ и помога в этот ситуац наш стран чтоб приблиз побед отмет енджиевск,2025-05-30,https://ria.ru/20250530/deputat-2020046110.html
,ток ма ри новост виде с встреч президент росс владимир путин с вдов япон синдз абэ акиэ заня перв мест в электрон верс японск газет асах и иомиур в чем убед корреспондент ри новост в электрон верс газет асах виде с встречивладимир путинаиакиэ абэзанима перв мест несмотр на то что вяпониискор наступ ноч под виде подп господин путин встреч с госпож акиэ не забыва абэ в электрон верс газет иомиур виде с встреч и с поездк акиэ абэ кбольш театрузанима перв мест несмотр на то что что с момент публикац в газет пройт уж час и в япон уж конец ден в четверг путин приня в кремл акиэ абэ в ход бесед путин вспомн о добр личн отношен с покойн абэ и отмет что акиэ абэ всегд жела гост вросс акиэ абэ в сво очеред заяв что росс для япон очен важн сосед он отмет важност культурн контакт междумосквойиток даж в сложн период как рассказа путинадмитр песок в ход бесед с абэ президент предлож он посмотрет в больш театр и предостав он президентск лимузин для перемещен по город генеральн секретар кабинет министр японииесимас хаясив ход в пятниц заяв что правительств не взаимодействова с акиэ абэ относительн он виз в росс и отказа он комментирова,2025-05-30,https://ria.ru/20250530/yaponiya-2020016914.html
,москв ма ри новост президент росс владимир путин в пятниц провест оперативн совещан с постоя член совбез рф сообщ глав государств дмитр песок путин работа в кремл президент в течен час нача оперативн совещан с постоя член совбез сказа песок журналист,2025-05-30,https://ria.ru/20250530/putin-2019942247.html
,москв ма ри новост екатерин шульма физическ лиц выполня функц иноагент обжалова штраф в размер тысяч рубл назнач он за участ в организац деятельн в рф призна нежелательн сообщ ри новост в мещанск суд москв зарегистрирова жалоб на постановлен по дел о административн правонарушен сказа в суд шульма оштрафова в апрел согласн официальн судебн документ реч идт о берлинск центр карнег по изучен росс и евраз организац призна нежелательн врф представител шульма в суд заявля что он вин не доказа и нет основан для привлечен к административн ответствен эксперт структурн подразделен берлинск центр карнег по изучен росс и евраз шульма быт м не явля документ о тот что последн имет отношен к указа организац материа дел не содержа следова из документ по стат коап рф он гроз штраф до тысяч рубл ран он штрафова за отсутств маркировк иностра агент в контент минюст внест шульма в список иноагент в апрел год в врем рассмотрен в суд е жалоб на эт решен быт установ что он получа финансирован изканад герман ирланд сша от российск организац с иностра капита в тот числ от оксфордск российск фонд и фонд карнег физическ лиц выполня функц иноагент берлинск центр карнег по изучен росс иевраз,2025-05-30,https://ria.ru/20250530/shulman-2019916250.html
,москв ма ри новост миха каток власт молдав преследова тот кто хот симпатизирова москв дойт до оправдан фашизм местн наблюдател отмеча что сейчас для президент май санд главн побед на парламентск выбор о последств сво действ он задума пот что происход в кишин в материа ри новост над башка глав гагаузск автоном молдав евген гуцул нависнут угроз отставк ма исполн ден с тот пор как он в последн раз быт на работ по закон достаточн для увольнен утвержда он адвокат серг морар возника обстоятельств прописа в част стат уложен гагауз там в частност говор есл в течен ден лиц занима должност башка не моч выполня сво обязан то должност моч быт объяв вакантн но для суд должн подтверд что лиц занима должност башка не моч исполня сво обязан в течен ден суд не моч самостоятельн инициирова процесс должн пода соответствова обращен эт моч быт люб заинтересова лиц поясня молдавск издан nokta live напомн гуцул задержа март при попытк улетет в турц под домашн арест он проб как минимум до июн власт молдав обвиня гуцул в незакон финансирован запрет в республик парт шор за эт политик гроз от шест до деся год тюрьм следова отмет что президент молдав май санд сраз посл избран гуцул глав автоном отказа признава он побед и придержива этот позиц до се пор например по конституц башка должн заседа в правительств республик но с ни раз не произойт по мнен гуцул нынешн уголовн преследован попытк санд окончательн от он избав тем не мен председател заксобран гагауз дмитр константин уверен что увол башка за прогул не получ отстранен возможн тольк в тот случа есл быт приня окончательн решен судебн инстанц тольк тогд народн собран гагауз приня решен о нов выбор друг закон пут прост нет объясн константин вмест с тем он предполож что мног горяч голов пыта спровоцирова у гагауз агресс чтоб зат примен репресс но план по он слов не сужд сбыт я вы хотет завер что наш человек понима в как бед он попаст и что ждат наш недруг в так врем он станов ещ бол сплот подчеркнут спикер парламент гагауз примечательн что кишин провоцирова комрат не тольк давлен на гуцул так мид молдав отобра у константин дипломатическ паспорт повод стат он виз в москв в апрел чут больш год потребова для тот чтоб константин смоч доказа в суд незакон решен ведомств ма один из район судн кишин постанов вернут он документ ситуац котор возникнут сейчас с башка гагауз не моч мы не беспоко заяв посол росс в молдав олег озер мы рассчитыва на то что быт найт разумн и юридическ вывер выход из этот ситуац позвол сохран тот политическ конструкц котор не так прост вырабатыва в молдав тот закон в тот числ закон год о особ статус гагауз тож быт результат очен серьезн политическ процесс он обрушен как я представля созда бы риск для стабильн сам молдав межд тем борьб реж санд с оппозиц плотн связа с внешн политик стран официальн кишин в поддержива украин евросоюз и сша противник власт напрот хотет развива отношен с росс гуцул не стат исключен как известн в прошл год он вмест с парт шор и ряд друг организац быт на учредительн съезд блок побед в москв коалиц собира приня участ в парламентск выбор пройт сентябр однак санд успет приня закон полност исключа из предвыборн борьб люб организац связа с ила шор основател парт шор власт молдав утвержда что так образ не избавля от конкурент а защища стран якоб от агрессивн план росс использова оппозиционер как сво агент влиян борьб с москв и что с он хот связа уж довест кишин до межнациональн сканда в нов учебник истор для класс оправдыва действ румынск войск в год втор миров войн а солдат красн арм назва оккупант власт молдав проигнорирова возмущен российск коллег однак в дел вмеша местн еврейск общин че представител заяв о недопустим обелен убийц тысяч евр в результат минобразован стран соглас провест консультац с недовольн согражданин но тот уж готов заявлен в суд политическ аналитик дмитр кис отмеча что поправк в уложен гагауз при помощ санд моч избав от гуцул быт внест в прошл год но сдела эт не сторонник президент молдав а противник в прошл год гуцул уж быт под следств поэт депутат реш подстрахова чтоб автоном не оказа обезглав несмотр на то что в закон не указа кто имен должн обрат в суд скор эт сдела либ член парламент гагауз либ госканцеляр представител президент молдав как бы там ни быт у суд быт ден на рассмотрен заявлен в случа утвердительн решен последн слов оста за парламент он либ утверд отставк башка и тогд через три месяц пройт выбор нов глав гагауз либ провал он в последн случа образова вакуум власт объясня кис при указыва он в случа досрочн выбор след башка внов моч стат представител шор несмотр на то что связ с бизнесм запрет кандидат прост не быт он афиширова кром тот высок шанс на побед у бывш глав автоном ирин влах есл он захотет вернут в должност что каса сторонник санд то в гагауз побед он не смоч политолог игор тулянец счита что санд дав на гуцул в рамк общ стратег работ с оппозиц президент молдав моч пойт на все рад удержан власт он исход не из далекоидущ план по развит государств а из сво ежеминутн потребн санд не дума о последств а представител ес в он поддержива говор тулянец сейчас санд активн готов к парламентск выбор напомина эксперт в услов честн голосован у он парт действ и солидарн нет шанс самостоятельн сформирова правительств но президент на эт и не рассчитыва санд знат что нужн фальсифицирова результат вопрос быт ли протестова благодар политическ репресс он уда запуга значительн част оппозиц котор уж выстро в очеред в он кабинет чтоб получ разрешен попаст в след соз парламент отмеча политолог вмест с тем он призыва молдавск оппозиц не отчаива по он мнен реж олигарх владимир плахотнюк быт ещ бол жесток однак в конец конец рухнут,2025-05-30,https://ria.ru/20250530/storonnik-2019586898.html
,москв ма ри новост межрегиональн кооперац с зарубежн партнер эт значим инструмент реализац внешнеполитическ интерес росс способствова укреплен позиц стран в мир говор в сообщениимид россиип итог участ министр иностра дел рф серг лавр в евразийск международн слушан дискусс пройт в профессиональн и конструктивн ключ выступлен иностра гост продемонстрирова возраста важност и востребован тем создан в больш евраз нов систем договорен и механизм в област безопасн подтверд солидарн сроссиейв е усил по установлен прочн мир и равноправн партнерств на континент говор в сообщен мид росс опубликова на сайт ведомств в он добав что участник встреч стат глав субъект федерац парламентар представител ведущ политическ парт представител делов круг и обществен организац из десяток стран мир в тот числ из недружествен государств отмет что в услов кардинальн перем геополитическ характер особ значен приобрета межрегиональн кооперац с зарубежн партнер как значим инструмент реализац российск внешнеполитическ интерес способствова укреплен позиц росс на миров ар упрочен основ суверенитет наш стран и развит регион отмет в мид росс,2025-05-29,https://ria.ru/20250529/mid-2019870388.html
,москв ма ри новост президент росс владимир путин на встреч с вдов синдз абэ акиэ абэ отмет что он всегд жела гост в росс глав государств в четверг приня в кремл наход вмосквевд бывш акиэ абэ синдз абэ погибнут в результат покушен июл год хотет бы вы сказа уважа госпож абэ вы всегд жела гост в наш стран вросс мы всегд рад вы видет сказалпутин встреч с акиэ абэ в кремл перед нача встреч президент росс такж преподнест акиэ абэ больш букет цвет,2025-05-29,https://ria.ru/20250529/putin-2019864622.html
,москв ма ри новост соста российск делегац на переговор с украин июн не измен заяв официальн представител мид мар захар в эфир программ минут на телекана росс тот же российск делегац исход из ответ он на соответствова вопрос в сред вечер министр иностра делсерг лавровобъяв что нов раунд переговоровросс украин пройт в понедельник июн в стамбул на он москв представ меморандум по будущ мирн договор содержа все аспект для преодолен первопричин конфликт российск сторон такж готов он поясн перв за три год встреч представител москв и ки состоя ма в стамбул сторон договор провест масштабн на обм плен и представ виден возможн будущ перемир украин на переговор запрос встреч глав государств росс приня эт к сведен масштабн обм плен уж заверш сейчас москв заканчива подготовк проект меморандум по будущ мирн договор,2025-05-29,https://ria.ru/20250529/zakharova-2019858395.html
,москв ма ри новост верховн суд рф отказа удовлетворя иск досрочн лишен полномоч депутат госдум юр напс в он прос отмен постановлен гд сообщ ри новост в суд в удовлетворен иск о отм постановлен государствен дум федеральн собран российск федерац о досрочн прекращен полномоч депутат напс юр аисович отказа рассказа в суд судебн заседан пройт сегодн ранеегосдумаединогласн постанов досрочн прекрат полномоч депутатанапс комисс по регламент и обеспечен деятельн гд выясн что с апрел год напс периодическ наход на больничн а в ден межд он отсутствова на работ в общ сложност он не быт в стен госдум окол два год бол ден из он без уважительн причин известн такж что окол два год напс прожива воаэ,2025-05-29,https://ria.ru/20250529/sud-2019800203.html
,москв ма ри новост президент рф владимир путин рассказа что в сред разговарива с глав республик татарста руст миннихан вчер с он тольк разговарива сказалпутинв рамк встреч с многодетн сем в ход бесед натал лукьян рассказа президент что в год когд он с сем ещ прожива в татарста он очен хотет поеха с муж и ребенок на летн отд вкрым но у он не быт для машин и ровн за недел до отпускаминнихановподар лукьян нов автомобил когд путин отмет что как раз в сред разговарива с глав татарста натал попрос президент переда он привет,2025-05-29,https://ria.ru/20250529/razgovor-2019797805.html
,москв ма ри новост разговор президент росс владимир путин и лидер сша дональд трамп состоя по мер необходим он моч быт согласова очен быстр заяв президент рф дмитр песок по мер необходим кана связ налад при необходим очен быстр можн согласова так телефон разговор сказалпесковжурналист ранеепутинсозвон с лидеромсш ма из здан музыкальн школ на территорииобразовательн центр сириус в ден глав государств наход с рабоч поездк всоч переговор продолжа бол два час как сообща российск лидер по итог бесед москвагот работа над меморандум ски включа и прекращен огон,2025-05-29,https://ria.ru/20250529/razgovor-2019745408.html
,москв ма ри новост нов разговор президент росс владимир путин и лидер сша дональд трамп пок нет в план сообщ российск лидер дмитр песок нет пок так план нет сказалпесковжурналист на вопрос нет ли в план разговор два лидер на фон грядущ переговор встамбул наканун глав мид рфсерг лавровзаяв что втор раунд прям переговоровроссиииукраиныпройт в стамбул июн,2025-05-29,https://ria.ru/20250529/razgovor-2019741467.html
,симферопол ма ри новост депутат госдум от крымск регион миха шеремет назва тупиков позиц канцлер герман фридр мерец по северн поток мерц ран заяв что сдела все возможн чтоб газопровод северн поток не быт запуст мерц заня агрессивн безответствен и тупиков позиц так ощущен что над разум мерец возоблада нацистск пораженческ настроен в ущерб мирн будущ герман и он гражданин сказа шеремет ри новост по он слов сво политик мерц опрометчив толка герман к обрушен он экономик и экономик зависим от он стран евросоюз газопровод северн поток тянут от побереж росс через балтийск мор до герман и состоя из два нитк общ мощност миллиард кубометр газ в год он строительств быт заверш в сентябр год идт работ над запуск котор быт прерва в феврал год а в сентябр тот же год взрыв быт уничтож об нитк северн поток и один из нитк северн поток втор не быт повред компан nord stream ag сообща что разрушен на газопровод беспрецедентн а срок ремонт оцен невозможн генпрокуратур росс инициирова дел о акт международн терроризм росс неоднократн запрашива дат по взрыв на северн поток но ни раз он не получ,2025-05-29,https://ria.ru/20250529/germaniya-2019683313.html
,москв ма ри новост втор раунд прям переговор росс и украин пройт в стамбул июн заяв глав мид серг лавр друг подробн в материа ри новост в сред президентадмитр песковзаяв что работ над российск проект меморандум заверша но кремл не быт через сми обсужда содержим документ по украин котор предстоя согласова перв за три год встреч представител москв и ки состоя ма встамбул сторон договор провест масштабн на обм плен и представ виден возможн будущ перемир украин на переговор запрос встреч глав государств росс приня эт к сведен масштабн обм плен уж заверш сейчас москв заканчива подготовк проект меморандум по будущ мирн договор,2025-05-28,https://ria.ru/20250528/lavrov-2019644258.html
"Трампа недостаточно информируют о ситуации на Украине, заявили в Кремле",москв ма ри новост президент сша дональд трамп не до конец понима что росс нанос удар тольк по воен объект украин заяв помощник президент юр ушак корреспондент росс павел зарубин трамп знат тольк о тот как ответн мер мы предпринима прич до конец не понима что мы бит исключительн по объект воен инфраструктур ил по объект впк отмет он по слов ушак глав бел дом в цел недостаточн информирова о реальн ситуац в контекст украинск кризис о тот как участ массирова террористическ атак производ украин прот мирн российск город уточн помощник президент на ден трамп резк высказа в адрес москв посл тот как российск войск нанест сер удар по украинск предприят а наканун он заяв что росс игра с огон официальн представительгосдепатэмм брюс призва не рассматрива этот слов как разочарован американск президент назва он человек руковод мирн усил в стольк разн регион представител кремлядмитр песок комментирова заявлен глав бел дом связа он с эмоциональн перегрузк характерн для ве участник переговорн процесс при москв подчеркнут он принима тот решен необходим для обеспечен безопасн государств,2025-05-28,https://ria.ru/20250528/ushakov-2019556902.html
,москв ма ри новост росс и украин скор обменя проект меморандум сообщ извест президент рф дмитр песок ран президентарфдмитр песковзаяв что переговорн команд росс иукраинызанима выработк перечен услов для времен перемир президент рфвладимир путин американск лидердональд трамп ма провест телефон разговор посвят в тот числ урегулирован конфликт на украин как сообщ российск лидер разговор длит бол два час такж российск президент заяв что рф готов работа с украинск сторон над меморандум по повод возможн будущ мирн договор тогд трамп сказа что не ввод нов санкц прот российск федерац пот что ест шанс урегулирован конфликт на украин,2025-05-28,https://ria.ru/20250528/ukraina-2019544563.html
,москв ма ри новост президент рф дмитр песок заяв что у росс как и у сша ест национальн интерес для российск сторон и президент рф владимир путин превыш определен имет огромн количеств нюанс в рамк тот что предстоя обсуд в ход переговор ред котор нельз жертвова и котор ни один из сторон не быт жертвова исход из сво национальн интерес так же как и у соедин штат уроссииест сво национальн интерес для мы превыш и он превыш для наш президент сказалпесковжурналист,2025-05-28,https://ria.ru/20250528/rossiya-2019537016.html
,москв ма ри новост президент рф дмитр песок призва аккуратн относ к сообщен сми по урегулирован на украин так как больш част явля фейк очен мног сейчас рассужден нередк больш част этот рассужден сейчас в сми явля абсолютн неверн ил явля фейк ил откровен лож нужн очен аккуратн к к относ сказалпесковжурналист,2025-05-28,https://ria.ru/20250528/peskov-2019534293.html
,москв ма ри новост президент росс владимир путин в сред приня наход в москв глав верхн палат парламент таджикиста мэр душанб руст эмома сообщ российск лидер дмитр песок президент приня сегодн наход вмосквепредседател верхн палат парламент республик таджикиста он же мэр городадушанб эмома быт кратк бесед сказалпесковжурналист,2025-05-28,https://ria.ru/20250528/putin-2019533689.html
,москв ма ри новост президент рф владимир путин четк дат поня что хулиган беспилотник в росс нельз за эт последова ответ заяв глав государств дмитр песок наш президент четк дат поня что никт не моч прост так беспилотник хулиган у мы вросс быт хулиган быт получа сказалпесковжурналист росс павел зарубин говор о атакахукраинып территор росс,2025-05-27,https://ria.ru/20250527/putin-2019407469.html
,москв ма ри новост в график президент рф владимир путин нет встреч с министр безопасн кндр ли чхан дэ наход в рф сообщ президент рф дмитр песок делегац министерств государствен безопасностикндрв глав с министр ли чхан дэ приб вросс где приня участ в международн встреч по вопрос безопасн вмоскв сообщ ри новост источник сейчас нет в график президент сказалпесковжурналист отвеча на соответствова вопрос,2025-05-27,https://ria.ru/20250527/putin-2019367124.html
,москв ма ри новост проект лидер росс политик насчитыва выпускник стат депутат госдум дво стат сенатор сообщ президент росс владимир путин по тот же модел прям открыт конкурсн отбор с год реализова и проект лидерыросс политик выпускник конкурс быт избра депутат государствен дум дво назнач сенатор сред выпускник и лидер сказа глав государств в ход заседан набсовет ан росс стран возможн путиндобав что в декабр такж стартова втор сезон дан проект он победител быт определ в год в год выбор депутат государствен дум нов соз отмет президент добав что мног участник конкурс лидер росс политик наверняк выдвинут сво кандидатур на выбор вгосдум,2025-05-27,https://ria.ru/20250527/lidery-2019345557.html
Путин потребовал строить социальную политику вокруг семьи,москв ма ри новост владимир путин выступ на заседан наблюдательн совет ан росс стран возможн сред проч президент призва стро социальн политик вокруг сем а такж отмет важност внутрен мобилизац россиянин в нынешн ситуац основн заявлен глав государств в материа ри новост платформ росс стран возможн быт созда по инициативепутина год за врем существован он реализова бол проект конкурс и олимпиад в тот числ эт у мы семейн флагма образован топблог я профессиона и мног друг главн проект платформ конкурс управленец лидер росс,2025-05-27,https://ria.ru/20250527/putin-2019341202.html
,москв ма ри новост президент росс владимир путин допуст что мног участник конкурс лидер росс политик выдвинут сво кандидатур на выбор в госдум в год в минувш декабр стартова втор сезон проект лидерыросс политик ред он победител быт определ в год в год выбор депутат государствен дум нов соз и мног из он наверняк такж выдвинут сво кандидатур на суд избирател гражданин росс сказалпутин заседан наблюдательн совет ан росс стран возможн,2025-05-27,https://ria.ru/20250527/putin-2019335559.html
,москв ма ри новост росс всегд демонстрирова способн преодолева трудност когд стран извн пыта созда проблем сейчас имен тот случа заяв президент рф владимир путин у мы ест так известн выражен не быт бы счаст да несчаст помоч ну что же подела мы ни для кто не создава никак проблем но есл мы сталкива с проблем тем бол с тот для мы пыта созда извн в целомроссиявсегд я хотет эт подчеркнут всегд демонстрирова невероятн способн преодолева люб сложност люб проблем и эт имен тот случа когд преодолен сложност дела мы сильн сказалпутин встреч с представител делов круг росс президент подчеркнут что происход преодолен сложност благодар талант человек народ трудолюб и организаторск талант предпринимательск сообществ,2025-05-26,https://ria.ru/20250526/putin-2019193714.html
,москв ма ри новост президент рф владимир путин на встреч с бизнес отвеча на приглашен пообеща посет сет предприят быстр питан вкусн и точк глав государств в понедельник провест встреч с представител делов круг генеральн директор а вкусн и точк олег пароевприглас президент в рестора чтоб показа разнообразн мен и технологическ новац спасиб зайт с удовольств ответилпутин,2025-05-26,https://ria.ru/20250526/putin-2019182619.html
,москв ма ри новост президент росс владимир путин вечер в понедельник моч провест телефон разговор кремл проинформирова есл он состоя сообщ президент рф дмитр песок вечер мы не исключа телефон разговор есл он состоя быт вы информирова сказа песок журналист,2025-05-26,https://ria.ru/20250526/putin-2019082325.html
,москв ма ри новост представител бизнес на встреч с президент росс владимир путин в понедельник рассказа о сво работ и план развит сообщ глав государств дмитр песок сегодн ден российск предпринимательств по случа президент встрет с представител делов круг он рассказа о тот как он работа о план развит быт мног выступа и сам представител эт тот компан с руководител президент част не встреча не тот широк на слух но тот работа и активн развива бизнес в наш стран сказа песок журналист президент добав что встреч быт полноформатн и обеща быт интересн,2025-05-26,https://ria.ru/20250526/putin-2019082028.html
,белгород ма ри новост исполня обязан глав грайворонск округ быт дмитр панк сообщ губернатор белгородск област вячесла гладк в сво утр в понедельник губернатор заяв что глав приграничн грайворонск округагеннад бондаревпокида пост бондар занима пост глав грайворонск округ с март год согласн дан из открыт источник в январ год панк стат глав яснозоренск сельск поселен в сентябр получ ранен в результат украинск обстрел сел черемошноебелгородск район тогд пострада мирн жител быт участник федеральн программ школ мэр до настоя врем занима должност перв заместител глав администрац шебекинск муниципальн округ,2025-05-26,https://ria.ru/20250526/pankov-2019076468.html
,грозн ма ри новост помощникгла чечн министр республик по национальн политик внешн связ печа и информац ахмед дуда отреагирова на санкц владимир зеленск в отношен себ и назва санкц от шут государствен наград зеленск подписа указ о применен санкц в отношен физическ лиц сред помощник глав чечнирамза кадыроваахмед дуда сын бывш глав мотор сич вячесла богуслаеваалександр и радыигор мосийчук из опубликова в дополнен к указ санкцион список следова что санкц ввод бессрочн срок на год,2025-05-25,https://ria.ru/20250525/dudaev-2019011049.html
,москв ма ри новост в предварительн голосован парт един росс зарегистрирова бол миллион избирател заяв секретар генсовет ер владимир якуш по слов якуш конкурс праймериз состав шест человек на мест что явля историческ максимум он обрат вниман на то что участник сво пода заявк на праймериз в цел статистик по состоя электрон предварительн голосован достойн отмет секретар генсовет ер он такж рассказа что по количеств проголосова лидер сталачелябинск област где проголосова бол тысяч человек помим он отметк тысяч проголосова преодолет такж след регион воронежск бол тысяч ирязанск областьбол тысяч человек уточн якуш парт един росс объяв старт регистрац участник на предварительн голосован март он продл до апрел сам голосован пройт с по ма,2025-05-25,https://ria.ru/20250525/er-2019010436.html
,п камчатск ма ри новост украин продолжа попытк атакова курск област когд в регион наход президент рф владимир путин сообщ тележурналист росс павел зарубин путинв вторник посетилкурск област в ход рабоч поездк президент встрет с представител добровольческ организац состоя такж встреч глав государств с времен исполня обязан губернатор курск областиалександр хинштейн вкурчатовепутин провест совещан с руководител муниципалитет регион кром тот президент посет строящуюсякурск,2025-05-25,https://ria.ru/20250525/ukraina-2019004799.html
,ма ри новост президент рф владимир путин охарактеризова строительств курск какграндиозн работ грандиозн работ сказалпутинв врем посещениякурск кадр опубликова тележурналист росс павел зарубин путин ма посетилкурск област в ход рабоч поездк президент встрет с представител добровольческ организац состоя такж встреч глав государств с времен исполня обязан губернатор курск областиалександр хинштейн вкурчатовепутин провест совещан с руководител муниципалитет курск област кром тот президент посет стро курск,2025-05-25,https://ria.ru/20250525/putin-2018972021.html
,ма ри новост нов кадр поездк президент рф владимир путин в курск област опубликова тележурналист росс павел зарубин в объект телевизион камер попаст кадр кортеж президентарф передвига по дорогамкурск област такж быт опубликова кадр встреч глав государств с ври губернатор курск областиалександр хинштейн в врем глав регион переда президент нескольк письм кром тот тележурналист показа как президент рф спуска на строительн лифт в врем посещениякурск вмест с хуснуллин перв замруководител администрац президент рфсерг кириенк путин ма посет курск област в ход рабоч поездк президент встрет с представител добровольческ организац состоя такж встреч глав государств с хинштейн вкурчатовепутин провест совещан с руководител муниципалитет курск област кром тот президент посет стро курск,2025-05-25,https://ria.ru/20250525/kadry-2018971117.html
,москв ма ри новост перевод в врем телефон разговор президент росс и сша владимир путин и дональд трамп быт последовательн рассказа глав государств дмитр песок тележурналист росс павел зарубин песковподтверд что перевод продолжительн разговор моч увеличива путин ма созвон с лидеромсшаиз здан музыкальн школ на территорииобразовательн центр сириус в ден глав государств наход с рабоч поездк всоч путин сообща что разговор продолжа бол два час быт очен содержательн и весьм откровен помощник президентаюр ушаковуточн что лидер затронут тем обм заключ сейчас прорабатыва формат девя на девя политик такж обсуд возможн встреч и сойт в мнен что он должн быт результативн поэт команд президент заня проработк содержан саммитаросс соедин штат,2025-05-25,https://ria.ru/20250525/peskov-2018954009.html
,с петербург ма ри новост председател ассоциац юрист росс бывш председател правительств серг степашин соглас с мнен о тот что процедур роспуск ссср быт наруш в сред советник президентароссииантон кобяковвыраз мнен чтоссср юридическ существова по он слов быт наруш процедур так называ роспуск ссср есл съезд народн депутат создава ссср то и распуска нужн быт он по решен съезд этот сам депутат с юридическ точк зрен кобяк прав сказалстепашинагентств,2025-05-25,https://ria.ru/20250525/stepashin-2018929228.html
,москв ма ри новост комплекс росс продолжа работа в усилен реж практическ по ве номенклатур выпуска продукц сообщ президент росс владимир путин комплекс продолжа работа в усилен реж практическ по ве номенклатур выпуска продукц сказалпутин заседан комисс по вопрос сотрудничеств,2025-05-23,https://ria.ru/20250523/putin-2018748923.html
,москв ма ри новост совет федерац рассмотрет должност суд конституцион суд рф людм жарк на должност заместител председател кс палат рассмотрет вопрос о назначен кандидатур на заседан июн сообщ глав конституцион комитет сф андр клишас всовет федерациипоступ представлен президентарфт в путин о назначен на должност заместител председател конституцион суд рф суд конституцион суд рф жарк людм михаилович комитет сф по конституцион законодательств и государствен строительств предварительн рассмотрет указа кандидатур на заседан июн год и предлож совет палат рассмотрет вопрос о назначен кандидатур на указа должност на очередн заседан совет федерац июн год написалклишасв,2025-05-23,https://ria.ru/20250523/sovfed-2018694034.html
,москв ма ри новост президент росс владимир путин подписа закон утвержда нов схем одномандатн избирательн округ на выбор депутат госдум соответствова документ размест на сайт официальн опубликован правов акт предыдущ схем одномандатн округ действова в течен год быт утверд в год согласн нов схем вднрбыт образова три одномандатн округ два в херсонск изапорожск по один кром тот на один увелич количеств одномандатн округ вмоскв московск областиикраснодарск кра в алтайск забайкальск кра волгоградск воронежск калужск ивановск ростовск смоленск тамбовск томск областяхколичеств округ уменьш на один,2025-05-23,https://ria.ru/20250523/putin-2018681267.html
,москв ма ри новост президент росс владимир путин в пятниц провест заседан комисс по сотрудничеств сообщ российск лидер дмитр песок путин работа в кремл сегодн в середин ден он провест заседан комисс по сотрудничеств эт так цикличн мероприят ежегодн сказа песок журналист,2025-05-23,https://ria.ru/20250523/putin-2018631296.html
,москв ма ри новост решен о мест след раунд переговор межд росс и украин приня когд прийт врем сообщ президент рф дмитр песок разумеет эт решен о выбор след мест для переговор ред не моч принима один сторон для нужн соглас два сторон когд врем прийт эт решен быт естествен приня сказалпесковжурналист,2025-05-23,https://ria.ru/20250523/reshenie-2018630845.html
,москв ма ри новост секретар совет безопасн росс серг шойг в ход встреч высок представител курирова вопрос безопасн в москв провест ряд двусторон встреч с глав делегац ряд стран в тот числ кндр и ира сообщ в аппарат совбез рф ма на пол международн встреч высок представител курирова вопрос безопасн секретар совет безопасн российск федерациисерг шойгупровест двусторон встреч с глав делегацийинд ряд странлатинск америк аз ближн востока северн африк говор в сообщен отмеча что в частност запланирова встреч с высок представителяминикарагу вьетн кндр таиланд ира оаэ алжир такж запланирова бесед с президент республик сербск босн и герцеговинымилорад додик как подчеркнут в в ход встреч высок представител эксперт высок уровен в профессиональн неполитизирова обстановк обсуд вопрос глобальн и региональн безопасн решен требова совместн скоординирова усил международн сообществ профессиональн оп участник встреч знан специфик сво стран и регион создава основ для успешн плодотворн работ современ выз и угроз безопасн нос глобальн трансграничн характер справ с он в одиночк ил на двусторон основ не представля возможн ни для один современ государств отмет в аппарат совбезаросс тринадцат встреч высок представител курирова вопрос безопасн пройт ма год на площадк национальн центр росс вмоскв уж подтверд сво участ бол делегац из бол чем государств мир и международн организац,2025-05-23,https://ria.ru/20250523/shojgu-2018608795.html
,москв ма ри новост президент рф владимир путин обсуд с член правительств рф ситуац с лесн пожар в регион,2025-05-22,https://ria.ru/20250522/putin-2018521638.html
,екатеринбург ма ри новост дум березовск городск округ свердловск област объяв конкурс на нов выбор мэр при документ от кандидат нача июн сообщ ри новост в аппарат дум в четверг в аппарат гордум отмет что перв этап конкурсн процедур пройт с по июл действова глав евген писцов подтверд ри новост что планирова участвова в нов выбор мэр действова глав березовск городск округ евген писцов январ не смоч одержа побед на выбор мэр за он проголосова шест местн депутат тогд как за маслаков пыта снят сво кандидатур до нача голосован вступ в должност он не захотет местн сми заявля что обойт писцов техническ кандидат маслаков жен водител писцов посл маслаков пода административн иск о защит избирательн прав и прав на участ в референдум березовск горсуд март удовлетвор он иск и отмен результат выбор ран инстанц объедин иск маслаков с иск депутат миха киндр такж требова призна незакон решен о выбор техническ кандидат глав городск округ иск киндар быт удовлетвор дум этот решен обжалова в суд дат заседан по апелляц ещ не назнач березовск городск округ в нем прожива порядок тысяч человек с декабр год глав муниципалитет явля писцов как ран писа в сво писцов он продолжа работа вмест с маслаков руководител инвестицион отдел администрац а сам наход в статус глав муниципалитет,2025-05-22,https://ria.ru/20250522/vybory-2018477938.html
,москв ма ри новост госдум на пленарн заседан приня в перв чтен проект расширя перечен основан для открыт российск консульск учрежден в пояснительн записк к проект отмеча что в соответств с слож практик российск консульск учрежден открыва по решен правительств российск федерац не тольк на основан международн договор российск федерац с соответствова иностра государств но и по итог достижен межправительствен договорен не оформ в вид соответств договор в этот связ законопроект предлага внест корреспондирова изменен расшир перечен основан для открыт российск консульск учрежден как отмеча в документ для отдельн российск загранучрежден законопроект предусматрива возможн утвержден тариф сбор в счет возмещен фактическ расход связа с совершен консульск действ руководител консульск учрежден законопроект предусматрива такж подразделен почетн консульск должностн лиц на след класс почетн генеральн консул почетн консул почетн почетн консульск агент,2025-05-22,https://ria.ru/20250522/gosduma-2018470038.html
,москв ма ри новост глав мид рф серг лавр заслуж безусловн уважен в мир благодар талант знан и интеллект заяв президент росс владимир путин путинв четверг в кремл вруча высок государствен наградырф торжествен церемон по традиц проход в екатерининск зал кремл талант знан оп интеллект главн дипломат россиисерг викторович лавровапринест он безусловн уважен и в наш стран и в мир как сред друг так как у мы иногд говор и сред так называ геополитическ оппонент и в основ так признан он предан росс готовн в люб обстановк тверд отстаива он интерес многолетн колоссальн по обь и сложност напряч работ на благ отечеств серг викторович удосто один из высок наград орд свят апостол андр первозва сказа президент на церемон,2025-05-22,https://ria.ru/20250522/lavrov-2018467721.html
,москв ма ри новост госдум на пленарн заседан приня проект постановлен о досрочн прекращен депутатск полномоч олег савченк на основан он письмен заявлен о сложен депутатск полномоч в связ с переход на друг работ савченкоран заяв ри новост что слож сво полномоч в связ с переход на нов работ связа с развит транспортн коридор в страныафрикииближн восток котор предполага больш количеств командировк по он слов навсегд политик он не покида готов вернут есл быт востребова проект постановлен предлага счита досрочн прекрат полномоч депутат государствен дум савченк избра по волжск одномандатн избирательн округ волгоградск област на основан он письмен заявлен о сложен депутатск полномоч в связ с переход на друг работ савченк явля депутатомгосдумырф iv v и vi соз в сентябр он быт избра в госдум viii соз по избирательн округ волгоградск област депутат занима должност зампредседател комитет гд по финрынок,2025-05-22,https://ria.ru/20250522/gosduma-2018462455.html
,москв ма ри новост нужн понима конкретн о чем идт реч пок так пониман нет заяв президент рф дмитр песок комментирова вопрос журналист на тем внесен возможн изменен в конституц росс ран заместител председателягосдумыпетр толстойвыраз уверен что конституциюроссиижда изменен прич бол существен чем тот быт пят год назад зде трудн сказа пот что нужн понима конкретн о чем идт реч так пониман пок нет сказалпеск отвеча на вопрос обсужда ли в кремл тем предложен по изменен конституц,2025-05-22,https://ria.ru/20250522/peskov-2018449765.html
,москв ма ри новост президент росс владимир путин назнач спецпредставител по международн сотрудничеств по космос гер росс серг крикал освобод от этот должност роскосмос нын сенатор от архангельск област юр борис соответствова указ размест насайтеофициальн опубликован правов акт назнач специальн представител президент российск федерац по вопрос международн сотрудничеств в област космос гер российск федерац крикал серг константинович говор в документ друг указомпутиносвобод от этот обязанностейюр борис,2025-05-22,https://ria.ru/20250522/putin-2018443635.html
,москв ма ри новост избирательн комисс курск и брянск област совместн с орга государствен власт провест ряд мероприят для обеспечен безопасн ве участник избирательн процесс в ход выбор глав регион в рассказа в интерв ри новост глав цик росс элл памфил что каса избирательн кампан в брянск и курск област то по уж слож практик посл назначен выбор избирательн комисс в взаимодейств с орга государствен власт и местн самоуправлен провест ряд мероприят по обеспечен безопасн участник избирательн процесс и избирательн комисс ве уровен сказа он ри новост памфиловауточн что в регион подготов резервн помещен для голосован и размещен сам избирательн комисс участок оснаст стационарн и переносн металлодетектор такж обследова помещен для голосован на соответств установлен нормат и критер в тот числ требован пожарн безопасн антитеррористическ защищен санитарн прав и норм обеспечен он круглосуточн охра добав глав цик кром тот цик по согласован с мвд росс готов методическ материа для сотрудник полиц обеспечива правопорядок и безопасн на сам участок в ден голосован в материа содержа конкретн алгоритм действ в случа возникновен чрезвычайн ситуац ещ один дополнительн мер безопасн моч стат принят комисс брянск икурск областейрешен о проведен голосован в течен нескольк ден эт позвол исключ одновремен присутств больш числ избирател в помещен для голосован отмет памфил в запланирова окол тысяч избирательн кампан разн уровен в регионеросс в тот числ не мен кампан по прям выбор высок должностн лиц,2025-05-22,https://ria.ru/20250522/vybory-2018428163.html
Элла Памфилова: Центризбирком России открыт к международному сотрудничеству,избирательн систем росс откр к международн сотрудничеств зарубежн эксперт проявля подлин интерес к выбор в российск федерац заяв председател центральн избирательн комисс росс элл памфил в интерв ри новост он рассказа о возможн участ международн наблюдател в выбор депутат госдум в год а такж о подготовк к един ден голосован обеспечен безопасн участник избирательн процесс в приграничн регион и работ с молодеж элл александрович хотет бы нача с тем выбор депутат госдум пройт в год государствен дум приня закон о схем одномандатн округ для выбор в нижн палат парламент разработк схем занима цик росс рассказа как распределя округ по субъект росс в тот числ для наш нов регион в соответств с действова законодательств схем одномандатн избирательн округ разрабатыва цик росс и направля он в государствен дум для принят в вид федеральн закон напомн что предыдущ схем быт разработа в год срок на деся год кстат с учет принят парламентар поправк в избирательн законодательств этот времен рамк измен и нарезк округ быт осуществля раз в пят год в конец апрел год цик росс разработа приня на заседан нов схем округ и направ он в нижн палат парламент что каса определен количеств округ для кажд субъект то эт чист математик конкретн числ округ определя исход из числен избирател зарегистрирова на территор тот ил ин регион рассчитыва един норм представительств то количеств избирател котор приход на один одномандатн избирательн округ для предлага схем округ эт человек для пример в москв зарегистрирова окол восем миллион избирател раздел на и округл результат мы получа числ эт имен то количеств округ котор быт представ в столиц на близк выбор депутат госдум аналогичн вычислен провод по регион без исключен в тот числ для воссоедин территор в результат в донецк народн республик быт образова три одномандатн избирательн округ в луганск народн республик два в запорожск и херсонск област по один как уж сейчас центральн избирательн комисс готов к этот кампан планирова ли приглас международн наблюдател в год подготовк к выбор депутат госдум мы нача сраз же посл окончан предыдущ кампан год анализирова он итог как правк необходим внест в организацион процесс что уж работа хорош а что можн улучш по инициатив цик росс уж внест ряд поправк предусматрива изменен в избирательн законодательств мы и далек быт анализирова текущ законодательств чтоб он совершенствова поскольк врем до старт думск кампан ещ достаточн что каса иностра гост напомн что на прошедш президентск выбор росс посет беспрецедентн количеств международн наблюдател и эксперт эт человек из стран мы увидет подлин интерес с он сторон к наш выбор запрос на методическ помощ и подписан соглашен о сотрудничеств понятн что этот работ осуществля в услов колоссальн давлен активн работ западн неправительствен организац но ран ил поздн жизн все расстав по мест с год мы совместн с россотрудничеств провод международн специализирова курс для молод организатор выбор и электоральн эксперт за два год в наш программ приня участ бол человек из стран аз африк латинск америк и снг в год наблюда невероятн интерес человек из стран аз африк ближн восток латинск америк жела приня участ в программ формат подобн обуча курс представля себ перспективн площадк для выстраиван устойчив связ с партнер в избирательн систем по мир и установлен нов контакт с зарубежн избирательн орга по итог проведен программ участник остава под больш впечатлен от уникальн наш избирательн систем и зачаст выража желан переня оп и технолог для проведен голосован в сво стран возвраща к тем наблюден увер что наш иностра коллег прояв больш интерес к предстоя выбор депутат госдум в сво очеред мы всегд откр к сотрудничеств своевремен направ приглашен наш коллег из друг стран и готов приня то количеств гост котор изъяв желан приеха в росс для наблюден за выбор в год в един ден голосован запланирова окол пят тысяч избирательн кампан в тот числ в ряд регион пройт выбор высок должностн лиц как центризбирк готов к предстоя выбор когд нача информирован избирател о он действительн мы ожида масштабн един ден голосован на дан момент выбор разн уровен запланирова в регион из из основн эт не мен кампан по прям выбор высок должностн лиц регион в ненецк автономн округ пройт непрям выбор кампан по выбор в законодательн орга субъект и кампан по выбор депутат представительн орга региональн столиц в един ден голосован цик не явля организова выбор комисс но мы традицион быт след за кампан в регион есл над оказыва содейств наш коллег и в сентябр откр наш информацион центр по освещен что каса информирован избирател то он у мы идт можн сказа круглогодичн благодар цифров сервис аккаунт в социальн сет и мессенджер эт можн дела как в врем сам кампан так и в межвыборн период мы рассказыва про наш современ избирательн стандарт и как он можн воспользова например голосован по мест нахожден мобильн избирател ил дистанцион электрон голосован про многодневн голосован голосован на дом и мног друг есл же говор имен о информирован о предстоя в регион выбор то занима местн комисс как прав информацион материа распространя сраз посл назначен выбор на един ден голосован год не стат исключен скольк регион в предстоя един ден голосован планирова использова формат дистанцион электрон голосован цик росс последовательн и аккуратн в вопрос мы не форсирова применен дэг повсеместн а дава добр на он использован тольк в тот случа есл соответствова регион сам готов к проведен прич как на уровен запрос от сам избирател так и на уровен техническ готовн инфраструктур в настоя врем оп применен дэг на выбор имет субъект росс включ москв мы сейчас активн собира заявк от регион хотет применя в предстоя един ден голосован итогов решен по точн список субъект мы планирова приня в июн посл старт избирательн кампан но уж сейчас моч завер что обь применен дэг в предстоя един ден голосован не превыс предыдущ в наш приграничн регион в един ден голосован такж пройт выбор в тот числ в брянск и курск област должн избра высок должностн лиц как быт обеспечива безопасн избирател и сотрудник избирательн систем безусловн сейчас с учет сво мы придава особ значен вопрос обеспечен безопасн и правопорядок в ход подготовк и проведен выбор в этот цел наш избирательн комисс тесн взаимодействова с соответств государствен структур в тот числ с правоохранительн орга мы обменива информац и незамедлительн принима мер по предотвращен возможн правонарушен связа с избирательн процесс по согласован с мвд росс мы такж готов методическ материа для сотрудник полиц непосредствен обеспечива правопорядок и безопасн на избирательн участок в ден голосован в он содержа конкретн алгоритм действ в случа возникновен чрезвычайн ситуац как для сам сотрудник член комисс так и для ве участник избирательн процесс что каса избирательн кампан в брянск и курск област то по уж слож практик посл назначен выбор избирательн комисс в взаимодейств с орга государствен власт и местн самоуправлен провест ряд мероприят по обеспечен безопасн участник избирательн процесс и избирательн комисс ве уровен в частност он подготов резервн помещен для голосован и размещен сам избирательн комисс оснаст участок стационарн и переносн металлодетектор обеспеч сохран бюллетен для голосован и налич резервн источник энергоснабжен а такж обследова помещен для голосован на соответств установлен нормат и критер в тот числ требован пожарн безопасн антитеррористическ защищен санитарн прав и норм обеспечен он круглосуточн охра с учет оп избирательн кампан прошл год в курск област при организац выездн голосован член участков комисс и наблюдател обеспечива средств индивидуальн бронезащит подчеркнут что все выезд осуществля строг в сопровожден сотрудник полиц ил росгвард кром тот при необходим выезд на приграничн территор осуществля на бронеавтомобил все маршрут выездн голосован продумыва и согласовыва с мвд и представител министерств оборон российск федерац отмет что все член комисс у мы пройт соответствова подготовк и отработа алгоритм действ в различн чрезвычайн ситуац совместн с ответствен сотрудник мчс и умвд в тот числ в случа ракетн опасн либ опасн бпнут при хотет особен поблагодар орга власт приграничн субъект оказыва содейств избирательн комисс не тольк в предоставлен помещен но и в обеспечен оборудован связ бесперебойн энергоснабжен транспорт ещ один дополнительн мер безопасн моч стат принят комисс брянск и курск област решен о проведен голосован в течен нескольк ден эт позвол исключ одновремен присутств больш числ избирател в помещен для голосован кром тот в брянск област региональн законодательств предусмотрет возможн проведен досрочн голосован отдельн групп избирател прожива в приграничн район а быт ли в год организова голосован для боец сво моч подробн рассказа как голосова участник спецоперац избирательн систем росс позволя реализова избирательн прав ве гражданин независим от он мест нахожден и практическ в люб услов эт каса и военнослужа сейчас участвова в сво наш боец смоч приня участ в выбор орга власт тот субъект в он зарегистрирова по мест жительств для как и в предыдущ год на территор нов и приграничн регион быт образова экстерриториальн избирательн участок действова законодательств эт позволя и избирательн комисс быт активн пользова прав вы не раз говор что цик уделя больш вниман работ с молодеж прич эт каса не тольк молод человек наход в систем избирательн комисс но и вперв голосова избирател планирова ли вы наращива этот работ к думск кампан и как образ уж не перв год мы системн и целенаправлен работа и взаимодействова с молодеж рассчитыва на долгосрочн эффект сейчас этот работ особен важн поскольк имен молодеж явля цел номер один для наш враг в идт информацион войн так в ноябр мы провест всероссийск электоральн форум выбор фм эт перв полномасштабн проект центризбирк при содейств рфсв собра в мастерск управлен сенеж окол участник молод человек в возраст от до год с ве регион росс он стат логичн продолжен наш совместн с регион работ в результат обм оп и жарк дискусс участник подготов и защит электоральн проект все из он можн назва победител поскольк в кажд из он ест сво изюминк оригинальн иде и несомнен достоинств поэт мног из проектн иде смоч получ практическ воплощен снача в регион а зат возможн и на федеральн уровен но смысл проведен форум заключа не тольк в подготовк и реализац проект мы хотет чтоб у молодеж возника правильн отношен к происход в стран и мир к сво и текущ приоритет счита что потихоньк эт дава сво плод радова что больш част молодеж сегодн понима что сво явля необходим шаг мног из он не слов а дел поддержива решен власт молод ребят в соста волонтерск движен плест маскировочн сет изготавлива свеч для боец сво печата на детал для дрон и мног друг кром тот ребят помога в организац и проведен выбор как на территор близк к зон проведен сво так и по ве территор стран в цел за последн год мы видет тенденц что окол молодеж участвова в выбор в качеств член комисс кандидат ил избирател эт немаленьк дол но мы хотет он увелич и у мы для ест множеств возможн ежегодн рцо и рфсв провод так проект как олимпиад сред старшеклассник софиум всероссийск конкурс атмосфер уч выбира памя достойн и мо медиавыбор в кажд из он участвова от нескольк сотн до нескольк тысяч человек в большинств регион созда молодежн избирательн комисс регион а в ряд субъект ест и действова участков комисс состоя полност из молодеж самарск област ставропольск кра и друг конечн мы продолж активн привлека молодеж в избирательн систем и далек желан и интерес с он сторон видн наш дел предоставля он возможн для рост и развит как профессиональн так и личностн качеств например весн в цик быт созда рабоч групп по реализац молодежн электоральн проект сейчас он в тот числ занима вопрос взаимодейств региональн избирательн комисс с вперв голосова избирател реализац проект участник форум выбор фм и перспектив расширен молодежн аудитор проект информуик есл же говор о конкретн план то в март год мы хотет провест втор масштабн молодежн форум уж в сириус пользова случа хотет приглас активн и неравнодушн молодеж приня в нем участ,2025-05-22,https://ria.ru/20250522/pamfilova-2018405683.html
,москв ма ри новост центризбирк росс хотет увелич количеств молодеж участвова в выбор в рф в качеств член комисс кандидат ил избирател сообщ в интерв ри новост глав цик росс элл памфил в цел за последн год мы видет тенденц что окол молодеж участвова в выбор в качеств член комисс кандидат ил избирател эт немаленьк дол но мы хотет он увелич сказалапамфил кром тот он рассказа о всероссийск электоральн форум выбор фм прошедш в ноябр прошл год по слов глав цик один из цел форум быт воспитан у молодеж правильн отношен к происход в стран и мир к специальн воен операц радова что больш част молодеж сегодн понима что сво явля необходим шаг мног из он не слов а дел поддержива решен власт кром тот ребят помога в организац и проведен выбор как на территор близк к зон проведен сво так и по ве территор стран добав памфил,2025-05-22,https://ria.ru/20250522/vybory-2018419028.html
,москв ма ри новост оп применен дистанцион электрон голосован дэг на выбор уж имет регион рф рассказа в интерв ри новост председател центральн избирательн комисс росс элл памфил он отмет что центральн избирательн комисс последовательн и аккуратн в вопрос применен дистанцион электрон голосован мы не форсирова применен дэг повсеместн а дава добр на он использован тольк в тот случа есл соответствова регион сам готов к проведен прич как на уровен запрос от сам избирател так и на уровен техническ готовн инфраструктур добав глав цик,2025-05-22,https://ria.ru/20250522/pamfilova-2018414888.html
,москв ма ри новост на территор нов и приграничн регион в един ден голосован год быт образова экстерриториальн избирательн участок для голосован участник сво рассказа в интерв ри новост председател цик росс элл памфил глав цик рф отмет что избирательн систем стран позволя реализова избирательн прав ве гражданин независим от он мест нахожден эт каса и участник специальн воен операц наш боец смоч приня участ в выбор орга власт тот субъект в он зарегистрирова по мест жительств для как и в предыдущ год на территор нов и приграничн регион быт образова экстерриториальн избирательн участок сказалапамфил в запланирова окол тысяч избирательн кампан разн уровен в регионеросс в тот числ не мен кампан по прям выбор высок должностн лиц,2025-05-22,https://ria.ru/20250522/svo-2018414697.html
,москв ма ри новост президентск выбор в росс в год посет беспрецедентн количеств международн наблюдател и эксперт цик рф увидет он подлин интерес к российск выбор заяв в интерв ри новост председател центризбирк росс элл памфил что каса иностра гост напомн что на прошедш президентск выборахроссиюпосет беспрецедентн количеств международн наблюдател и эксперт эт человек из стран мы увидет подлин интерес с он сторон к наш выбор запрос на методическ помощ и подписан соглашен о сотрудничеств сказа он кром тот памфиловаотмет что международн наблюден осуществля в услов колоссальн давлен активн работ западн неправительствен организац однак как отмет глав цик ран ил поздн жизн все расстав по мест,2025-05-22,https://ria.ru/20250522/pamfilova-2018396104.html
,москв ма ри новост центральн избирательн комисс рф приня нов схем избирательн одномандатн округ согласн в днр быт образова три округ в лнр два в херсонск и запорожск област по один рассказа в интерв ри новост председател цик росс элл памфил в конец апрел год цик росс разработа и приня на заседан нов схем округ и направ он в нижн палат парламент в результат вдонецк народн быт образова три одномандатн избирательн округ влуганск народн два в запорожск ихерсонск по один сказалапамфил глав цик отмет что определен количеств округ для кажд субъектарфосуществля чист математическ исход из числен избирател зарегистрирова на территор кажд регион рассчитыва един норм представительств то количеств избирател котор приход на один одномандатн избирательн округ для предлага схем округ эт человек подчеркнут он в качеств пример памфил рассказа что вмосквезарегистрирова окол миллион избирател есл раздел эт количеств на и получ числ округл то получ одномандатн округ имен стольк быт представ в столиц на близк выбор депутатовгосдум аналогичн вычислен провод по регион без исключен в тот числ для воссоедин территор добав он выбор депутат государствен дум рф состоя сентябр год,2025-05-22,https://ria.ru/20250522/dnr-2018394468.html
,москв ма ри новост центризбирк росс откр к международн сотрудничеств и своевремен направ приглашен коллег из друг стран для участ в международн наблюден за выбор в госдум в год сообщ в интерв ри новост глав цик рф элл памфил выбор депутат государствен думырфсосто сентябр год мы всегд откр к сотрудничеств своевремен направ приглашен наш коллег из друг стран и готов приня то количеств гост котор изъяв желан приеха в росс для наблюден за выбор сказалапамфил отвеча на вопрос о тот планирова ли цик рф приглас международн наблюдател на выбор вгосдумут год кром тот председател цик росс выраз уверен что иностра наблюдател и эксперт прояв больш интерес к предстоя кампан,2025-05-22,https://ria.ru/20250522/vybory-2018385907.html
,москв ма ри новост нарезк одномандатн избирательн округ для выбор депутат госдум рф быт осуществля раз в пят а не в деся год рассказа в интерв ри новост председател центральн избирательн комисс росс элл памфил глав цик росс напомн что в соответств с действова законодательств цик росс разрабатыва и направля в государствен дум схем одномандатн избирательн округ предыдущ быт разработа в год срок на год с учет принят парламентар поправк в избирательн законодательств этот времен рамк измен и нарезк округ быт осуществля раз в пят год сказалапамфил выбор депутат государствен думырфсосто сентябр год,2025-05-22,https://ria.ru/20250522/pamfilova-2018381241.html
,с петербург ма ри новост украинск кризис с точк зрен прав явля внутрен процесс ссср так как процедур роспуск советск союз быт наруш и он все ещ существова заяв советник президент рф ответствен секретар пмюф антон кобяк кобяк на итогов петербургск международн юридическ форум заяв чтосссрюридическ существова поскольк процедур он роспуск быт наруш есл ссср не распуст то логическ с правов точк зрен получа что украинск кризис эт внутрен процесс разва ссср нужн правов оценк он помоч разобра и в событ сегодняшн ден отмет он xiii петербургск международн юридическ форум проход с по ма ри новост выступа генеральн информацион партнер,2025-05-22,https://ria.ru/20250522/kobjakov-2018377371.html
,с петербург ма ри новост существова задач перестро миров систем чтоб санкцион угроз не меша российск предпринимател заяв советник президент рф ответствен секретар пмюф антон кобяк сегодн сто задач с учет международн обстановк предлож так схем так перестро миров систем чтоб санкцион угроз не меша ред сказалкобякович итогов петербургск международн юридическ форум он добав что российск бизнесм за то что он работа в рф западн стран блокирова счет а такж угрожа он xiii петербургск международн юридическ форум пройт с по ма ри новост выступа генеральн информацион партнер,2025-05-22,https://ria.ru/20250522/kobjakov-2018373547.html
,с петербург ма ри новост ссср распуст с нарушен юридическ процедур заяв советник президент росс ответствен секретар петербургск международн юридическ форум антон кобяк на итогов пмюф кобяк поясн что распуска советск союз над быт по решен тот же сам съезд депутат и образова эт государств в год xiii петербургск международн юридическ форум проход с по ма ри новост выступа генеральн информацион партнер,2025-05-22,https://ria.ru/20250522/sssr-2018369904.html
,москв ма ри новост госдум на пленарн заседан приня проект постановлен по котор предлага досрочн прекрат депутатск полномоч александр стрелюхин в связ с переход на друг работ ран губернаторсаратовск областирома бусаргинв сво сообщ что предлож стрелюхин заня пост и о заместител председател правительств регион проект предлага счита досрочн прекрат полномоч депутат государствен дум стрелюхин александр михаилович ма год на основан он письмен заявлен о сложен депутатск полномоч в связ с переход на друг работ,2025-05-21,https://ria.ru/20250521/duma-2018296079.html
,москв ма ри новост по итог поездк президент росс владимир путин в курск област поручен быт оформ максимальн оперативн сообщ российск лидер дмитр песок вы слыша сам что по ход тот контакт президент провод вкурск област он принима решен он соответствова образ должн быт оформ правительств конечн же эт быт приня к исполнен максимальн оперативн сказалпеск отвеча на вопрос быт ли отда отдельн поручен правительств посл поездкипутина курск област,2025-05-21,https://ria.ru/20250521/kurskaya-2018235738.html
,москв ма ри новост президент росс владимир путин в сред работа в кремл посл поездк в курск област заяв президент рф дмитр песок сегодняпутинработа в кремл вы знат что посл сириус вчер президент посетилкурск област информац о доступн сегодн рабоч ден в кремл достаточн спокойн встреч внутрен разн совещан сказалпесковжурналист,2025-05-21,https://ria.ru/20250521/putin-2018233446.html
,москв ма ри новост президент росс владимир путин в сред встрет с руководител росна серг кулик сообщ президент рф дмитр песок из публичн сегодн президент позанима дел росна наш госкорпорац сегодн о серг кулик руководител росна быт докладыва президент сказа песок журналист он добав что в сред друг встреч у президент непубличн,2025-05-21,https://ria.ru/20250521/putin-2018233132.html
,москв ма ри новост владимир путин на совещан с глав муниципалитет в курск област в ответ на заявлен один из участник встреч о тот что город сум должн стат российск пошут что александр хинштейн тож хотет больш поэт он и назнач ври губернатор регион наканун в ход поездк вкурск областьпутинвстрет с глав муниципалитет регион на встреч главаглушковск районапавет золотар говор о тот на скольк километр нужн отодвинут противник от границ заяв сум должн быт наш мы не моч жит как на полуостр мы должн быт больш хот бысум я дума так и с вы как с главнокоманд мы побед сказа он поэт александр евсеевич и выбира он тож так хотет все больш пошут путин такж золотар поблагодар президент за назначен пробивн губернатор в ответ глав государств отмет умениехинштейнадобива финансирован на нужд регион один моч точн сказа деньг выбива сказа путин,2025-05-21,https://ria.ru/20250521/khinshteyn-2018218573.html
,москв ма ри новост совет федерац на заседан в сред одобр закон утвержда нов схем одномандатн избирательн округ на выбор депутат госдум по нынешн законодательств схем одномандатн округ действова в течен год прошл быт утверд в год при сф на заседан в сред одобр такж закон сокраща срок действ соответствова схем до пят год как отмеча в нов схем вднрбыт образова три одномандатн округ два в херсонск изапорожск по один кром тот на один увелич количеств одномандатн округ вмоскв московск областиикраснодарск кра в алтайск забайкальск кра волгоградск воронежск калужск ивановск ростовск смоленск тамбовск томск областяхколичеств округ уменьш на один,2025-05-21,https://ria.ru/20250521/sf-2018209496.html
,москв ма ри новост президент рф владимир путин рассказа что приеха в курск област пот что хотет личн увидет и послуша глав муниципалитет регион так как с мест видн путиннаканун с рабоч поездк посетилкурск област президент провест встреч с глав муниципалитет регион на встреч он рассказа что облада ве информац по ситуац в курск област так как он докладыва правительств а такж воен и спецслужб участник встреч поблагодар путин долг аплодисмент увидет послуша пот что с мест видн поясн президент,2025-05-21,https://ria.ru/20250521/putin-2018200183.html
,москв ма ри новост президент рф владимир путин поблагодар местн власт курск област и отмет что он не ждат указан а работа не разбежа быт ряд с человек выполня долг путин в вторник с рабоч поездк посет курск област президент провест встреч с глав муниципалитет регион путин рассказа что приеха пот что хотет личн увидет он но не тольк увидет а поблагодар вы за то что вы дела и продолжа дела сказа путин президент отмет работ руководител муниципалитет и он личн присутств ряд с человек у вы получ добав путин участник встреч поблагодар президент аплодисмент президент особ отмет что эт тот случа когд практическ кажд можн поблагодар вы близк к человек чем выш тем больш помощник далек от человек всегд там по справк по информац а вот когд глаз в глаз напрям кажд ден сталкива с проблем сказа президент,2025-05-21,https://ria.ru/20250521/putin-2018200003.html
,москв ма ри новост ври губернатор курск област александр хинштейн в сво что признательн президент росс владимир путин за приня он в ход поездк в регион очен важн и справедлив решен для област путин в вторник с рабоч поездк посет курск област где провест встреч с глав муниципалитет регион кажд виз глав государств знаков событ для регион особен эт важн для курск област котор сегодн как никогд нужда в поддержк и вниман эт перв приезд президент с момент полн освобожден наш земл с сам перв ден августовск вторжен наш лидер постоя след за ситуац в регион глубок признательн что в ход поездк он приня цел ряд очен важн и справедлив решен по тем вопрос многократн став перед мы жител написа хинштейн как отмет ври губернатор вперед огромн работ по восстановлен пострада территор и без помощ президент и ве стран регион не обойт вниман национальн лидер к проблем человек сопереживан и реальн поддержк эт то что помога народ в сам непрост врем не переда слов что знач для курянин видет глав государств на наш земл несмотр на непрекраща провокац киевск реж президент остава ряд с народ так быт так ест и так быт имен в сил наш стран подчеркнут хинштейн,2025-05-21,https://ria.ru/20250521/khinshteyn-2018199307.html
,москв ма ри новост президент рф владимир путин предлож ври губернатор курск област александр хинштейн част рабоч вопрос по ситуац в регион обсуд в он машин встреч состоя ма вкурск знат что у вы и друг вопрос мног собира и сад к я в машин по дорог поговор сказалпутин,2025-05-21,https://ria.ru/20250521/putin-2018194954.html
,москв ма ри новост президент росс владимир путин в ход рабоч поездк в курск област встрет с ври губернатор регион александр хинштейн сообща на сайт кремл состоя такж встреч глав государств с времен исполня обязан губернаторакурск областиалександр хинштейн говор в сообщен,2025-05-21,https://ria.ru/20250521/putiny-2018177081.html
,с петербург ма ри новост центральн избирательн комисс росс остава открыт для международн наблюдател несмотр на беспрецедентн давлен с сторон коллективн запад на электоральн процедур сообщ ри новост член цик рф игор борис остава открыт несмотр на продолжа беспрецедентн давлен с сторон коллективн запад на наш электоральн процедур и нападк на наш электоральн суверенитет сказа член цик в разговор с агентств отвеча на вопрос о тот планирова ли приглаша на выбор депутатовгосдум год международн наблюдател он такж отмет чтороссияоткр для зарубежн наблюдател в разн форм по он слов реч идт и о официальн приглашен и о обществен организац направля сво профильн эксперт,2025-05-21,https://ria.ru/20250521/tsik-2018154575.html
,москв ма ри новост в госдум внест проект постановлен о досрочн прекращен депутатск полномоч олег савченк соответствова проект размест в электрон баз нижн палат парламент савченк вступ в полномоч сентябр год и войт в восьм соз госдум вход в комитет по финансов рынок и явля он зампред,2025-05-20,https://ria.ru/20250520/savchenko-2018135959.html
,с петербург ма ри новост так и ил инач то что говор в росс доход до западн оппонент он внимательн след за выступлен лидер стран владимир путин заяв зампред совет безопасн рф дмитр медвед я получа информац из разн источник понима что все что говор у мы так ил инач до наш оппонент доход он максимальн внимательн след за тем что говор президент наш стран он максимальн внимательн след за решен принима в наш государств за оценк тот что происход и как эт моч ни удивительн прозвуча но даж за выступлен на форум сказалмедведевжурналист,2025-05-20,https://ria.ru/20250520/zapad-2018125239.html
,с петербург ма ри новост разговор лидер росс и сша владимир путин и дональд трамп имет высок ценност так как от позиц сша очен мног зависет заяв заместител председател совет безопасн рф дмитр медвед в понедельникпутинитрамппровет телефон разговор каса урегулирован конфликт на украин разговор состоя вчер у наш президент владимир владимирович путин с президент сша дональд трамп имет высок ценност поскольк от позиц соедин штат америк очен мног зависет сказа журналистаммедведет отвеча на вопрос ри новост xiii петербургск международн юридическ форум проход с по ма ри новост выступа генеральн информацион партнер,2025-05-20,https://ria.ru/20250520/medvedev-2018121477.html
,с петербург ма ри новост юл шевц занима должност глав нюксенск муниципальн округ вологодск област заяв в бесед с ри новост что счита решен губернатор регион о он отставк посл резонансн видеоролик он доч справедлив ран губернатор вологодск областигеорг филимоновсообщ что приня решен отправ в отставк глав нюксенск муниципальн округ юл шевц посл резонансн видеоролик он доч в он угрожа отправк на сво да справедлив решен губернатор закон сказа шевц ри новост отвеча на соответствова вопрос он такж отмет что в дальн планирова работа для развитияросс у я ест уж предложен я люб сво стран и далек быт работа для развит сво родин сказа он ран сообща что доч шевцов опубликова в один из социальн сет видеоролик с подп ты че фраер попута ты знат кто мо мам мэр мы ты на сво отправ глав округ в связ с произойт принест извинен и сообщ что провест с доч серьезн разговор губернаторвологодск областисообщ что осужда поступок доч глав нюксенск муниципальн и счита высказыван девушк недопустим и оскорбительн филимон отмет что приня решен отправ глав нюксенск муниципальн округ в отставк он такж посоветова шевцов удел больш вниман воспитан доч по слов губернатор участ в сво чест и привилег а не наказан он сообщ что на должност нов глав муниципалитет с высок дол вероятн быт номинирова участник сво,2025-05-20,https://ria.ru/20250520/chinovnitsa-2018111807.html
,москв ма ри новост роскосмос юр борис написа заявлен о включен он в комитет совфед по оборон и безопасн сообщ ри новост председател комитет сф по регламент вячесла тимченк губернаторархангельск областиалександр цыбульскийсво указ надел полномоч сенатор от исполнительн власт бывш глав роскосмос юр борис говор в документ опубликова на официальн порта архангельск област по он слов нов сенатор от архангельск област на заседан палат в сред быт представ коллег он вруч имен карточк и он смоч голосова по законопроект удостоверен сенатор борис моч быт выда немн поздн поскольк на изготовлен документ требова врем учитыва и степен защит удостоверен,2025-05-20,https://ria.ru/20250520/borisov-2018098644.html
,москв ма ри новост участник программ врем гер владимир анисим стат заместител глав администрац нижн новгород сообща в официальн кавалер орд мужеств участник программ врем гер владимир анисим назнач на должност заместител глав администрац город нижн новгород говор в сообщен анисим отмет что стат участник программ врем гер он получ возможн работа с команд опытн преподавател и ведущ эксперт с ве стран мо наставник главанижн новгородаюр владимирович шалаба стро наш взаимодейств на принцип открыт двусторон диалог стажировк быт сфокусирова на вопрос молодежн политик патриотическ воспитан и поддержк участник сво и он сем отмет участник программ шалаба в сво очеред сообщ что анисим в статус заместител глав администрац быт курирова работ по поддержк участник сво член он сем и патриотическ воспитан молодеж за выполнен боев задач анисим наград орд мужеств и медал жук президентроссиивладимир путинперет оглашен послан федеральн собран объяв о старт нов кадров программ для ветера и участник специальн воен операц под назван врем гер как указа глав государств он участник должн стат человек показа сво хорош качеств цел программ подготовк высококвалифицирова руководител из числ действова и бывш военнослужа для послед работ в орга государствен и муниципальн власт а такж в крупн компан,2025-05-20,https://ria.ru/20250520/geroi-2018025671.html
,москв ма ри новост указ о наделен роскосмос юр борис полномоч сенатор от архангельск област поступ в совфед ма политик моч участвова в пленарн заседан палат сообщ ри новост глав комитет сф по регламент вячесла тимченк губернаторархангельск областиалександр цыбульскийсво указ надел полномоч сенатор от исполнительн власт бывш глав роскосмос юр борис следова из документ опубликова на официальн порта архангельск област указ о наделен борис полномоч сенатор от архангельск област поступ всовет федерац сказалтимченк по он слов борис ма моч участвова в пленарн заседан совфед,2025-05-20,https://ria.ru/20250520/borisov-2017995277.html
,мурманск ма ри новост губернатор архангельск област александр цыбульск указ надел полномоч сенатор от исполнительн власт бывш глав роскосмос юр борис следова из документ опубликова на официальн порта архангельск област шест феврал год указ президент россииюр борисовосвобожден от должност глав госкорпорац роскосмос с до год быт заместител председател правительств рф в январ годасовфеддосрочн прекрат полномоч сенатор от исполнительн орга власт архангельск областиалександр некрас он слож полномоч по собствен желан,2025-05-20,https://ria.ru/20250520/borisov-2017992217.html
,москв ма ри новост выбор депутат государствен дум рф пройт сентябр год сообщ ри новост заместител председател центризбирк росс никола була двадцат сентябр по закон трет воскресен сентябр сказалбула отвеча на вопрос о тот когд в год пройт выбор депутатовгосдумырф,2025-05-20,https://ria.ru/20250520/vybory-2017969464.html
,соч ма ри новост контакт рф и украин сейчас воссозда эт важн для работ над меморандум о говор президент росс владимир путин заяв он дмитр песок ран президентрфвладимир путинзаяв что росс готов работа с украинск сторон над меморандум по повод возможн будущ мирн договор вы должн быт обрат вниман на слов президент о тот что контакт сейчас осуществля межд россиянин и украинец эт говор о тот что этот контакт собствен сейчас воссозда что на дан этап достаточн важн в план дальн работ над текст меморандум о говор президент и обсужден вопрос дальн сказалпесковжурналист,2025-05-20,https://ria.ru/20250520/peskov-2017966680.html
,с петербург ма ри новост глав нюксенск муниципальн округ юл шевц отправ в отставк посл резонансн виде он доч с угроз отправк на сво заяв губернатор вологодск област георг филимон в реч идт о ролик в один из социальн сет видеоролик с подп ты че фраер попута ты знат кто мо мам мэр мы ты на сво отправ глав округ впоследств принест извинен и сообщ что провест с сво доч серьезн разговор глав регион подчеркнут что осужда поступок девушк чиновник уточн что он уж переда извинен и хотет опубликова с он виде но он он запрет эт дела чтоб оград от возможн травл филимон такж посоветова шевцов удел больш вниман воспитан доч котор жит вдал от мат при филлимонов отмет что участ в спецоперац чест и привилег а не наказан а на должност нов глав муниципалитет с больш дол вероятн номинирова как раз боец сво рассматрива быт и ветера боев действ прошедш региональн аналог программ врем гер гер русск север заключ губернатор,2025-05-20,https://ria.ru/20250520/otstavka-2017965685.html
,соч ма ри новост устранен первопричин украинск конфликт явля главн пункт быт формулирова росс в ве проект сообщ президент рф дмитр песок президентрфвладимир путинподчеркнут ран что позиц росс по ситуац наукраинеясн главн для российск сторон устран первопричин кризис мы в перв очеред заинтересова в скор урегулирован пут устранен первопричин конфликт о чем тож сегодн говор путин эт сам главн в ве проект быт мы формулирова сказалпесковжурналист,2025-05-20,https://ria.ru/20250520/peskov-2017965350.html
,соч ма ри новост конкретн решен о мест продолжен контакт росс и украин пок не принима сообщ президент рф дмитр песок пок конкретн решен о мест продолжен возможн контакт будущ контакт пок не принима сказалпесковжурналист так представител кремл ответ на вопрос о тот рассматрива ливатиканкак возможн площадк прям переговор он отмет что о этот инициатив пап римск известн ироссияпризнательн кто готов внест вклад в украинск урегулирован пап римск лев xiv намерен предлож ватика в качеств площадк для переговор межд росс иукраин заяв ран госсекретар свят престол кардиналпьетр паролин президент россиивладимир путинран предлож украин возобнов прям переговор без предварительн услов встамбул ма глав государств не исключ что в ход соответств переговор сторон смоч выйт на соглашен о прекращен огон как заяв песок росс настро на серьезн поиск пут долгосрочн мирн урегулирован по он слов цел предлож переговор с украин эт устранен первопричин конфликт и обеспечен интерес росс переговор межд рф и украин ожида ма российск делегац приб в стамбул однак в четверг контакт межд представител два стран не быт состоя в пятниц ма переговор продл почт два час помощник президент рфвладимир мединск возглавля российск делегац анонсирова масштабн обм плен на с украин по он слов москваикиевдоговор представ сво виден возможн будущ прекращен огон украинск сторон в ход переговор запрос встреч глав государств рф приня эт к сведен мединск такж заяв о готовн росс продолжа переговор с украин,2025-05-20,https://ria.ru/20250520/peregovory-2017965198.html
,москв ма ри новост разговор президент росс владимир путин и американск лидер дональд трамп быт откровен и конструктивн пройт в взаимоуважительн ключ заяв помощник президент рф юр ушак путинитрамппровет телефон разговор в понедельник как сообщ российск лидер он длит бол два час бесед вот ещ раз хотет подчеркнут пройт в так взаимоуважительн ключ что отража характер личн отношен слож межд наш президент и трамп сказалушаковжурналист трамп ма сказа что ма планирова провест телефон разговор с путин президентароссиидмитр песковран рассказа что глав государств в понедельник в мск провест телефон разговор с американск лидер назва он важн на фон прошедш ма встамбулепереговор делегац росс иукраин,2025-05-19,https://ria.ru/20250519/ushakov-2017945822.html
,москв ма ри новост президент росс владимир путин и президент сша дональд трамп договор продолж диалог по вопрос в тот числ по украин заяв помощник президент рф юр ушак очен важн что президент договор продолж диалог по затронут вопрос в тот числ конечн и по украинск тем сказалушаковжурналист как сообщ ран кремл путинпровест телефон разговор с американск лидер из образовательн центр сириус куд приеха в понедельник,2025-05-19,https://ria.ru/20250519/putin-2017945337.html
,москв ма ри новост разговор президент росс владимир путин и президент сша дональд трамп быт содержательн и весьм полезн заяв помощник президент рф юр ушак телефон разговор междупутинымитрампомсостоя в понедельник ещ раз подчеркнут он нос делов характер быт весьм содержательн и полезн сказалушак трамп ма сообщ что ма планирова провест телефон разговор с путин президентароссиидмитр песковран рассказа что глав государств в понедельник в мск провест телефон разговор с американск лидер назва он важн на фон прошедш ма встамбулепереговор делегац росс иукраин,2025-05-19,https://ria.ru/20250519/putin-2017943992.html
,москв ма ри новост президент росс и сша владимир путин и дональд трамп обраща к друг друг по им в ход телефон разговор сообщ помощник президент рф юр ушак он обраща друг к друг ред дональд и владимир сказалушаковжурналист посл телефон разговорапутинастрамп,2025-05-19,https://ria.ru/20250519/putin-2017943462.html
,москв ма ри новост президент росс и сша владимир путин и дональд трамп обсуд состоян отношен рф и соедин штат выступ за он дальн нормализац заяв помощник президент рф юр ушак путинитрамппровет телефон разговор в понедельник как сообщ российск лидер он длит бол два час президент обсуд и вопрос состоян двухсторон отношен и об высказа за дальн нормализац этот отношен сказалушаковжурналист трамп ма сообщ что ма планирова провест телефон разговор с путин президентароссиидмитр песковран рассказа что глав государств в понедельник в мск провест телефон разговор с американск лидер назва он важн на фон прошедш ма встамбулепереговор делегац росс иукраин,2025-05-19,https://ria.ru/20250519/putin-2017942810.html
,москв ма ри новост телефон разговор президент рф владимир путин и президент сша дональд трамп быт весьм продолжительн он длит два час пят минут заяв помощник президент рф юр ушак эт уж трет с врем приход в бел дом нов администрац разговор он действительн быт весьм продолжительн бол два час президент разговарива друг с друг есл уж совс точн сказа то два час пят минут сказалушаковжурналист как сообщ ран кремл путинпровест телефон разговор с американск лидер из образовательн центр сириус куд приеха в понедельник,2025-05-19,https://ria.ru/20250519/ushakov-2017942651.html
,москв ма ри новост возможн встреч лидер росс и сша владимир путин и дональд трамп должн быт хорош проработа быт дат соответств поручен сообщ помощник президент рф юр ушак путинитрамппровет телефон разговор в понедельник как уточн российск лидер он длит бол два час об президент согласн с тем что так встреч должн быт хорош и всесторон подготов нужн тщательн проработа так задан быт дат соответствова команд содержательн наполнен возможн самм в тот числ относительн выход на договорен моч бы стат собствен осяза итог этот важн встреч на высок уровен сказа он журналист ушаковотмет что вопрос быт прорабатыва,2025-05-19,https://ria.ru/20250519/vstrecha-2017942274.html
,москв ма ри новост президент рф владимир путин и президент сша дональд трамп об заинтересова в встреч и в тот чтоб он стат результативн сообщ помощник российск лидер юр ушак слож четк впечатлен что об президент заинтересова в так встреч но такж об президент заинтересова в тот чтоб этот встреч быт не пуст а результативн сказалушаковжурналист,2025-05-19,https://ria.ru/20250519/putin-2017941754.html
,москв ма ри новост в русл откровен и дружеск обм мнен президент росс владимир путин и лидер сша дональд трамп договор что быт созванива по мер необходим сообщ помощник президент рф юр ушак не мен важн что в русл так откровен и дружеск обм мнен президент договор что быт созванива по мер необходим то естьтрампсказа владимир ты моч в люб момент подня трубк я с удовольств ответ с удовольств с ты переговор сказалушаковжурналист,2025-05-19,https://ria.ru/20250519/putin-2017941206.html
,москв ма ри новост основн траектор работ европейск политик заключа в тот чтоб облома росс в заяв президент рф дмитр песок наверн основн траектор он работ направ на то чтоб облома россиюв и он хотет склон президентасшадональд трамп на сво сторон сказалпесковжурналист росс павел зарубин так он ответ на вопрос о настр европейск политик стрем обработа трамп перед телефон разговор с президент россиивладимир путин путин в понедельник созвон с трамп из образовательн центр сириус российск лидер посеща в ден разговор с трамп продолжа бол два час путин назва он содержательн откровен и весьм полезн он сообщ что выраз благодарн трамп за участ сша в возобновлен прям переговор рф иукраин путин отмет что росс готов работа над меморандум с украин включа и возможн прекращен огон трамп подчеркнут что он телефон разговор с путин пройт очен хорош такж он заяв что рф и украин немедлен нача переговор о прекращен огон и конфликт при отмет что услов прекращен огон моч обсужда тольк два сторон конфликт,2025-05-19,https://ria.ru/20250519/peskov-2017936672.html
,сириус ма ри новост президент рф дмитр песок объясн телефон разговор владимир путин с он американск коллег дональд трамп из центр сириус рабоч график российск лидер путинитрамппровет телефон разговор в понедельник как сообщ российск лидер он длит бол два час рабоч график президент идт сегодн он занима вопрос сириус сегодн попечительск совет сириус и эт совпаст по врем с назнач дат и врем телефон разговор поэт прям из здан нов музыкальн школ и провод разговор сказалпесковжурналистуросс павел зарубин,2025-05-19,https://ria.ru/20250519/peskov-2017936176.html
Путин рассказал об итогах телефонного разговора с Трампом,москв ма ри новост президент владимир путин провест телефон разговор с американск лидер дональд трамп бесед продолжа бол два час сред проч российск лидер отмет готовн москв работа над меморандум с украин включа и прекращен огон основн заявлен путин основн заявлен трамп путин в ноч на ма предложилукраиневозобнов прям переговор без предварительн услов глав государств не исключ что в ход обсужден сторон смоч выйт на соглашен о прекращен огон встреч состоя в прошл пятниц в стамбул и продл почт два час помощник президентавладимир мединск возглавля российск делегац анонсирова масштабн на обм плен с украин кром тот москв и ки договор представ сво виден возможн будущ перемир украинск сторон на переговор запрос встреч глав государств москв в сво очеред приня эт к сведен мединск такж отмет готовностьроссиипродолжа диалог,2025-05-19,https://ria.ru/20250519/razgovor-2017929800.html
,сириус ма ри новост президент росс владимир путин посл телефон разговор с президент сша дональд трамп выйт к журналист как сообщ ран кремл путинитрамппровет телефон разговор в понедельник как уточн российск лидер бесед длит бол два час,2025-05-19,https://ria.ru/20250519/putin-2017929713.html
,сириус ма ри новост президент рф владимир путин созвон с лидер сша дональд трамп из здан музыкальн школ на территор образовательн центр сириус где сейчас наход глав российск государств сообщ автор программ москв кремл путин павел зарубин когд слыша о телефон разговор президентаросс всегд представля себ кремл рабоч кабинет но сегодн президент росс с поездк рабоч всоч зде у он обширн рабоч программ и прям сейчас он наход в образовательн центр сириус зде этот программ сегодн и запланирова так вот эт нов здан музыкальн школ и имен оттудавладимир путин разговарива сдональд трамп собствен президентск связ всегд ряд с президент сообщилзарубин имен поэт добав он президент моч разговарива по телефон по защит кана связ практическ из люб мест трамп ма заяв что ма планирова провест телефон разговор с путин президент россиидмитр песковран рассказа что глав государств в понедельник в мск провест телефон разговор с американск лидер назва разговор важн на фон прошедш ма встамбулепереговор делегац росс иукраин,2025-05-19,https://ria.ru/20250519/putin-2017922629.html
,москв ма ри новост разговор президент росс и сша владимир путин и дональд трамп идт в настоя врем сообщ автор программ москв кремл путин павел зарубин с ссылк на российск лидер дмитр песк трамп ма заяв что ма планирова провест телефон разговор спутин песок ран рассказа что глав государств в понедельник в мск провест телефон разговор с американск лидер назва разговор важн на фон прошедш ма встамбулепереговор делегацийроссиииукраин песок тольк что на мо вопрос идт ли в момент телефон разговор путин и трамп подтверд что разговор идт сказалзарубин,2025-05-19,https://ria.ru/20250519/kreml-2017919737.html
,москв ма ри новост проект постановлен по котор предлага досрочн прекрат депутатск полномоч александр стрелюхин в связ с переход на друг работ внест в госдум соответствующийпроектразмест в думск электрон баз ран в понедельник губернаторсаратовск областирома бусаргинв сво сообщ что предлож стрелюхин заня пост и о заместител председател правительств регион счита досрочн прекрат полномоч депутат государствен дум стрелюхин александр михаилович ма год на основан он письмен заявлен о сложен депутатск полномоч в связ с переход на друг работ сказа в документ,2025-05-19,https://ria.ru/20250519/strelyukhin-2017910046.html
,москв ма ри новост встреч президент росс и сша владимир путин и дональд трамп сейчас не готов сообщ представител кремл дмитр песок нет сейчас не готов ответ он на соответствова вопрос как отметилпеск встреч состоя тогд когд глав государств счест эт необходим ран сегодн российск лидер такж заяв что очн переговорыпутинаитрампатребова хорош подготовк а срок он проведен обознач сам президент глав бел дом ма сообщ что в понедельник планирова провест телефон разговор с президент росс этот информац подтверд песок уточн что бесед назнач на мск путин в ноч на ма предложилукраиневозобнов прям переговор без предварительн услов глав государств не исключ что в ход обсужден сторон смоч выйт на соглашен о прекращен огон встреч состоя в прошл пятниц в стамбул и продл почт два час помощник президентавладимир мединск возглавля российск делегац анонсирова масштабн на обм плен с украин кром тот москв и ки договор представ сво виден возможн будущ прекращен огон украинск сторон на переговор запрос встреч глав государств москв в сво очеред приня эт к сведен мединск такж отмет готовностьроссиипродолжа диалог,2025-05-19,https://ria.ru/20250519/peskov-2017877703.html
,москв ма ри новост президент владимир путин в понедельник провест телефон разговор с глав бел дом дональд трамп заяв представител кремл дмитр песок в пят час прим ред состоя телефон разговор страмп трамп эт уж позавчер анонсирова естествен разговор важн с учет состоя в стамбул переговор отмет он песковназва предстоя бесед лидер важн о он итог сообщ друг заявлен президент путин в ноч на ма предлож украин возобнов прям переговор без предварительн услов глав государств не исключ что в ход обсужден сторон смоч выйт на соглашен о прекращен огон переговор состоя в прошл пятниц в стамбул и продл почт два час помощник президентавладимир мединск возглавля российск делегац анонсирова масштабн на обм плен с украин по он слов москв и ки договор представ сво виден возможн будущ прекращен огон украинск сторон на переговор запрос встреч глав государств москв приня эт к сведен мединск такж заяв о готовн росс продолжа диалог,2025-05-19,https://ria.ru/20250519/peskov-2017803231.html
,москв ма ри новост предварительн голосован парт един росс стартова в регион рф сообщ в парт стартова электрон предварительн голосован един росс един росс провод предварительн голосован в регион говор в сообщен в парт отмет что отда голос за кандидат представ парт в моч верифицирова на pg er ru избирател в систем уж зарегистрирова миллион избирател эт от общ количеств избирател в выборн регион в абсолютн выражен по количеств избирател зарегистрирова для участ в предварительн отбор кандидат лидируетновосибирск област а в соотношен к общ числ избирател в регион там для голосован в наш процедур зарегистрирова бол избирател привод слов секретар генсовет ервладимир якуш в парт обрат вниман на то что регистрац избирател продл до ма парт един росс объяв старт регистрац участник на предварительн голосован март он продл до апрел сам голосован пройт с по ма,2025-05-19,https://ria.ru/20250519/golosovanie-2017738400.html
,москв ма ри новост владимир зеленск ждат психологическ размазыван на потенциальн встреч с президент росс владимир путин счита серг степашин так мнен он подел в бесед с сайт аргумент и факт я правд не уверен чтозеленскомутак уж выгодн встреч спутин вед путин он прост размаза психологическ отмет он двусторон переговор росс и украин состоя в пятниц в стамбул и продл примерн два час отечествен делегац возглавля помощник президент владимир мединск по он слов сторон обуслов представ сво виден возможн будущ перемир такж москв приня к сведен желан ки провест встреч на уровен глав государств,2025-05-19,https://ria.ru/20250519/stepashin-2017737897.html
,симферопол ма ри новост глав крымск парламент владимир константин в комментар ри новост назва передач крым в год из рсфср в соста усср волюнтаризм добав что решен быт приня с больш числ правов ляп ран помощник президент рфвладимир мединскийназва галимат звуча в год аргумент для передачикрыма соста усср по он слов подлин причин крыт в необходим советск лидераникит хрущевазаруч поддержк украинск партийн начальник и укреп сво власт мединск подчеркнут что в передач крым усср быт заинтересова не тольк хрущ но и групп друг лиц при передач крым в соста усср быт допуст мног правов ляп и несоответств в тот числ наруш положен три конституц ссср рсфср и усср решен принима кулуарн и в спешк он быт непопулярн сред однопартиец хрущ и волюнтаристск сказалконстантин по он слов никак необходим в передач полуостр в соста усср не быт кром тот что хрущ захотет преподнест усср подарок по случа годовщин переяславск рад друг основан в тот числ для принят решен переда крым из соста рсфср не быт сказа глав парламент при по он слов украина имет никак прав претендова на полуостр так как он передач в соста усср провод в рамк един стран ссср ран рабоч групп при крымск парламент выяв множеств нарушен при передач крым в соста усср в год и сформирова юридическ баз доказыва незакон тот решен президиум верховн совет ссср феврал изда указ о передач крымск област из соста рсфср в соста усср спуст два месяц апрел указ быт утверд закон ссср и войт в истор как передач крым украин крым стат российск регион в март год по итог референдум посл госпереворот на украин на референдум избирател в крым и всевастополевысказа за вхожден в соста росс украин счита крым сво времен оккупирова территор стран запад поддерживаюткиевп вопрос с сво сторон руководств росс неоднократн заявля что жител крым проголосова за воссоединен с росс демократическ пут в полн соответств с международн прав и уставомоон по слов президент рфвладимир путин вопрос крым закрыт окончательн,2025-05-18,https://ria.ru/20250518/krym-2017698499.html
,москв ма ри новост виктор ждан единств куратор украин под вопрос за ширм дружествен декларац множ разноглас ес и великобритан и даж общ воинствен антироссийск настр не помога стар свет в чем европ не соглаша с лондон в материа ри новост c оглашен о партнерств межд британ и ес котор сторон готов заключ в близк врем по вин лондон на гран срыв переговор идт плох чем недел назад чем близк к крайн срок тем больш требова британец эт непродуктивн динамик рассказыва осведом источник издан financial times договор с бывш участник блок брюссел намерева в воен экономическ и гуманитарн сфер по информац times великобритан хотет получ бол надежн участ комплекс в общ с европеец фонд перевооружен на миллиард доллар с не согласн главн партнер лондон по коалиц жела франц настойчив добива тот что президент макрон называ стратегическ автоном эт означа приоритет европ в финансов план заяв издан неназва дипломат париж предлага лондон тольк фонд тогд как итал герман и польш согласн установ порог в в план макрон в обм на доступ к воен деньг расшир прав рыбн ловл в британск вод для французск судн свобод рыболовств в давн спор французск лидер добива соглашен в сво польз уж не перв год характерн что одинаков не идт на уступк и консерватор и лейборист британ же нужн бол выгодн торгов услов чтоб значительн повыс слаб экономическ рост отмеча bloomberg публичн лондон не тольк демонстрирова единств с остальн европ но и пыта декларативн эт закреп так план неудивительн учитыва что в кабинет стармер как отмеча die zeit нет ни один сторонник brexit в преддвер совместн с ес самм британск правительств даж подготов проект документ о общ ценност где быт мест в тот числ и привержен территориальн целостн украин в некотор аспект брюссел все же уда уговор стармер пойт на больш сближен по сут откат назад некотор аспект выход королевств из ес например лондон в план соглашен о производств продукт быт огранич соответств европейск норм свободн договарива с сша уж не получ еврокомисс вероятн пойт бы на горазд мал сближен чем то на котор соглас стармер рассказа один из источник издан daily mail лидер консерватор кем баденок обвин премьер в тот что он хотет прода суверенитет британ за закрыт двер и отказыва от основн принцип brexit официальн же пересмотр разводн процесс никт не рассматрива в то же врем стармер не собира унифицирова миграцион прав в он план наоборот ужесточен политик при мигрант одновремен есотказалвеликобритан в доступ к баз дан о преступн и нелегальн миграц в европ гибкост в один вопрос и неуступчив в друг отчаст можн объясн социолог стармер настойчив требова бол выгодн соглашен по оборон вероятн опаса увеличива британск расход на перевооружен которыеподдерживаютвс окол трет британец в то врем как расширен торговл с европ хотятбольшинствожител тума альбион воен част соглашен расшир присутств британск войск на континент как писа times положен предусматрива возможн быстр и беспрепятствен перемещен военнослужа и материальн част по европейск территор так образ лондон официальн войт в орбит общ политик оборон и безопасн евросоюз что создава подходя почв для совместн операц вне нат воен план британ станов все широк стремлен сниз зависим от сша например британск впк намерен увелич собствен производств гексог использова в снаряд натовск калибр миллиметр одновремен королевств иска больш сотрудничеств с европеец так министерств оборон великобритан недавн объяв о план созда совместн с герман высокоточн оруж дальност бол два тысяч километр на повестк такж подготовк общейпрограммызакупк торпед sting ray для морск патрульн и разведывательн самолет poseidon в чем неизмен сход позиц лондон и париж так эт в стремлен созда в европ ядерн угроз для москв макрон уж приня решен о истребител rafale с сверхзвуков ядерн ракет на авиабаз люксея на границ с фрг к стармер тем врем готов склад для увлечен собствен арсена как писа le figaro ест вероятн что французск запас в ядерн боеголовк оказа недостаточн для ве остальн европ с как раз и моч помоч британ котор ещ с за год до сво прерва процесс сокращен числ боеголовк постепен увеличива он количеств с до для отмеча издан нужн быт дополнительн разработа нов стратег безопасн однак смоч ли коалиц жела рад так цел в итог преодолет все проч разноглас вопрос открыт,2025-05-18,https://ria.ru/20250518/soyuz-2017439427.html
,москв ма ри новост президент росс владимир путин поруч рассмотрет вопрос создан в мурманск област федеральн центр подготовк по зимн вид спорт в год сообща на сайт кремл президент утверд перечен поручен по итог рабоч поездк вмурманск котор состоя март документ опубликова на сайт кремл правительств российск федерац совместн с исполнительн органамимурманск областирассмотрет вопрос о создан в год на территор мурманск област федеральн центр спортивн подготовк по зимн вид спорт говор в перечен поручен доклад по вопрос необходим представ до июн год ответствен назнач мишустин губернатор мурманск областиандр чибис,2025-05-17,https://ria.ru/20250517/putin-2017611153.html
,москв ма ри новост президент рф владимир путин поруч правительств проработа вопрос о поэтапн запрет использован неразлага посуд и упаковк в район байка соответствова поручен опубликова на сайт кремл президент утверд перечен поручен по итог совещан с член правительстваросс прошедш апрел он опубликова на сайт кремл правительств российск федерац представ предложен о поэтапн введен в границ байкальск природн территор запрет на оборот посуд и упаковк из не подлежа компостирован материа в тот числ предусмотрет необходим нанесен на так посуд и упаковк маркировк для потребител предупрежда о причинен вред озер байка говор в документ согласн перечен поручен срок исполнен поручен июл ответствен премьер рфмиха мишустин,2025-05-17,https://ria.ru/20250517/putin-2017607714.html
,москв ма ри новост президент росс владимир путин поруч возвест в год в бухт ефрем полуостр таймыр нов аэропорт перечен поручен по итог рабоч поездк президентарфвмурманск март год опубликова на сайт кремл для агломерациидиксон строительств нов аэропорт в бухтеефремоваполуостроватаймырв год говор в приложен к перечен поручен,2025-05-17,https://ria.ru/20250517/putin-2017584934.html
,москв ма ри новост президент росс владимир путин поруч до июн представ предложен по развит туристическ кластер на арктическ территор рф перечен поручен по итог рабоч поездк президентарфвмурманск март год опубликова на сайт кремл правительств российск федерац совместн с исполнительн орга субъект российск федерац территор ил част территор вход в соста арктическ зон российск федерац в цел повышен туристск потенциа арктическ территор в тот числ территор автономн округ республик карел архангельскойимурманск област подготов при участ институт развит и представ предложен по развит на арктическ территор туристическ кластер и обеспечен он объект транспортн и ин инфраструктур говор в перечен поручен срок исполнен июн год ответствен россиимиха мишустин высок должностн лиц субъект рф территор ил част территор вход в соста арктическ зон рф,2025-05-17,https://ria.ru/20250517/putin-2017584608.html
,москв ма ри новост президент росс владимир путин поруч подготов предложен по актуализац положен указ о основ государствен политик в арктик и стратег развит арктическ зон перечен поручен по итог рабоч поездк президентарфвмурманск март год опубликова на сайт кремл правительств российск федерац представ предложен по актуализац положен указ президент российск федерац от март год о основ государствен политик российск федерац варктик период до год и от октябр год о стратег развит арктическ зон российск федерац и обеспечен национальн безопасн на период до год в тот числ с учет необходим продлен срок реализац назва основ и стратег до год говор в сообщен,2025-05-17,https://ria.ru/20250517/kreml-2017582894.html
,москв ма ри новост глав мид рф серг лавр провест в суббот телефон разговор с госсекретар сша марк руб сообщ вмидрф,2025-05-17,https://ria.ru/20250517/lavrov-2017571240.html
,москв ма ри новост кремл проинформирова есл президент росс владимир путин и лидер сша дональд трамп посчита целесообразн провест телефон разговор заяв президент рф дмитр песок есл разговор президент путин и трамп посчита целесообразн провест мы вы проинформирова сказа песок журналист,2025-05-17,https://ria.ru/20250517/kreml-2017544116.html
,москв ма ри новост председател парт един росс дмитр медвед поддержа кандидатур губернатор автономн округ дмитр артюх на должност секретар региональн отделен парт сообщ в един росс председател парт провест встреч сартюх дмитр медведевподдержа кандидатур губернатор яна на должност секретар реготделен един росс говор в сообщен на официальн сайт парт медвед обрат вниман на то что совмещен позиц высок должностн лиц субъектарф руководител реготделен дава определен преимуществ у един росс как у правя парт тот же задач что и у государств в парт вы с год кром тот вы член генсовет поэт хотет бы предлож возглав региональн партийн организац с учет тот практик котор в последн год у мы существова по совмещен этот позиц так синерг возможн моч улучш реализац важн государствен проект привод слов председател ер на официальн сайт парт такж он попрос удел повышен вниман первичн организац в регион там основн жизн основн проблем у человек там необходим концентрац усил и государствен и партийн поясн медвед артюх поблагодар председател ер за поддержк региональн отделен парт един росс наямалеуж мног год доказыва сво эффективн реальн дел приоритет оста неизмен эт благополуч кажд ямалец и устойчив развит наш северн регион особ вниман быт уделя помощ участник сво и он сем системн работ по поддержк различн категор гражданин сохраня хорош традиц партийн работ быт и далек укрепля диалог с жител реализовыва важн социальн проект и обеспечива комфортн услов жизн на яма привод на сайт парт слов артюх,2025-05-16,https://ria.ru/20250516/medvedev-2017459618.html
,москв ма ри новост председател парт един росс дмитр медвед поддержа кандидатур исполня обязан губернатор свердловск област денис паслер на должност секретар региональн отделен парт сообщ в един росс председател парт провест встреч с паслер дмитр медведевподдержа кандидатур ври губернаторасвердловск областин должност секретар реготделен един росс говор в сообщен медвед отмет что один из направлен работ в качеств руководител партийн организац в регион должн стат реализац основн задач партийн программ вмест с национальн проект объяв президентомроссиивладимир путин а втор укреплен первичн организац все направлен работ вы хорош известн вы он занима и на прежн мест работ конечн нужн учитыва региональн специфик свердловск област крупн важн вы все сам знат отличн пот что в свердловск област долг труд на разн позиц сказа медвед он слов привод он обрат вниман на то что руководств региональн отделен парт эт дополнительн работ дополнительн нагрузк но надея вы не привыка тем бол что наш задач и партийн и государствен совпада уточн председател ер паслерпоблагодар медвед за оказа довер быт стара и сдела все возможн для решен ве задач связа с развит област стран и конечн жител цитирова слов ври губернатор свердловск област,2025-05-16,https://ria.ru/20250516/medvedev-2017455324.html
,москв ма ри новост председател парт един росс дмитр медвед поддержа кандидатур исполня обязан губернатор ненецк автономн округ ирин гехт на должност секретар региональн отделен парт сообщ в ер председател парт провест встреч сгехт дмитр медведевподдержа кандидатур и о губернатор на на должност секретар реготделен един росс говор в медвед подчеркнут что больш част высок должностн лиц субъектоврфодновремен исполня обязан руководител территориальн региональн партийн организац вы уж успет поработа на руководя должност мног вопрос занима и вчелябинск област и взапорожск област и всовет федерац что означа что вы человек опытн знат как устро жизн в наш стран в качеств и о губернатор на вы предлага заня и партийн работ в случа в круг ваш обязан войт и претворен в жизн партийн решен партийн программ работ над национальн проект вы нужн быт определен образ отстро ил налад работ окружн партийн организац привод ер слов медвед председател ер обрат вниман на то что парт провод специальн год первичн отделен и муниципальн депутат ве работ вы отличн эт знат по прежн оп наход на земл наскольк эффективн первичк настольк эффективн парт заключ медвед в сво очеред гехт уточн что вненецком автономн округевысок уровен партийн конкуренц я в парт с момент он создан и пройт разн этап первичн организац быт член центральн контрольн комисс в совет федерац замсекретар вчелябинскеп партийн проект активн участвова в женск движен един росс видет сво задач в поднят авторитет парт в тот чтоб показа что един росс эт политическ сил котор реша задач постав гражданин вперед выбор в государствен дум год и зде конечн активизирова такж сто задач пересмотрет подход к партпроект с точк зрен он наполнен дума смоч оправда ваш довер и довер человек привод слов исполня обязан губернатор на,2025-05-16,https://ria.ru/20250516/medvedev-2017438215.html
,москв ма ри новост президент рф дмитр песок заяв что российск переговорн групп наход на постоя связ президент росс владимир путин получа информац в реж онлайн естествен наш переговорн команд на постоя связ президент получа ве информац в реж онлайн эт постоя доклад сказалпесковжурналист о переговор росс и украин в стамбул чита в,2025-05-16,https://ria.ru/20250516/peskov-2017334751.html
,москв ма ри новост президент росс владимир путин в пятниц провест совещан с постоя член совбез сообщ президент рф дмитр песок сегодн у президент рабоч график в кремл в середин ден он провест совещан с постоя член совбез сказалпесковжурналист,2025-05-16,https://ria.ru/20250516/putin-2017334499.html
,пекин ма ри новост госсовет кнр чжан гоцин с по ма посет росс с виз заяв на брифинг в пятниц официальн представител мид кнр лин цзян по приглашен полномочн представител президентаросс приволжск федеральн округ член совет безопасн рфигор комарова полпред президент рф в дфо юр трутнев член политбюр цк кпк госсоветакнрчжа гоцин с по ма посет росс сказа дипломат,2025-05-16,https://ria.ru/20250516/kitay-2017279563.html
,москв ма ри новост владимир путин назнач главк сухопутн войск генера арм олег салюков заместител секретар совбез росс освобод он от занима должност соответствующийуказразмест на сайт официальн опубликован правов акт салюков с год быт главнокоманд сухопутн войск командова парад побед на красн площад вмоскв в тот числ парад прошедш ма нынешн год он род в год всарат уч в ульяновск гвардейск высок танков командн училищ им в и ленин воен академ бронетанков войск им р я малиновск воен академ генеральн штаб вооружен сил в год салюков служ в киевск воен округ зат в московск воен округ с декабр по декабр быт команд войск дальневосточн воен округ посл что он назнач заместител начальник генеральн штаб вооружен сил,2025-05-15,https://ria.ru/20250515/salyukov-2017205375.html
,симферопол ма ри новост заместител губернатор запорожск област антон тицк покида пост в связ с переход на друг мест работ сообщилглаварегион евген балицк по он слов тицк приеха в запорожск област в сам непрост период под он руководств реализова важн молодежн и социальн проект в сво очеред сам тицк в сво сообщ что проработа в регион три год начина с пост министр по молодежн политик я приня нов выз но о продолжен пут рассказа поздн подчеркнут тицк и добав что регион и он жител навсегд оста в он сердц,2025-05-15,https://ria.ru/20250515/zamgubernatora-2017200219.html
,москв ма ри новост президент росс владимир путин утверд соста попечительск совет ран он возглав сам глав государств соответствующийуказразмест на сайт официальн опубликован правов акт указ вступа в сил с ден он подписан ма согласн документ председател попечительск совет ран явля президентрфвладимир путин в соста попечительск совет такж в частност войт министр обороныандр белоус спикергосдумывячесла володин по согласован голик главасбербанкагерма греф президент национальн исследовательск центр курчатовск институт миха ковальчук президент рангеннад красник гендиректор госкорпорац росат алекс лихач спикерсовфедавалентин матвиенк мишустин патруш глав минфинаантон силуанов глав минобрнаукивалер фальк помощник президентаандр фурсенк гендиректор госкорпорац ростех серг чемез чернышенк председател вэбаигор шувал,2025-05-15,https://ria.ru/20250515/putin-2017172945.html
,москв ма ри новост виктор ждан миха каток запад на порог потрясен проблем и кризис пород в великобритан сил с невозможн не счита традицион политическ систем уход в прошл открыва пут тем кто ещ вчер не воспринима всерьез о нов враг британск правительств в материа ри новост reform uk он же парт реформ ил прост реформ в последн врем не сход с страниц британск таблоид причин неожида триумф на местн выбор мест в муниципальн совет прич в деся из он абсолютн большинств на уровен реформист увелич сво присутств на в основн мест быт получ за счет потерпевш сокрушительн поражен консервативн парт и стол же плох выступ лейборист систем опира на конкуренц этот политическ сил тепер под угроз вед нынешн правительств уж не видет в тор главн оппозиц я искрен счита что реформ сейчас основн оппозицион парт в стран и в британск политик происход сдвиг вправ котор мы не видет примерн столет с тот пор как лейборист потесн либера заяв министр здравоохранен британ уэс стритинг сам реформист не скрыва что уж готов к след парламентск выбор и намерева собра собствен правительств обществен настроен он благовол показыва соцопрос yougov есл бы выбор в палат общин состоя сегодн то протестн по дух reform uk получ бы мандат и он бы не хват мест для абсолютн большинств лейборист моч бы рассчитыва на консерватор на прит что сейчас в нижн палат парламент у парт пят депутат reform uk основа в как парт brexit у исток стоя найджел фарадж сейчас он и возглавля политик известн евроскептицизм и критическ отношен к при мигрант особен с ближн восток и из восточн европ отлича он и склонност к эпатаж например в быт депутат европарламент фарадж быт единствен в зал кто не встат в врем овац принц чарльз нын корол карл iii призва к борьб с изменен климат советник будущ монарх он назва глупец в то же врем у политик хорош отношен с президент сша дональд трамп в британск пресс он называ не инач как дружеск а вот насчет владимир путин мнен у фарадж противоречив по он слов симпат к российск лидер у он нет но онвосхищается как политическ деятел при в конфликт на украин глав британск прав вин запад для я быт очевидн что постоя расширен нат и ес на восток дава повод для российск народ чтоб сказа что он снов напада на мы мы спровоцирова этот войн подчеркнут фарадж к слов парт объяв что запрет вывешива на подконтрольн он здан люб иностра флаг в тот числ украинск британ слом не тольк в тот смысл что он инфраструктур не справля но и на бол глубок уровен мног год пуст обещан так фарадж прокомментирова услов обеспеч он успех тума альбион неумолим двига к банкротств писа the telegraph расход раст а бюджет пополня неч попытк кабинет кир стармер стабилизирова ситуац успех не увенча по прогноз организац экономическ сотрудничеств и развит британ в год стат сам слаб экономик в g ситуац усложня миграц по слов стармер обществен служб перегруз а стоимост жил раст the times отмеча что числ жит на пособ иностранец превыс миллион человек в на он потрат почт миллиард доллар в тот же год королевств занялоперв мест европ по количеств нелегальн мигрант парт реформ предлага радикальн решен например фарадж обеща посл приход к власт учред должност министр по депортац и ве нелега отправля на лодк обратн на европейск континент в партийн манифест британец предлага значительн сокращен налог при одновремен расход в миллиард доллар на государствен преобразован сред проч в план парт ликвидац палат лорд отм пособ для работоспособн недопущен подчинен британск арм структур ес и отказ от цел достигнут нулев выброс углекисл газ глав центр британск исследован институт европ ран ел анан напомина что парламентск выбор состоя тольк в поэт ещ ран дела вывод о тот как слож политическ карьер фарадж местн орга власт моч реша локальн вопрос связа с дорог здравоохранен образован но на стратегическ уровен он нич не реша когд реч зайт о внешн политик обеспечен национальн безопасн и экономик британец возможн передума голосова за парт у толк нет программ счита анан вмест с тем по слов эксперт традицион парт скор попыта переня риторик фарадж в отношен отказ от декарбонизац и борьб с мигрант чтоб разм он электорат доцент кафедр европейск прав мгим никола топорнин указыва что в великобритан парламентск выбор проход по мажоритарн систем эт дополнительн осложн парт реформ задач побед в фарадж известн ве стран и у он довольн высок личн популярн однак он соратник мног не знат а он программ сам по себ вряд ли привлеч поэт в цел у парт моч быт высок рейтинг он лидер но на мажоритарн выбор он показа низк результат говор топорнин такж эксперт отмеча что втор слаб мест парт реформ остава он программ в частност организац предлага сократ налог и увелич расход на социальн проект при никт не моч объясн откуд парт взят деньг на реализац сво иде,2025-05-15,https://ria.ru/20250515/britaniya-2016942786.html
,москв ма ри новост помощник президент российск федерац владимир мединск возглав делегац для переговор с украин сообща насайтекремл ран рад nv сообщ с ссылк на источник что в соста украинск делегац котор вмест с владимир зеленск отправ в турц на переговор с росс войт глав он офис андр ермак замглав офис игор жовкв министр оборон руст умер и глав мид украин андр сибиг,2025-05-14,https://ria.ru/20250514/medinskij-2016999058.html
Путин утвердил состав делегации России для переговоров с Украиной,москв ма ри новост президент росс владимир путин утверд соста делегац росс для переговор с украин сообща насайтекремл путинподписа распоряжен о соста делегац российск федерац для переговор с украин такж утверд соста эксперт в он вход зорин александр перв заместител начальник информац управлен генеральн штаб вооружен сил российск федерац подобреевск e лен заместител начальник управлен президент российск федерац по государствен политик в гуманитарн сфер полищук алекс директор втор департамент странснгмидаросс шевц виктор заместител начальник главн управлен международн воен сотрудничеств миноборон росс настоя распоряжен вступа в сил с ден он подписан,2025-05-14,https://ria.ru/20250514/putin-2016997547.html
,москв ма ри новост президент росс владимир путин высок оцен итог переговор с малайз анвар ибраг в кремл вроссиюв вторник с официальн виз продл до ма в сред пройт он переговор с президент рфвладимир путин в завершен ещ раз хотет бы высок оцен итог наш сегодняшн совместн работ с господиноманвар ибраг программ пребыван в росс малайз продолжа сказа глав государств по итог переговор,2025-05-14,https://ria.ru/20250514/peregovory-2016929077.html
,москв ма ри новост отношен росс и малайз наход на подь стран заинтересова чтоб он развива для ест все предпосылк заяв президент рф владимир путин малайз приб в росс ма с официальн виз продл до ма,2025-05-14,https://ria.ru/20250514/putin-2016926083.html
,москв ма ри новост биографическ спектакл в памя о основател лдпр владимир жириновск показа январ год в мал театр в москв рассказа ри новост лидер парт леонид слуцк в сред состоя втор заседан оргкомитет по подготовк и проведен празднован с ден рожденияжириновск январ год в государствен академическ мал театр в москв показа спектакл в памя о основател лдпр владимир жириновск сказалслуцк парламентар отмет что ест вероятн что дан театральн постановк показа и в друг регион росс он такж не исключ возможн е показ за рубеж кром тот доч основател лдпр анастас сообщ ри новост что стихотворен исповедальн крик котор быт написа жириновск в возраст год планирова опубликова в крупн федеральн и региональн печатн сми январ год в ден российск печа стихотворен стат своеобразн подведен итог переосмыслен отец жизнен ценност и установк он принест он в редакц журна юност но в публикац быт отказа причин в тот что по форм и содержан стихотворен не соответствова действова тогд требован социалистическ реализм и не укладыва в рамк господств коммунистическ идеолог отмет он ран президентрфвладимир путинпостанов провест в год мероприят посвят празднован жириновск председател оргкомитет по подготовк и проведен празднован назнач председательгосдумывячесла володин,2025-05-14,https://ria.ru/20250514/moskva-2016895968.html
,москв ма ри новост президент рф владимир путин и премьер малайз анвар ибраг обменя приветств на английск язык перед нача переговор в кремл передава корреспондент ри новост в врем встреч в сред в кремлепутиниибрагимпожа друг друг рук и коротк пообща на английск язык малайзийск премьер поприветствова президентаросс путин в сво очеред поблагодар коллег посл тот как российск лидер и глав правительствамалайзиипоприветствова участник делегац путин на английск язык предлож малайзийск коллег нача переговор сад пожалуйст обрат путин к ибраг посл тот как малайзийск премьер надет наушник для перевод президент рф перейт на русск язык ибраг приб в росс в вторник с официальн виз,2025-05-14,https://ria.ru/20250514/putin-2016892915.html
,москв ма ри новост президент рф дмитр песок на вопрос о график российск лидер владимир путин на ма сообщ что у президент запланирова рабоч встреч но не уточн где имен путинран предложилукраиневозобнов прям переговор без предварительн услов встамбул ма российск делегац на переговор с украин в стамбул ма быт обсужда и политическ и техническ вопрос исход из и быт определ он соста сообща в сред помощник президентарфюр ушак рабоч встреч запланирова у президент в четверг ред сказалпесковжурналист life александр юнашев уточня вопрос состоя ли этот рабоч встреч в росс представител кремл остав без комментар рабоч встреч повтор он,2025-05-14,https://ria.ru/20250514/peskov-2016885026.html
,москв ма ри новост госдум на пленарн заседан приня поправк поправк о утвержден схем одномандатн избирательн округ на выбор депутат госдум раз в год поправк быт внест к втор чтен законопроект о уточнен ряд норм избирательн законодательств в настоя врем схем одномандатн избирательн округ утвержда раз в год поправк предлага утвержда схем раз в год перв замруководител фракц един росс дмитр вяткинран сообща что изменен предлага внест с учет динамик изменен числен избирател в различн регион законопроект уточня запрет на пожертвован политическ парт согласн котор не допуска пожертвован не тольк от иностра агент но и от российск юридическ лиц учред иностра агент а такж от лиц сведен о включ в един реестр сведен о лиц причастн к деятельн экстремистск ил террористическ организац такж предлага не назнача и не провод довыбор депутатовгосдум год проведен основн выбор в палат так же регулирован ввод и для выбор депутат субъектоврф такж проект закрепля что избирател прожива за предел росс на выбор депутат госдум счита приписа тольк к федеральн избирательн округ предусматрива возможн дистанцион открыт веден и закрыт специальн избирательн счет,2025-05-14,https://ria.ru/20250514/gosduma-2016867121.html
,челябинск ма ри новост глав курга в сред на заседан городск дум избра ври антон науменк сообщ ри новост в горадминистрац городск дум ран сообща о назначен повторн конкурс на пост глав город в конкурс по отбор кандидатур на пост глав город участвова претендент до финальн этап дойт дво адвокат областн коллег адвокат алекс кондрат и времен исполня полномоч главыкургананауменк в сред по дан горадминистрац на заседан дум он представ сво программ первоочередн мероприят по развит курга на заседан городск дум в сред депутат избра глав город большинств депутат из присутствова проголосова за антон науменк сказа собеседниц агентств в конец декабр год стат известн о задержан глав курга ел ситников по дан курганск горсуд он обвиня по част стат укрф халатн повлеч по неосторожн смерт два ил бол лиц суд ситников избра мер пресечен в вид запрет определен действ и обязательств о явк по выз следовател ил в суд в январ год он уйт в отставк ври глав город быт назнач анастас аргышев котор в апрел уйт в отставк он смен юл гурьян проработа так же недолг в ма ври глав город назнач науменк,2025-05-14,https://ria.ru/20250514/kurgan-2016888021.html
,москв ма ри новост президент росс владимир путин и малайз анвар ибраг сдела заявлен для сми по итог переговор в кремл сообщ президент рф дмитр песок быт бесед сибрагимомипутинымт узк соста зат общен продолж в формат переговор за официальн завтрак быт сдела заявлен для сми по итог состоя контакт сказалпесковжурналист,2025-05-14,https://ria.ru/20250514/putin-2016855795.html
,москв ма ри новост президент росс владимир путин планирова в втор половин ден телефон разговор сообщ президент рф дмитр песок ещ нескольк телефон разговор сегодн запланирова у президент эт быт в вечерн врем мы быт вы информирова след за наш сообщен сказалпесковжурналист,2025-05-14,https://ria.ru/20250514/putin-2016853823.html
,москв ма ри новост как и век назад нынешн геополитическ соперник вынашива план о смен власт в росс заяв директор служб внешн разведк рф председател российск историческ обществ серг нарышкин мы видет что и как год назад так и нынешн геополитическ соперник оппонентыроссиивс так же раздраж огромн наш стран он велич людск и природн богатств все так же вынашива мечт и даж план о смен государствен власт государствен руководств сказалнарышкинв ход кругл стол к с ден окончан японск оккупац северн сахалин,2025-05-14,https://ria.ru/20250514/soperniki-2016838040.html
,симферопол ма ри новост глав администрац город бердянск запорожск област александр сауленк пода в отставк в связ с переход на друг мест работ сообщ губернатор евген балицк в сво александр федорович сауленк покида пост глав администрац городск округабердянскв связ с переход на друг мест работ депутат городск совет рассмотрет он заявлен о досрочн прекращен полномоч написалбалицк по он слов ври глав администрац город стат андр ковганк благодарюалександр федоровичаз работ за смелост патриотизм уверен он высок компетенц и далек послуж на благ родин подчеркнут губернатор ковганк занима должност заместител глав бердянск по социальн вопрос полковник в отставк депутат заксобран запорожск област бердянск располож на югезапорожск областин северн побережьеазовск мор у основан бердянск кос на восток гранич сднр в город ест железнодорожн и автобусн вокза а такж торгов порт,2025-05-14,https://ria.ru/20250514/glava-2016837143.html
,москв ма ри новост президент росс владимир путин переговор по телефон с глав амурск област васил орл тот долож глав государств о ситуац с природн пожар в регион и принима мер борьб с он сообща в владимир путинпереговор по телефон с главойамурск областивасил орл губернатор долож глав государств о ситуац с природн пожар в регион и энергичн принима мер по борьб с он говор в сообщен,2025-05-14,https://ria.ru/20250514/orlov-2016834449.html
,москв ма ри новост виктор ждан на украин нажива даж на мертв снача чиновник дава воен бракова вооружен пот зарабатыва на он похорон тем врем особ отлич дела крайн о нов чистк в окружен зеленск в материа ри новост до два миллиард доллар в год стольк получа все украинск тцк утвержда нардеп слуг народ дмитр микиш впроч побор не заканчива в военкомат и даж есл договор не уда на передов коррупц преследова украинец в ве сфер жизн вплот до мог писа автор стат в the wall street journal погибш солдат для похорон агентств настоя золот жит местн администрац за скромн процент дава призов мест в тендер и монопольн прав на захоронен к слов сам родственник выбира гробовщик нельз так на украин закон сделк заключа прям на кладбищ имен там полтавск чиновник серг нечипоренк за деньг договор с директор похорон бюр александр бургардт о помощ в перевозк и захоронен тел так как городск власт с так количеств убит вэсэушник не справля и эт лиш один из известн случа подобн род коррупц котор по признан представител местн администрац процвета по ве стран от одесс до запорож ворова и в сам высок кабинет ки в один момент национальн гвард стран оказа практическ обезглав обвинен в закупк по завыс цен от должност отстран шест генера и офицер под подозрен в тот числ и замкоманд александр билоус украинск сми сообща что сам начальник ведомств александр пивненк котор зеленск назнач полтор год назад тож попаст в пол зрен наб на ден перед суд по нов обвинен предста бывш замглав офис зеленск андр смирн он курирова на банков правоохранительн и судебн систем весн он увол вскор выдвинут подозрен в растрат почт четырест тысяч доллар сиз он избежа уплат залог тепер же прокуратур обвиня он в взятк и отмыван деньг через строительств частн дом на берег мор в одесск област смирн вылож тысяч доллар залог и опя обойт без изолятор год назад следовател провест обыск у ещ один ермак кирилл тимошенк официальн обвинен не выдвинут как писа the times тимошенк в сво врем требова от строительн компан за отбор и представлен на утвержден инфраструктурн проект деся процент такж ссыла на источник в ки газет утвержда что тимошенк брат по деся тысяч доллар с глав предприят хотет встрет с зеленск схем проворачива на банков хорош известн так человек близк к глав киевск реж получа до откат от сумм закупк для всу при качеств товар прошедш тендер быт то питан обмундирован ил боеприпас зачаст не сам высок к пример в всу постав тысяч бракова снаряд руководств один из завод в днепропетровск област реш сэконом на контракт на миллион доллар использова запрет порохов сме о ненадежн боеприпас ответствен за качеств чиновник из миноборон знат но молча поскольк быт в дол недавн сбу задержа он вмест с руководител предприят предположительн реч идт о павлоградск химическ завод прошл осен в сет разойт виде миномет не моч выстрел посл заряжан снаряд миноборон потрат бол три недел на расследован но как оказа все как обычн лежа на поверхн как ни стран суд по документ опубликова нардеп виктор сюмар завод опя получ заказ почт на полтор миллиард доллар он напомн прот предприят куч уголовн дел но в ки эт видим никт не смуща примечательн что сообщ о спуст нескольк ден посл тот как министр оборон руст умер заяв о реорганизац государствен оператор тыл гот ответствен за оборон закупк в конец апрел стат известн что бол два миллион доллар групп чиновник занима обеспечен арм дров потрат на недвижим и ретроавтомобил на запад эт давн никт не удивля в forbes украин называ государств не привлекательн для инвестор имен коррупц реформ не избав стран от проблем подчеркива мэт уотл отставн британск офицер и бывш глав мисс обс в донецк в стат для politico он обрат вниман на риск перенос системн коррупц в евросоюз есл украин туд приня поэт ки и держа до се пор в подвес состоян,2025-05-14,https://ria.ru/20250514/ukraina-2016719535.html
,москв ма ри новост российск делегац быт ждат представител украин в стамбул заяв президент дмитр песок журналист росс павел зарубин кадр опубликова в он наш делегац быт там и быт ждат украинск сторон сказа представител кремл при он не стат раскрыва соста переговорн групп с стороныросс а такж уточня врем нача встреч не моч когд быт указан президент росс владимир путин прим ред тогд мы эт сдела пояснилпеск кром тот отказа от комментар по повод слов владимир зеленск о желан личн встрет с российск лидер отмет мы оценива тольк заявлен путин в воскресен российск президент предложилукраиневозобнов прям переговор без предварительн услов в стамбул ма он подчеркнут что не исключа достижен реальн прекращен огон котор быт соблюда ки зеленск в сво очеред ответ на мирн инициатив путин ультиматум он потребова чтоб москв с ма соглас на полн прекращен огон на ден подчеркнут что тольк тогд ки сест за стол переговор однак посл тот как глав бел домадональд трамппризва украин немедлен соглас на предложен москв зеленск заяв что быт ждат российск президент в турц в четверг,2025-05-13,https://ria.ru/20250513/peskov-2016752460.html
,москв ма ри новост конкурс лидер росс политик направ на выявлен молод человек претендова на будущ больш политик заяв секретар генсовет ер владимир якуш конкурс направ на то чтоб выявля молод человек претендова на будущ больш политик и эт принципиальн важн такж я хотет бы отмет что в конкурс наставник представля все политическ парт и очен внимательн быт за вы наблюда сегодн представля с этот трибун един росс я знат что до полуфина дойт немаленьк количеств мо однопартиец я надея что тот работ котор мы вест с вы помоч действительн конкурентн вы выступ на этот площадк сказа на торжествен открыт полуфина втор сезон конкурс лидер росс политик якуш секретар генсовет ер такж обрат к участник полуфина конкурс от парт и выраз надежд на то что работ котор вест на площадк един росс помоч он конкурентн выступ принципиальн я хотет бы конечн отмет эт участник специальн воен операц эт действительн человек не на слов а на дел доказа что он настоя патриот и эт быт создава особ атмосфер и вот обм оп жизнен оп с этот человек а у он особ оп действительн прида конкурс так особ значим добав якуш кром тот перв заместител администрац президент рф серг кириенк на торжествен открыт поздрав полуфиналист с участ в конкурс в год в конкурс ред лидер росс политик принима участ тысяч человек в зал чут мен человек эт знач что кажд из вы уж мног преодолет уж мног рассказа в перв очеред сам себ сказа кириенк конкурс лидер росс политик реализова с год по поручен президент российск федерац с цел выявлен перспективн лидер облада необходим знан навык и мотивац к законотворческ деятельн для он дальн обучен развит в сред единомышленник и погружен в современ политическ сред втор сезон конкурс стартова в ноябр год,2025-05-13,https://ria.ru/20250513/yakushev-2016737612.html
Путин обсудил с бизнесменами условия возвращения иностранных компаний,москв ма ри новост владимир путин по видеосвяз приня участ в xx съезд делов росс сред проч президент обсуд с бизнесм ситуац в экономик услов возвращен иностра компан на отечествен рынок и безуспешн попытк недоброжелател навред наш стран основн заявлен глав государств в материа ри новост,2025-05-13,https://ria.ru/20250513/putin-2016697287.html
,москв ма ри новост госдум на пленарн заседан приня проект постановлен о досрочн прекращен депутатск полномоч павел качкаев в связ с он смерт депутатагосдум бывш уфимск мэр павел качкаев ма сконча на год жизн похорон вуф ма качка быт избра в госдум по одномандатн округ уфимск башкортоста возглавля уф с по год,2025-05-13,https://ria.ru/20250513/kachkaev-2016667293.html
,москв ма ри новост президент росс владимир путин провест встреч с губернатор ивановск област станисла воскресенск беседапутинасвоскресенскимпрошл в кремл в ход встреч губернатор в частност долож президент о важн событ в сельск хозяйств регион модернизац молокозавод виванов в котор инвестирова председател совет директоровнлмквладимир лисин воскресенск выраз надежд что инвестиц в молочн предприят позитивн отраз на сельхозпереработк в регион подраста и промышлен и сельхозпроизводств в цел отмет путин предыдущ двусторон встреч путин с воскресенск состоя в ма год тогд путин приня главуивановск област сво резиденц в,2025-05-12,https://ria.ru/20250512/putin--2016479026.html
,ашхабад ма ри новост историческ памя о побед над фашизм явля важн фактор дружествен отношен росс и туркмен заяв председател совет федерац валентин матвиенк в письм президент туркмен сердар бердымухамед котор цитирова газет нейтральн туркмениста благодар вы за сердечн поздравлен с годовщин побед в велик отечествен войн с кажд год событ тот страшн год все далек уход в прошл все маленьк остава жив свидетел велик подвиг солидарн с вы в тот что историческ памя о побед наш предок над фашизм явля один из важн фактор дружествен отношенийросс туркмениста привод официальн газет нейтральн туркмениста письмоматвиенк котор он написа президентутуркмениисердар бердымухамед председательсовфедапожела бердымухамед крепк здоров благополуч и успех на высок государствен пост на благ туркменск народ в врем велик отечествен войн в боев действ принима участ тысяч туркменистанец из он тысяч быт наград орд и медал из он быт удосто высок зван гер советск союз а человек стат полн кавалер орд слав,2025-05-12,https://ria.ru/20250512/matvienko-2016414499.html
"Урегулирование на Украине сложнее подписи под одной бумагой, заявил Песков",москв ма ри новост украинск урегулирован сложн подп под один бумаг заяв президент росс дмитр песок в интерв телекана abc процесс достижен урегулирован полн мелк детал кажд из жизнен важн для будущегоросс украин поясн он друг заявлен представител кремл минувш ноч путин выступ перед представител российск и зарубежн сми и предлож украин возобнов прям переговор без предварительн услов в стамбул ма президент подчеркнут что не исключа достижен реальн прекращен огон котор быт соблюда киевск реж в сво очеред песковназва предложен российск лидер серьезн отмет что он говор о желан найт мирн решен по слов цел переговор с украин устран первопричин конфликт и обеспеч интерес росс владимир зеленскийтем не мен ответ на мирн инициатив путин ультиматум он требова чтоб москв с ма соглас на полн прекращен огон и тольк тогд ки сест за стол переговор официальн представител мидмар захар с сво сторон обрат вниман на порядок действ излож президент росс снача переговор о первопричин а зат перемир,2025-05-11,https://ria.ru/20250511/peskov-2016368250.html
,москв ма ри новост помощник президент рф юр ушак сообщ что перед переговор лидер рф и кнр владимир путин и си цзиньпин он поруч сдела телефон звонок что он немн задержа и войт в зал переговор когд глав государств уж заня сво мест переговор с участиемпутина цзиньпинасостоя ма в кремл на переговор в расшир формат с участ представител делегац лидер два стран присла ран чем ряд участник встреч получ задан позвон один адресат я исполн эт задан сказалушаковжурналист росс павел зарубин президент ран войт чем ве делегац так част случа добав помощник президент такж задержа на нача переговор министр финансоврфантон силуанов он отмет что причин в прошедш обсужден ряд тем переговор необходим быт как раз для узк ил широк соста,2025-05-11,https://ria.ru/20250511/ushakov-2016347765.html
,москв ма ри новост президент росс владимир путин в разговор с президент турц реджеп тайип эрдога подел впечатлен по итог мероприят к побед и состоя в этот ден международн контакт сообща кремл президентроссииподел впечатлен по итог прошедш вмоскветоржествен мероприят по случа велик побед и состоя в этот ден международн контакт на высок уровен говор в сообщен,2025-05-11,https://ria.ru/20250511/putin-2016346882.html
,донецк ма ри новост донбасс год назад когд провест референдум избежа участ украин прода сво земл и ресурс заяв ри новост депутат днр автор декларац о суверенитет республик борис литвин одиннадца год назад на донецк земл пройт референдум я посчастлив тогд быт руководител процесс и благодар референдум благодар вол народ котор мы тогд прояв наш земл в наш рук сказаллитвин он поясн что событ развива не так как наукраин где земл быт прода киевск реж соедин штат по он слов в год людидонбассаподня в тот числ для тот чтоб земл оста у народ мы подня рад тот чтоб наш земл принадлежа народ и так быт в век так быт при наш предок так быт при наш отец и дед так быт и впред наш земл эт русск земл подчеркнут литвин на украин в год произойт государствен переворот в результат котороговерховн радаотстран президент странывиктор януковичаот власт захват в результат госпереворот власт на украин в апрел год нача так называ антитеррористическ операц противлнриднр не быт согласн с смен власт и заяв о независим так называ ат привест к многочислен обстрел насел пункт лнр и днр в донецк илуганск областяхукраин ма год состоя референдум о статус регион на он быт вынест один вопрос поддержива ли вы акт о государствен самостоятельн соответствен донецк и луганск народн республик государствен самостоятельн днр поддержа приня участ в голосован лнр,2025-05-11,https://ria.ru/20250511/donbass-2016293709.html
,москв ма ри новост заявлен президент рф владимир путин по итог мероприят в чест годовщин побед в велик отечествен войн продолжа минут подсчита корреспондент ри новост путинпровест полноформатн переговор с зарубежн лидер и представител делегац на пол празднован годовщин побед в ход состоя в кремл заявлен для представител сми путин предложилукраиненача ма переговор,2025-05-11,https://ria.ru/20250511/putin-2016286925.html
,москв ма ри новост кремл сообщ кто возглав российск переговорн групп в стамбул на переговор с украин заяв помощник президент рф юр ушак президентрфвладимир путин выступа с заявлен перед журналист в кремл предлож возобнов прям переговор сукраинойс ма встамбул о быт объяв сказалушаковжурналист в ответ на вопрос кто возглав делегац росс в стамбул в сво очеред президент рфдмитр песковтакж отмет что кремл проинформирова о мы сообщ сказа он,2025-05-11,https://ria.ru/20250511/peregovory-2016285709.html
,москв ма ри новост росс ждат реакц украин на предложен провест переговор в стамбул ма сообщ помощник президент рф юр ушаковтележурналист росс павел зарубин ну конечн реакц ждат сказалушак ран президентрфвладимир путинпредложилкиевувозобнов прям переговор без предварительн услов ма встамбул,2025-05-11,https://ria.ru/20250511/rossija-2016285401.html
,москв ма ри новост свидетел несоблюден реж перемир с сторон ки в тот числ привест к нарушен работ аэропорт москв быт москвич и многочислен гост столиц заяв президент рф дмитр песок множеств москвич множеств гост наш город быт свидетел нарушен реж перемир атак беспилотник закрыт аэропорт угроз воздушн сообщен не быт реальн прекращен огон с сторон украин сказалпесковжурналист путин ран предлага ввест реж прекращен огон на врем празднован юбил побед перемир действова с мск ма до мск ма,2025-05-11,https://ria.ru/20250511/peremirie-2016285190.html
,москв ма ри новост возможн переговор с украин в стамбул ма пройт на соответствова уровен заяв журналист президент рф дмитр песок на соответствова сказалпеск отвеча на вопрос на как уровен пройт переговор сстамбул,2025-05-11,https://ria.ru/20250511/peskov-2016284364.html
,москв ма ри новост росс готов нача переговор с украин в стамбул ма с сам утр сообщ помощник президент рф юр ушаковтележурналист росс павел зарубин мы сейчас предлож ма четверг готов нача с сам утр кто возглав российск делегац мы сообщ в близк ден сказалушак ран президентрфвладимир путинпредложилкиевувозобнов прям переговор без предварительн услов ма встамбул,2025-05-11,https://ria.ru/20250511/peregovory-2016282356.html
,москв ма ри новост вопрос урегулирован конфликт на украин затрагива в ход переговор в кремл в этот ден заяв президент рф владимир путин дума что для ве очевидн в ход прошедш в москв переговор и встреч затрагива и вопрос урегулирован конфликт на украин сказалпутинв ход заявлен путин провест полноформатн переговор с зарубежн лидер и представител делегац на пол празднован годовщин побед в велик отечествен войн в москв подсчита корреспондент ри новост,2025-05-11,https://ria.ru/20250511/putin-2016281127.html
,москв ма ри новост попытк украинск войск проникнут на территор росс в ден празднован побед в велик отечествен войн не имет воен значен а нос провокацион характер заяв президент рф владимир путин за этот три ден объяв мы прекращен огон быт предприня пят целенаправлен попытк нападен на государствен границ российск федерац в районекурск област на стык с белгородск област сказа глав государств путинотмет что на друг направлен быт отраз ещ атак наш воен специалист счита что он атак и попытк вторжен ред не имет никак воен значен провод исключительн по политическ соображен противник понест очен больш потер добав он,2025-05-11,https://ria.ru/20250511/putin-2016280770.html
,москв ма ри новост росс признательн зарубежн лидер за он усил по завершен украинск конфликт заяв президент рф владимир путин в ход прошедш переговор и встреч затрагива и вопрос урегулирован наукраин мы благодарн наш гост друг за то вниман котор он уделя конфликт и за тот усил он предпринима чтоб конфликт быт заверш сказа глав государств,2025-05-11,https://ria.ru/20250511/putin-2016280505.html
,москв ма ри новост президент росс владимир путин заяв что завтр провест разговор с президент турц реджеп тайип эрдога завтр у мы намет разговор с президентомтурциигосподиномэрдога сказалпутинв ход заявлен,2025-05-11,https://ria.ru/20250511/putin-2016279847.html
,москв ма ри новост некотор стран пыта разговарива с росс язык ультиматум даж в ден побед заяв президент владимир путин пыта до се пор мы эт видет прям в этот ден разговарива с мы по сут в хамск манер и с помощ ультиматум сказа глав государств выступа перед представител российск и зарубежн сми в суббот президент францииэммануэл макрон а такж канцлер фрг фридр мерц великобритан и польш кир стармер и дональд туск прибыл в ки на встреч коалиц жела до в совместн заявлен он пригроз москв санкц есл тот не приня услов по перемир комментирова угроз с сторон европейск лидер представител кремлядмитр песковподчеркнут что пуга росс нов ограничен дел пуст минувш ноч путин выступ перед представител российск и зарубежн сми и предлож ки возобнов прям переговор без предварительн услов встамбул ма глав государств подчеркнут что не исключа достижен реальн прекращен огон котор быт соблюда украин президент отмет что планирова в близк врем пообща с турецк коллегойреджеп тайип эрдоганом обсуд поиск пут к мир российск лидер добав что москв неоднократн выступа с инициатив о прекращен огон но ки он саботирова,2025-05-11,https://ria.ru/20250511/putin-2016278997.html
,москв ма ри новост ки в ден перемир в чест ден побед предприня пят целенаправлен попытк нападен на госграниц рф заяв президент рф владимир путин быт предприня за эт врем пят целенаправлен попытк нападен на границ российск федерац сказалпутинв врем заявлен для сми путин уточн что реч идт о курск ибелгородск област,2025-05-11,https://ria.ru/20250511/putin-2016278338.html
,москв ма ри новост у росс ест надежд на то что конструктивн отношен с европ однажд быт восстанов сказа президент рф владимир путин эт вселя в мы оптимизм и надежд что ран ил поздн в тот числ опира на урок истор на мнен сво народ мы нача двига в сторон восстановлен конструктивн отношен с государств европ сказалпутинв ход заявлен,2025-05-11,https://ria.ru/20250511/putin-2016277832.html
,москв ма ри новост росс признательн государств направ парадн расчет для участ в парад побед в москв заяв президент рф владимир путин признательн руководител государств направ для участ в парад на красн площад подразделен национальн вооружен сил сказалпутин по итог переговор с зарубежн лидер посет парад побед вмоскв,2025-05-11,https://ria.ru/20250511/putin-2016277071.html
"Путин заявил, что был рад лично поблагодарить военачальников КНДР",москв ма ри новост президент росс владимир путин сообщ что быт рад личн поблагодар военачальник кндр рад быт личн поблагодар военачальниковкорейск народн арм переда сам тепл слов солдат и командир подразделен спецназ корейск республик вмест с наш боец профессиональн хотет эт подчеркнут добросовестн выполня задач при освобожден пограничн районовкурск областиот формирован киевск реж сказалпутин,2025-05-11,https://ria.ru/20250511/putin-2016276535.html
,москв ма ри новост президент росс владимир путин поблагодар зарубежн партнер приня участ в торжеств по случа юбил побед в москв хотет бы поздрав ве вы ещ раз с праздник велик побед поблагодар наш друг зарубежн партнер в этот ден быт вмест с мы вмоскв юбилейн торжеств чтоб поклон поколен победител сказалпутинв ход заявлен по итог четыр ден работ,2025-05-11,https://ria.ru/20250511/putin-2016275877.html
,москв ма ри новост президент рф владимир путин выйт к журналист по итог сер международн переговор в кремл передава корреспондент ри новост на праздничн мероприят вмоскв посвят побед в велик отечествен войн быт представ зарубежн делегац c по маяпутинпровет встреч с лидер различн государств в тот числ состоя переговор президентарфс президентомвенесуэлыниколас мадур председателемкнрс цзиньпин генеральн секретар центральн комитет коммунистическ партиивьетнамат лам для глав делегац приб в москв на ден побед ма быт организова торжествен обед от им президент рф на нем путин назва присутствова гост надежн друг и партнер росс и подня тост за поколен победител за велик побед за мир и благополуч в ден побед путин и зарубежн гост приня участ в торжествен парад перед он нача президент росс в кремл приветствова приб лидер иностра государств зат он заня мест на трибун на красн площад в сам шеств приня участ не тольк российск военнослужа но и иностра белорусс казахста киргиз таджикиста туркмен узбекиста вьетн египет кнр лаос монголииимьянм посл парад побед путин и друг лидер возлож цветок к мог неизвестн солдат зат состоя при от им президент росс в чест праздничн дат по окончан мероприят путин переда президент токаевунаградн лист он отец кемел токаев участвова в велик отечествен войн заверш международн программ в ноч с на ма,2025-05-11,https://ria.ru/20250511/putin-2016275681.html
,москв ма ри новост президент росс владимир путин провест полноформатн переговор с зарубежн лидер и представител делегац на пол празднован годовщин побед в велик отечествен войн в москв подсчита корреспондент ри новост международн программ празднован побед в велик отечествен войн президентароссиинача ма с переговор с лидеромвенесуэлыниколас мадур в тот же деньпутинпровет бесед с президентомкубымигел бермудес президентоммонголииухнагийн хурэлсух и президентомреспублик конгоден восьм ма состоя больш переговор с участ путин и председателякнрс цзиньпин в пятниц ма посл парад побед на красн площад российск президент провест сер международн встреч состоя переговор с президентамибразилиииегипталуис инас лул да силвой абдел фаттахом президент рф провест встреч с лидер европейск держав президентомсербииалександр вучичемет фиц такж в ноч на ма состоя бесед путин с президентомузбекистанашавкат мирзие международн программ путин в суббот ма нача с переговор с генсек цк компартиивьетнамат лам зат российск лидер пообща с президентомзимбабвеэммерсон мнангагв президентомпалестинымахмуд аббас президент ибра траор главнокоманд ливийск национальн армиейхалиф хафтар такж лидерамиабхазиииюжн осетиибадр гунбойиала гагло ещ ряд встреч пройт на ног так путин переда токаевунаградн лист он отец участник велик отечествен войн гер советск союз кемел токаев кратк обща с приглас лидер в ход официальн обед от им президент рф наканун ден побед и на торжествен при в кремл ма,2025-05-11,https://ria.ru/20250511/putin-2016271814.html
,москв ма ри новост росс быт помога южн осет поддержива в должн состоян мемориа и воинск захоронен врем велик отечествен войн завер президент рф владимир путин российск лидер в суббот встрет в кремл с президентомюжн осетииала гагло я знат что вы больш вниман уделя патриотическ воспитан и в этот связ мы провод сейчас мероприят связа с поддержан в должн состоян мемориа захоронен наш воин врем велик отечествен войн и всяческ быт вы помога в сказалпутинв ход встреч,2025-05-11,https://ria.ru/20250511/putin-2016271367.html
,москв ма ри новост заявлен для пресс президент рф владимир путин по итог четыр ден торжествен мероприят в чест побед в велик отечествен войн быт содержательн сообщ журналист президент рф дмитр песок песковсообщ что президентроссиисдела заявлен для сми подвест итог четыр ден работ но без ответ на вопрос заявлен быт содержательн подчеркнут песок,2025-05-11,https://ria.ru/20250511/putin-2016271155.html
,москв ма ри новост жител южн осет и власт республик поддержива боец спецоперац заяв президент южн осет ала гагл и руководств республик и рядов гражданин исход из наш возможн поддержива наш ребят периодическ езд в зон специальн воен операц встреча привоз гуманитарн помощ все понима что эт наш общ дел и наш общ будущ сказалгаглоевич встреч с президентомрфвладимир путинымт кремл,2025-05-10,https://ria.ru/20250510/gagloev-2016269861.html
,москв ма ри новост президент южн осет ала гагл заяв что республик высок цен братск отношен с росс всегд поддержива решен москв и проведен специальн воен операц владимир владимирович мы высок цен особ братск отношен межд российск федерац июжн осет дорож этот отношен ну и конечн же южн осет всегд поддержива решен руководств российск федерац мы полност поддержива проведен специальн воен операц сказалгаглоевич встреч с российск лидеромвладимир путин он такж поблагодарилроссиюз масштабн поддержк республик и е народ,2025-05-10,https://ria.ru/20250510/gagloev-2016269231.html
,москв ма ри новост росс быт уделя необходим вниман вопрос безопасн в южн осет эт важн направлен совместн работ два стран зав президент рф владимир путин разумеет быт как и прежд уделя необходим вниман вопрос безопасн все эт в контекст наш работ направлен важн есл не сказа чрезвычайн важн сказалпутин переговор с президентомюжн осетииала гагло,2025-05-10,https://ria.ru/20250510/putin-2016268473.html
Путин провел в Кремле встречу с президентом Южной Осетии,москв ма ри новост в кремл пройт переговор владимир путин и президент южн осет ала гаглоев передава корреспондент ри новост президент южн осет приб в москв ма для участ в мероприят посвят побед в велик отечествен войн девят ма он посет парад побед на красн площад,2025-05-10,https://ria.ru/20250510/gagloev-2016267808.html
,москв ма ри новост росс быт дела все чтоб поддержа южн осет заяв президент росс владимир путин в суббот вечер российск лидер встрет с президентомюжн осетииала гагло наш сегодняшн отношен стро на баз договор о союзничеств год десятилет отмеча в год договор мы как и предыдущ год быт дела все что от мы зависет для тот чтоб поддержа южн осет сказалпутин встреч,2025-05-10,https://ria.ru/20250510/putin-2016268008.html
Беседа Путина с президентом Южной Осетии Гаглоевым. Трансляция,бесед президент росс владимир путин с глав южн осет ала эдуардович гагло,2025-05-10,https://ria.ru/20250510/putin-2016178561.html
,москв ма ри новост президент абхаз бадр гунб на встреч с российск лидер владимир путин поблагодар росс за особ отношен к республик за он безопасн особ благодарн народаабхаз личн народ российск федерац за отношен к наш республик за е безопасн сохранен мир на наш земл сказалгунб,2025-05-10,https://ria.ru/20250510/abkhaziya-2016264597.html
,москв ма ри новост отношен росс и абхаз развива динамичн больш важност представля запуск авиасообщен межд два стран заяв абхазск президент бадр гунб что каса взаимоотношен он развива динамичн для мы очен важн реализац инфраструктурн проект открыт аэропорт год не работа сегодн воздушн сообщен межд российск федерац и республик абхаз восстанов сказалгунба встреч с президентомроссиивладимир путин,2025-05-10,https://ria.ru/20250510/gunba-2016263834.html
Путин провел в Кремле встречу с президентом Абхазии,москв ма ри новост в кремл пройт переговор владимир путин и президент абхаз бадр гунб передава корреспондент ри новост гунб приб в москв ма для участ в мероприят посвят побед в велик отечествен войн в пятниц он посет парад побед на красн площад для президент абхаз эт перв посл вступлен в должност встреч с российск лидер,2025-05-10,https://ria.ru/20250510/abkhaziya-2016263448.html
,москв ма ри новост президент ибраг траор выраз в суббот на переговор в кремл пожелан развива отношен с росс в геометрическ прогресс а такж нов форм сотрудничеств мы хотет бы чтоб сотрудничеств межд мы развива в геометрическ прогресс обрета нов форм сказа траор на встреч с президентомрфвладимир путин,2025-05-10,https://ria.ru/20250510/burkina-2016253640.html
Путин провел в Кремле встречу с президентом Буркина-Фасо,москв ма ри новост в кремл пройт переговор владимир путин и президент ибраг траор передава корреспондент ри новост президент приб вмоскв ма для участ в мероприят посвят побед в велик отечествен войн в пятниц он посет парад побед на красн площад,2025-05-10,https://ria.ru/20250510/burkina-faso-2016249196.html
Путин провел в Кремле встречу с президентом Палестины,москв ма ри новост в кремл пройт переговор владимир путин и президент палестин махмуд аббас передава корреспондент ри новост президент палестин приб в москв ма для участ в мероприят посвят побед в велик отечествен войн в пятниц он посет парад побед на красн площад,2025-05-10,https://ria.ru/20250510/palestina-2016240603.html
Путин провел в Кремле встречу с президентом Зимбабве,москв ма ри новост в кремл пройт переговор владимир путин и президент зимбабв эммерсон мнангагв передава корреспондент ри новост основн заявлен российск лидер мнангагв в сво очеред заяв что он стран готов двига вперед в развит двусторон сотрудничеств с росс лидер африканск государств такж отмет рол советск народ в побед над фашизм год назад президент зимбабв приб в москв ма для участ в мероприят посвят побед в велик отечествен войн в пятниц он посет парад побед на красн площад,2025-05-10,https://ria.ru/20250510/zimbabve-2016231274.html
,москв ма ри новост президент рф владимир путин неоднократн говор что он готов к контакт с люб лидер сообщ президент рф дмитр песок отвеча на вопрос о перспектив возможн контакт российск лидер с нов канцлер фрг фридр мерец владимир путин неоднократн говор что он готов к контакт с люб лидер сказа песок,2025-05-10,https://ria.ru/20250510/putin-2016226671.html
,москв ма ри новост президент рф владимир путин откр для взаимодейств и диалог с друг лидер государств в так степен в готов он сообщ президент рф дмитр песок отвеча на вопрос о перспектив возможн контакт российск лидер с нов канцлер фрг фридр мерец он откр для взаимодейств и диалог с люб лидер в так степен в готов сам лидер сказалпесковжурналист,2025-05-10,https://ria.ru/20250510/putin-2016226492.html
,москв ма ри новост президент рф владимир путин сообщ что в ход переговор с генсек цк компарт вьетн то лам в кремл обсужда актуальн вопрос международн повестк ден переговорыпутинаит лама кремл пройт в суббот он длит почт три час естествен в ход переговор мы рассмотрет и актуальн тем глобальн и региональн повестк подчеркнут позициироссиивьетнамап он в мног близк ил полност совпада сказа глав государств то лам наход в рф с официальн виз ма в пятниц он приня участ в праздничн мероприят по случа ден побед вмоскв,2025-05-10,https://ria.ru/20250510/putin-2016219630.html
,москв ма ри новост в кремл нача переговор президент владимир путин с генсек цк компарт вьетн то лам передава корреспондент ри новост заявлен российск лидер в нача встреч то лам в сво очеред отмет что планирова обсуд актуальн стратегическ вопрос такж он поблагодар коллег за тепл при и поздрав с успешн проведен торжеств в чест ма переговор путин с генсек цк компарт вьетн пройт в узк и широк соста ожида что по он итог сторон приня совместн декларац и подписа сер двусторон документ то лам наход в росс с официальн виз ма в пятниц он приня участ в праздничн мероприят по случа юбил ден побед в москв,2025-05-10,https://ria.ru/20250510/vetnam-2016196725.html
,москв ма ри новост дружб росс и вьетн провер врем а отношен залож мног десятилет назад быт хорош фундамент чтоб и далек он развива и крепнут счита председател госдум вячесла володин генеральн секретар компартиивьетнамат ламт суббот провест встреч с вьетнамск и российск студент в российск академ народн хозяйств и государствен служб ранхигс вмоскв володин в ход выступлен отмет что в год исполня год установлен дипотношен межд стран но есл говор о наш дружб он длит намн долг можн с уверен сказа что эт дружб провер врем невзир на проблем изменен политическ обстановк отношен тольк лиш укрепля да он проверя врем да он в сам непрост врем подверга испытан но год идт а этот отношен быт неизмен сказа он в приветствен реч на то лам в ранхигс председательгддобав что такж в ден пройт он встреч с то лам в госдум результат достигнут разговор быт очен эффективн товарищ то лам внест с сво сторон предложен по повышен эффективн работ межпарламентск сотрудничеств мы надея эт быт хорош фундамент и мы мног сдела с наш коллег из вьетн для тот чтоб внест вклад в рамк парламентск измерен в развит отношен межд наш стран народ подчеркнут володин он отмет что отношениярф вьетн никогд не омрача период прохлад пуска отношен залож мног десятилет назад быт хорош фундамент чтоб и далек он развива и крепнут заключ спикер гд генеральн секретар цк коммунистическ парт вьетн ран приб в москв с официальн виз в тот числ для участ в мероприят посвят ден побед,2025-05-10,https://ria.ru/20250510/vetnam-2016186903.html
,москв ма ри новост тем украин на переговор президент росс владимир путин с лидер египет абдел фаттахом в кремл не затрагива сообщ президент росс дмитр песок путинв пятниц провест переговор с президент египет приб в москв для участ в мероприят по случа побед в велик отечествен войн,2025-05-09,https://ria.ru/20250509/peregovory-2016132758.html
,москв ма ри новост переговор президент росс владимир путин с лидер серб александр вучич в кремл заверш он длит один час передава в пятниц корреспондент ри новост вучич приб вмосквудл участ в торжествен мероприят к побед наканунепутин вучич встрет в больш кремлевск дворец где быт организова официальн обед и концерт по случа празднован побед,2025-05-09,https://ria.ru/20250509/peregovory-2016127112.html
,москв ма ри новост отношен росс и серб нос конструктивн и обоюдовыгодн характер заяв президент рф владимир путин российск лидер в пятниц провод переговор с президентомсербииалександр вучич приб вмосквун празднован побед,2025-05-09,https://ria.ru/20250509/putin-2016118452.html
,москв ма ри новост переговор президент росс владимир путин и лидер египет абдел фаттах в кремл заверш встреч длит почт полтор час передава в пятниц корреспондент ри новост абдел фаттах вмоскв ма для участ в мероприят по случа побед в велик отечествен войн в пятниц египетск президент присутствова вмест с друг зарубежн лидер на парад побед на красн площад,2025-05-09,https://ria.ru/20250509/peregovory-2016110422.html
,москв ма ри новост обнов официальн сайт замглав совет безопасн рф председател парт един росс дмитр медвед нача работ сообщ в парт нача работ обнов официальн сайтдмитр медвед на обнов платформ ru доступн информац о работ дмитр медвед в качеств заместител председател совет безопасностирф председател парт един росс говор в в парт отмет что на сайт публикова пост размест на официальн страниц медвед в соцсет вконтакт и в telegram созда арх и видеоматериа с мероприят а такж авторск публикац на различн информацион площадк помим пользовател моч познаком с фоторабот дмитр медвед добав в ер,2025-05-09,https://ria.ru/20250509/medvedev-2016079725.html
,москв ма ри новост президент рф владимир путин назва рабоч ден в кремл ма очен хорош и насыщен путинп завершен официальн обед для глав делегац пройт в кремл в четверг вечер личн провод высок гост с котор завтр встрет на парад побед соответствующеевидеораспростран кремл президент пожа рук лидер и обменя с кажд из он кратк реплик а с некотор например с президентомбразилиилул да силв обня спасиб и ден быт очен хорош очен насыщен сказа путин проща с лидер кита до завтр,2025-05-08,https://ria.ru/20250508/putin-2015890119.html
,вашингтон ма ри новост отношен рф и сша следова вернут к нормальн и здрав смысл заяв посол росс в вашингтон александр дарч как отмет посол акц бессмертн полк призва почт памя сража и погибнут в велик отечествен войн,2025-05-08,https://ria.ru/20250508/posol-2015886066.html
,москв ма ри новост росс выступа за равн и неделим безопасн для ве и призыва миров сообществ к солидарн в решен актуальн проблем эт позвол обеспеч мир для ве народ земл заяв президент росс владимир путин обед от им президентарфдл глав иностра делегац приглас на торжеств в чест побед в велик отечествен войн проход в кремл в четверг вечер он отмет что росс призыва все миров сообществ к солидарн в решен актуальн проблем современ к общ ответствен за будущ поколен уверен что тольк так подход позвол обеспеч долгосрочн мир благополуч и равенств возможн для ве народ земл росс готов к так созидательн совместн работ завер президент рф,2025-05-08,https://ria.ru/20250508/putin-2015866032.html
,москв ма ри новост требован и предложен росс в степен учитыва американск сторон хот не все сообщилпомощникпрезидент рф юр ушак,2025-05-08,https://ria.ru/20250508/ushakov-2015862180.html
,москв ма ри новост росс и сша двига к двусторон встреч президент рф владимир путин и президент сша дональд трамп считаетпомощникпрезидент рф юр ушак,2025-05-08,https://ria.ru/20250508/vstrecha-2015861149.html
,москв ма ри новост президент росс владимир путин встрет в кремл глав иностра делегац прибыл в москв на торжеств по случа побед в велик отечествен войн церемон неформальн встреч пройт в больш кремлевск дворец перед обед от им президентарфдл глав иностра делегац,2025-05-08,https://ria.ru/20250508/putin-2015859639.html
,москв ма ри новост замглав совет безопасн рф председател един росс дмитр медвед заяв что ни у кто нет сомнен в итог специальн воен операц ни у кто из мы нет сомнен в итог воен кампан специальн воен операц но мы нужн дума о будущ а будущ в тот числ создава тот кто уж прям сейчас дел сво эмоц от происход на войн сказалмедведевич встреч с писател и поэт создава произведен о спецоперац,2025-05-08,https://ria.ru/20250508/svo-2015837973.html
,москв ма ри новост президент рф владимир путин посл завершен переговор с лидер кита си цзиньпин провод коллег до автомобил и помаха он на прощан путин цзиньпинв четверг провест переговор в кремл в узк и широк соста а такж пообща в неформальн обстановк за чаепит председателькнрприб вроссиюв сред виз продл до ма,2025-05-08,https://ria.ru/20250508/putin-2015833643.html
,москв ма ри новост кортеж председател кнр си цзиньпин покинут кремл посл он переговор с президент рф владимир путин в общ сложност общен глав государств продл бол сем час си цзиньпинв сред приб с виз вросс ран в четверг кремлепутин си цзиньпин провест переговор сдела заявлен для представител сми а такж пообща в неформальн обстановк кадр кортеж покида кремлевск резиденц быт показа в эфир телекана росс,2025-05-08,https://ria.ru/20250508/kortezh-2015835580.html
,москв ма ри новост неформальн общен президент рф владимир путин и председател кнр си цзиньпин за чаепит моч быт долг продолжительн встреч определ сам лидер сообщ помощник президент по международн дел юр ушак в эфир телекана росс посл официальн программыпутин цзиньпинпобеседова за чаепит в последн год так формат общен предусматрива на ве встреч на высок уровен отмеча ран ушак в так неформальн обстановк лидерыроссииикитаяобсуд сам чувствительн и ключев вопрос взаимодейств два стран председател кнр приб в росс в сред виз продл до ма,2025-05-08,https://ria.ru/20250508/razgovor-2015828607.html
,москв ма ри новост главачечн рамза кадыр рассказа что президент рф владимир путин отреагирова на обсужден тем он отставк известн цитат марк твен ран глав чечн комментирова слух о сво отставк заяв что сам прос освобод он от должност выраз надежд что он просьб поддержа поздн в вторник он заяв что мног не поня смысл он слов о отставк поясн что он не моч самостоятельн реш остава ли он в должност а моч тольк попрос окончательн же решен моч приня тольк президент в сред глав государств провест встреч с руководител чечн где обсужда текущ ситуац в республик в четвергкадыровв сво рассказа как на этот встреч президентроссииотреагирова на слух о он отставк,2025-05-08,https://ria.ru/20250508/kadyrov-2015826965.html
,москв ма ри новост росс и китайзаявил важност поддержан конструктивн отношен межд крупн держав в тот числ при решен глобальн стратегическ вопрос соответствова заявлен российск федерац и китайск народн республик по глобальн стратегическ стабильн опубликова на сайт кремл,2025-05-08,https://ria.ru/20250508/otnosheniya-2015812484.html
,москв ма ри новост росс и китайнацеленын дальн наращиван многопланов конструктивн сотрудничеств с государств африк совместноезаявлениерфикнр дальн углублен отношен всеобъемлющ партнерств и стратегическ взаимодейств в нов эпох в ознаменован побед советск союз в велик отечествен войн побед китайск народ в войн сопротивлен японск агресс и образован организац объедин нац опубликова на сайт кремл отмеча чтомоскваипекиннамер поддержива усил стран континент по реализац амбициозн цел повестк дняафриканск союза период до год африк как мы хотет он видет руководствова принцип африканск проблем африканск решен сторон един в мнен что установлен мир стабильн и достижен государствамиафрикиподлин независим и самостоятельн явля фундаментальн основ развит процветан и осуществлен модернизац на континент сторон приветствова открыт объединениябрикск комплексн взаимодейств с африканск стран и готов продолжа укрепля контакт и координац по африканск проблематик сторон поддержива усил южноафриканск председательств в групп двадца направ на придан глобальн управлен бол справедлив и рациональн характер отмеча в текст заявлен кром тот росс и кита приветствова настр странлатинск америкиикарибск бассейна развит взаимовыгодн сотрудничеств на основ равенств взаимн уважен и учет интерес друг друг рассчитыва на укреплен так сотрудничеств с ве заинтересова государств регион и он объединен включ сообществ латиноамериканск и карибск государств южноамериканск общ рынок андск сообществ боливарианск альянс для народ америк тихоокеанск альянс карибск сообществ а такж в рамк международн формат так какоон групп двадца и брикс с тем чтоб сообщ способствова стабильн и процветан в регион,2025-05-08,https://ria.ru/20250508/afrika-2015805988.html
,москв ма ри новост масштабн программ сша золот купол нос глубок дестабилизирова характер совместноезаявлениерф и кнр по глобальн стратегическ стабильн опубликова на сайт кремл,2025-05-08,https://ria.ru/20250508/zayavlenie-2015803440.html
,москв ма ри новост отношен росс и кита достигнут высок уровен заяв президент росс владимир путин председателькнрс цзиньпинприб с виз врфт сред официальн переговор путин и си цзиньпин прошедш в четверг в кремл заверш он продолжа окол три с половин час,2025-05-08,https://ria.ru/20250508/putin-2015797930.html
,москв ма ри новост встреч президент рф владимир путин и председател кнр си цзиньпин в москв не явля сообщен для трет стран все дела в интерес народ росс и кита заяв в четверг глав государств дмитр песок,2025-05-08,https://ria.ru/20250508/peskov-2015795416.html
,москв ма ри новост президент росс владимир путин и председател кнр си цзиньпин ещ не обсужда тем американск тариф но переговор лидер продолжа сообщ президент рф дмитр песок председателькнрс цзиньпинприб с виз врфт сред переговорыпутина си цзиньпин в узк и расшир соста прошедш в четверг в кремл заверш он продолжа окол три с половин час,2025-05-08,https://ria.ru/20250508/peskov-2015792145.html
,москв ма ри новост президент росс владимир путин коротк побеседова с перв денис мантур и глав мид рф серг лавр перед переговор с лидер кнр си цзиньпин в расшир соста в кремл си цзиньпинприб с виз врфт сред лидер росс икитаяпровест вмосквепереговор приня совместн заявлен и выступ перед сми а такж пообща в неформальн обстановк за чаем в врем переговор в расшир соста за стол мантур сидет с лев сторон президент с прав глав государств перед нача встреч коротк побеседова с перв через некотор времяпутинпоговор с лавр а зат нача сво выступлен,2025-05-08,https://ria.ru/20250508/putin-2015773602.html
,москв ма ри новост переговор президент рф владимир путин и председател кнр си цзиньпин продолжа в кремл в расшир соста с участ делегац передава корреспондент ри новост в соста российск делегац войт министр обороныандр белоус глав мид рфсерг лавр министр финансовантон силуанов глав цб рфэльвир набиуллин глав роснефт игор сечин министр энергетикисерг цивилеввосла в соста российск делегац на переговор президентарфвладимир путина председателякнрс цзиньпин в российск делегац такж замглав администрац президентамакс орешкин главаминэкономразвитиямакс решетник голиковаидмитр чернышенк глав росат алекс лихач главаминсельхозаокса лут помощник президентаюр ушак глав втбандр костин бизнесменолег дерипаск председател правлен газпр алекс миллер главароспотребнадзораа поп перв мантур министр промышленностиантон алихан новак спецпредставител президент рф по сотрудничеств с зарубежн странамикирилл дмитр в кремл на переговор такж присутствова директор федеральн служб по сотрудничествудмитр шуга полпред президент рф в дфоюр трутнет лидер фракциикпрфгеннад зюган ран в кремл состоя переговор путин и си цзиньпин в узк соста а такж церемон официальн встреч китайск лидер,2025-05-08,https://ria.ru/20250508/tszinpin-2015762770.html
,москв ма ри новост президент росс владимир путин сообщ председател кнр си цзиньпин что готов внов посет кита с официальн виз благодарн вы за приглашен на торжествен мероприят посвят побед над милитаристскойяпонией окончан втор миров войн быт рад внов посет дружественныйкитайс официальн виз приуроч к этот дат сказа лидеррфт ход переговор в кремл переговорыпутина цзиньпинапроход в четверг в кремл в узк соста по итог переговор лидер планирова приня совместн заявлен и выступ перед сми а такж пообща в неформальн обстановк за чаем в соста российск делегац на переговор в узк соста путин и си цзиньпин войт глав мид рфсерг лавр министр обороныандр белоус помощник президентаюр ушак перв мантур голик александр новак дмитр чернышенк полпред президент рф в дфоюр трутнет министр финансовантон силуанов глав цб рфэльвир набиуллин замглав администрац президентамакс орешкин директор федеральн служб по сотрудничествудмитр шуга главароснефтиигор сечин как отмет в кремл наканун встреч путин и си цзиньпин намер обсуд сам чувствительн и ключев вопрос взаимодейств два стран кром тот помощник президент юр ушак отмеча что в ход личн общен путин моч проинформирова лидер кнр о ход контакт,2025-05-08,https://ria.ru/20250508/putin-2015746349.html
,москв ма ри новост министр оборон андр белоус министр финанс антон силуанов глав цб рф эльвир набиуллин глав роснефт игор сечин министр энергетик серг цивил войт в соста российск делегац на переговор президент рф владимир путин и председател кнр си цзиньпин передава корреспондент ри новост в российск делегац такж замглав администрац президентамакс орешкин глав минэкономразвит макс решетник татья голик идмитр чернышенк глав росат алекс лихач глав минсельхозаокса лут помощник президент юр ушак глав втбандр костин бизнесменолег дерипаск председател правлен газпр алекс миллер глав роспотребнадзор ан поп перв денис мантур министр промышлен антон алихан александр новак спецпредставител президент рф по сотрудничеств с зарубежн стран кирилл дмитр представител делегац росс икитаяуж собра в георгиевск зал кремл перед нача официальн встречивладимир путина си цзиньпин повестк предстоя переговор очен широк готов солидн пакет документ заявля ран официальн представител мид росс мар захар си цзиньпин приб с виз в рф наканун лидер росс и кита провест вмосквепереговор приня совместн заявлен и выступ перед сми а такж пообща в неформальн обстановк за чаем си цзиньпин стат один из главн зарубежн гост парад побед на красн площад ма москв ожида что зарубежн лидер быт присутствова на парад в чест юбил побед,2025-05-08,https://ria.ru/20250508/siluanovyj-2015745065.html
,москв ма ри новост переговор лидер росс и кита владимир путин и си цзиньпин пройт в разн формат президент дмитр песок журналист росс павел зарубин си цзиньпин прилетет в москв наканун ожида что он виз вроссиюпродл до ма он приня участ в торжеств к ден побед в кремл отмеча что лидерыросс кита обсуд широк круг вопрос двусторон и международн повестк ден как уточня помощник президент по международн дел юр ушак путин и си цзиньпин по итог переговор в узк и широк соста ма подписа совместн заявлен о дальн углублен отношен и о глобальн стратегическ стабильн,2025-05-08,https://ria.ru/20250508/peregovory-2015728896.html
,москв ма ри новост владимир путин провест переговор с президент монгол ухнаагийн хурэлсух в кремл он длит окол час как подчеркнут российск лидер развит отношен один из приоритет политикимоскв по он слов россиянеизмен отклика на просьбымонголиип чувствительн направлен в тот числ в энергетик путин такж добав что товарооборот межд два стран выраст в год на за два месяц бол чем на хурэлсухприлетет в москв ма он такж приня участ в праздничн мероприят посвят побед в велик отечествен войн в год отмеча побед в велик отечествен войн по случа празднован ма москв планирова посет председател кнр си цзиньпин президент венесуэл николас мадур президент бразилиилуис инас лул да силв президент сербииалександр вучич а такж глав правительств словак роберт фиц и президент республик сербск босн и герцеговин милорад додик на парад побед на красн площад такж собира приеха белорусск лидер александр лукашенк лидер казахста тока глав киргиз садыр жапар президент узбекистанашавкат мирзие руководительтаджикистанаэмома рахмон и друг,2025-05-07,https://ria.ru/20250507/vstrecha-2015676484.html
,грозн ма ри новост главачечн рамза кадыр по итог встреч с президент рф владимир путин рассказа что обсуд с глав государств ряд важн тем вне протокол и по кажд получ полн пониман и поддержк он такж поблагодарилпутиназ довер вниман и поддержк чеченск народ мы эт высок цен и сдела все чтоб оправда этот оценк написа глав чечн глав государств в сред провест встреч с руководител чечн где обсужда текущ ситуац в республик ран президентарфдмитр песковсообща чтокадыровприня участ в расшир соста переговор с некотор делегац,2025-05-07,https://ria.ru/20250507/kadyrov-2015685668.html
,москв ма ри новост росс неизмен отклика на просьб монгол по чувствительн и важн для он направлен в тот числ в энергетик сообщ президент рф владимир путин на встреч с президент монгол ухнагийн хурэлсух в кремл в сред,2025-05-07,https://ria.ru/20250507/putin-2015679743.html
,москв ма ри новост росс за год под руководств президент владимир путин стат друг суверен и высокоразвит держав заяв ри новост бывш председател правительств рф президент российск книжн союз серг степашин по словамстепашин за год президентствапутинавроссииизмен мног в тот числ нача восстановлен промышлен и экономик кром тот президентроссийск книжн союзаподчеркнут что государств пол лидерств путин стат провод независим внешн политик котор вперв нача формирова политическ и государствен деятел рфевген примак мы видет сегодн и друг арм есл коротк то стран стат прост друг суверен высокоразвит технологическ развит держав подчеркнут степашин перв инаугурац путин в качеств президент рф состоя год назад ма год,2025-05-07,https://ria.ru/20250507/rossiya-2015675114.html
,москв ма ри новост народ чечн моч горд достижен республик в тот числ в развит экономик и строительств так же как этот успех горд ве стран счита президент росс владимир путин глав государств в сред провест встреч с руководител чечнирамза кадыр что каса достижен сегодняшн ден и в стройк и в развит экономик в цел то эт не моч не радова и уверен что чеченск народ моч горд так же как мы все горд эт здоров сказалпутинв ход встреч кадыр поблагодар президент за оценк и пообеща мы не подвест вы я не сомнева отреагирова путин президент и глав чечн в ход встреч обсужда текущ ситуац в республик кадыр отмет хорош нача год по он слов экономическ показател регион выраст а обь строительн работ сейчас составля бол миллион квадратн метр эт наверн один из рекорд в прошл год быт хорош тож упомянут в ответ глав государств в завершен открыт част бесед путин предлож рассмотрет документ подготов руководител регион к этот встреч,2025-05-07,https://ria.ru/20250507/putin-2015667364.html
,москв ма ри новост росс и венесуэладоговорилисьрасширя сотрудничеств в сфер здравоохранен текст договор межд российск федерац и боливарианск республик венесуэл о стратегическ партнерств и сотрудничеств опубликова на сайт кремл,2025-05-07,https://ria.ru/20250507/sotrudnichestvo-2015645994.html
,нижн новгород ма ри новост власт мордов предупред о появлен фейков глав республик арт здун и призва не вест на провокац созда в сет фейков с им глав мордов скопирова аватар оформлен и вылож пост с сгенерирова нейросет фейков видеообращен говор в официальн власт мордов власт регион призва жител мордов не вест на провокац,2025-05-07,https://ria.ru/20250507/vlasti-2015633804.html
,москв ма ри новост президент росс владимир путин заяв что глав чечн рамза кадыр моч горд результат развит регион в последн год путинпредлож глав чечн обсуд текущ дел в республик как подчеркнут президент боец прошедш там подготовк блестящ воева в зон специальн воен операц кром тот российск лидер рассказа что начальник генштаб всвалер герасимовежедневн докладыва о ситуац на ве участок боев соприкосновен при част упомина военнослужа пройт подготовк в чечн кадыр в сво очеред завер что все постав президент задач в зон сво выполня с полн отдач по он слов из чечн в зон спецоперац отправ бол тысяч боец из он свыш тысяч доброволец глав регион долож российск лидер что экономическ показател в чечн выраст на промышлен производств на,2025-05-07,https://ria.ru/20250507/chechnya-2015639916.html
,москв ма ри новост президент росс владимир путин предлож глав чечн рамза кадыр обсуд текущ дел в республик мы давн с вы договор повида чтоб поговор о текущ ситуац в республик как дел рамза сказа глав государств в ход встреч скадыр,2025-05-07,https://ria.ru/20250507/putin-2015638497.html
,москв ма ри новост госдум моч ма рассмотрет в перв чтен законопроект о утвержден схем одномандатн избирательн округ на выбор депутат гд следова из решен комитет документ доступн в думск электрон баз включ указа законопроект в проект порядок работ государствен дум на ма год для рассмотрен в перв чтен сказа в документ согласн нов схем вднрбыт образова три одномандатн округ два в херсонск изапорожск по один округ кром тот на один увелич количеств одномандатн округ вмоскв московск областиикраснодарск кра в алтайск забайкальск кра волгоградск воронежск калужск ивановск ростовск смоленск тамбовск томск областяхколичеств округ уменьш на один действова схем одномандатн округ быт утверд в год согласн законодательств он действова в течен год цик росс не поздн чем за ден до истечен срок на быт утверд настоя схем одномандатн округ должн предостав вгосдумурфнов схем,2025-05-07,https://ria.ru/20250507/gosduma-2015615242.html
,москв ма ри новост президент рф владимир путин встрет с глав чечн рамза кадыр в кремл ран президентарфдмитр песковсообща чтопутинв сред встрет скадыровымт кремл он такж подчеркива что кадыр приня участ в расшир соста переговор с некотор делегац рамза ахматович добр ден мы давн с вы договарива повида чтоб поговор о текущ ситуац в республик сказа путин в нача встреч кадыр в ответ поблагодар путин за то что он найт врем в сво плотн график для разговор,2025-05-07,https://ria.ru/20250507/kadyrov-2015637498.html
,москв ма ри новост график президент рф владимир путин в ден празднован побед расписа по минут сообщ журналист президент рф дмитр песок ответилпескович вопрос о тот быт ли графикпутинарасписа по минут в ден празднован побед больш числ встреч с зарубежн гост путин в ден празднован побед провест бол двусторон встреч с зарубежн лидер ряд бесед состоя в формат на ног сообщ ран журналист помощник глав государстваюр ушак,2025-05-07,https://ria.ru/20250507/peskov-2015635718.html
,грозн ма ри новост глав чечн рамза кадыр поздрав владимир путин с с ден вступлен в должност президент росс перв инаугурацияпутина качеств президентарфсостоя год назад ма год друг год назад нача пут измен не тольк росс но и мир в ден дат присяг владимир владимирович путин в перв раз вступ в должност президент рф эт важн событ для ве гражданин росс котор ознаменова нача нов истор наш стран хотет поздрав наш национальн лидер глав государств владимир владимирович с с ден инаугурац написалкадыровв сво годовщин инаугурац по мнен глав республик эт не тольк дат в календар но и напоминан о тот что имен благодар так лидер как путин стро сильн и независим стран он такж рассказа что присутствова с отец перв президент чечн кадыр на инаугурац путин уж тогд ощуща что вперед мы ждат серьезн преобразован и имен владимир путин стат тем человек кто подня стран с кол все этот ожидан сполн оправда за прошедш год росс пройт пут мощн возрожден и развит добав кадыр,2025-05-07,https://ria.ru/20250507/putin-2015614918.html
,москв ма ри новост переговор президент росс владимир путин и лидер венесуэл николас мадур быт обстоятельн лидер обсуд ве повестк ден сообщ российск глав государств дмитр песок очен обстоятельн быт переговор и узк формат и расшир формат пройт пройт по ве повестк ден сообщилпесковжурналист мадуроприлетет вмоскв ма посл переговор спутинымон оста вроссиидл участ в мероприят посвят побед в велик отечествен войн вмест с мадур в росс приб представительн делегац включ министр правительств и высокопоставлен военнослужа,2025-05-07,https://ria.ru/20250507/peregovory-2015610428.html
,москв ма ри новост мисс президент росс владимир путин состоя в тот что он брос выз несправедлив как внутр стран так и за он предел заяв ри новост лидер парт справедлив росс за правд депутат госдум серг мирон перв инаугурацияпутина качеств президентарфсостоя год назад ма год историческ мисс владимир владимирович путин состоя в тот что он брос выз несправедлив как внутр стран так и за он предел сказалмирон он отмет что посл распадассср превращен он остаток в полуколон на запад поспеш возвест о конец истор глобалист празднова сво окончательн торжеств но поспеш ма год наступ эпох котор стат не конец стар истор а нача нов тот истор котор твор на наш глаз и котор твор мы сам добав политик мирон счита что в тот ден росс возглав подлин национальн лидер брос выз несправедлив как внутр стран так и за он предел патриот для котор главн явля служен сво родин и народ добав депутат он подчеркнут что преодолет смут рубеж столет росс вернут себ суверенитет вернут себ прав сам реша сво судьб и сегодн под нача путин росс стро и крепнут мужа и сража и росс обязательн побед заключ мирон,2025-05-07,https://ria.ru/20250507/putin-2015565336.html
,москв ма ри новост переговор президент рф владимир путин с президент венесуэл николас мадур нача в кремл в переговорахпутинаимадур узк соста с российск сторон приня участ глав мид рфсерг лавр помощник президентарфюр ушак рфдмитр чернышенк главароснефтиигор сечин такж в соста российск делегац войт президент рфдмитр песок главароскосмосадмитр бакан главароспотребнадзораа поп директор федеральн служб по сотрудничествудмитр шуга министр энергетик рфсерг цивил министр транспорт рфрома старовойт министр финанс рфантон силуанов главаминэкономразвитиярфмакс решетник главаминпромторгарфантон алихан глав чечнирамза кадыр как ран сообща помощник российск президент юр ушак по итог переговор в кремл планирова подписан межгосударствен договор о стратегическ партнерств и сотрудничеств мадур прилетет вмоскв ма посл переговор с путин он оста в росс для участ в мероприят посвят побед в велик отечествен войн вмест с мадур в росс приб представительн делегац включ министр правительств и высокопоставлен военнослужа,2025-05-07,https://ria.ru/20250507/peregovory-2015553164.html
,москв июн ри новост сенатор от республик ком ел шумил досрочн слага сво полномоч по собствен желан совфед рассмотрет вопрос июн сообщ ри новост глав комитет по регламент вячесла тимченк по он слов совфедрассмотрет вопрос июн шумил вход в соста комитет сф по региональн политик он полномоч истека в сентябр текущ год,2025-06-16,https://ria.ru/20250616/senator-2023217474.html
,москв июн ри новост президент росс владимир путин наград медал за храброст ii степен ври глав грайворонск округ белгородск област дмитр панков быт ран в год соответствующийдокументразмест на сайт официальн опубликован правов акт в конец ма губернаторбелгородск областивячесла гладковсообщ что исполня обязан глав грайворонск округ быт дмитр панк,2025-06-16,https://ria.ru/20250616/nagrada-2023164540.html
,москв июн ри новост президент турц реджеп тайип эрдога поздрав президент рф владимир путин и ве россиянин с отмеча июн ден росс,2025-06-16,https://ria.ru/20250616/erdogan-2023132215.html
,москв июн ри новост президент росс владимир путин в понедельник приня в кремл губернатор севастопол миха развожа сообщ глав государств дмитр песок в течен ден в кремл цел ряд встреч сред остальн на доклад у президент быт глав севастопол развожа сказа песок журналист севастопол важн регион всегд в приоритет у президент добав он,2025-06-16,https://ria.ru/20250616/razvozhaev-2023101068.html
,москв июн ри новост президент росс владимир путин в понедельник провест международн телефон разговор сообщ глав государств дмитр песок совс скор мы дат сообщен о международн телефон разговор сказалпесковжурналист,2025-06-16,https://ria.ru/20250616/putin-2023100779.html
,москв июн ри новост на запад привыкнут недооценива геополитическ соперник что привод к политическ ошибк заяв профессор университет норвег глен дизн в соцсет x поч на запад существова тенденц недооценива оппонент иранск реж рухнут россиюможн легк побед а он экономик слаб китайн моч внедря инновац и так дал этот предположен не явля результат информирова дебат мы не разреш не соглаша поскольк признан сил оппонент осужда как проиранск пророссийск ил прокитайск плох анализ привод к плох политик написа он по мнен эксперт культур цензур и отм сдела жител западн стран слеп глух и нем как отмеча президентвладимир путин на запад прям признава что наход в состоян экзистенциальн войн с росс глав государств подчеркива что запад из век в век хотет откус от росс эт связа с тем что в западн культур на перв мест сто материальн благополуч в то врем как в росс всегд присутствова иде,2025-06-15,https://ria.ru/20250615/rossiya-2023016484.html
,велик новгород ма ри новост новгородск региональн отделен парт един росс выдвинут ври губернатор александр дрон кандидат для участ в предстоя выбор глав регион передава корреспондент ри новост соответствова решен быт приня в воскресен на конференц новгородск региональн отделен един росс под председательств секретар региональн отделен партииандр никитин призва голосова задрон в итог кандидатур дрон в врем тайн голосован быт поддержа единогласн дрон поблагодар участник конференц за поддержк и призва включ в активн работ а такж обнов существ стратег развит регион котор быт приня в год в течен близк три месяц мы с вы провест отраслев экспертн стратегическ сесс встреч с коллект предприят в ход сформулирова концепц дальн развит ве сфер наш жизн эт не прост стратегияновгородск област а документ иде котор моч бы одобр кажд жител наш регион от студент до пенсионер от домохозяйк до предпринимател сказа дрон приоритетн задач стратег по он слов должн стат улучшен демографическ ситуац за счет снижен смертност и расширен проект по увеличен рождаем на ве област с год а такж поддержк сем и продвижен семейн ценност он предлож продолж проект усил поддержк молодеж созда региональн стандарт в сфер образован и здравоохранен поддержива мал бизнес и промышлен предприят разработа концепц реновац отдельн район област ран на встреч с секретар местн и первичн отделен региональн отделен парт един росс дрон сообща что явля сторонник парт и разделя он ценност новгородск областн думаназнач выбор губернатор регион на сентябр президентроссиивладимир путин феврал подписа указ о досрочн прекращен полномоч губернатор новгородск област андр никитин приня он отставк по собствен желан причин отставк с пост глав регион стат переход на друг работ никитин быт назнач заместител министр транспорт росс исполня обязан глав новгородск област стат перв заместител губернатор александр дрон с март быт назнач путин ври губернатор,2025-06-15,https://ria.ru/20250615/otdelenie-2022947615.html
,москв июн ри новост довер человек явля элемент российск традиц но враг вер нельз заяв президент росс владимир путин путинв четверг июн вруча в кремл государствен прем посл церемон президентроссиипообща с лауреат за бока шампанск гер труд юр дик сказа не вер враг обманут нельз согласн в вы знат мы наивн человек все я точн говор мы все наивн человек эт к сожален тож у мы так элемент наш традиц все врем доверя и передоверя ответ глав государств кадр общен опубликова журналист росс павел зарубин,2025-06-15,https://ria.ru/20250615/putin-2022942076.html
Путин обсудил с Трампом ситуацию на Ближнем Востоке и соглашения с Украиной,москв июн ри новост президент владимир путин и дональд трамп провест телефон разговор сообщ помощник российск лидер юр ушак глав государств обсуд обострен ситуац на ближн восток и урегулирован украинск конфликт подробн в материа ри новост,2025-06-14,https://ria.ru/20250614/razgovor-2022848294.html
,москв июн ри новост разговор президент росс владимир путин и он коллег из сша дональд трамп быт полезн сообщ журналист помощник президент рф юр ушак разговор путин ред быт содержательн откровен и главн весьм полезн сказалушак обострен конфликт межд израил и ира,2025-06-14,https://ria.ru/20250614/putin-2022849111.html
,москв июн ри новост разговор президент росс владимир путин и президент сша дональд трамп длит минут заяв помощник президент рф юр ушак разговор продолжа окол час есл быт точн минут сказа он журналист обострен конфликт межд израил и ира,2025-06-14,https://ria.ru/20250614/putin-2022848822.html
,москв июн ри новост президент росс владимир путин и лидер сша дональд трамп в ход телефон разговор обсуд обостр ситуац на ближн восток сообщ помощник президент рф юр ушак в центр обм мнен естествен наход опасн обострен обстановк на ближн восток сказалушаковжурналист по итог разговорапутинаитрамп обострен конфликт межд израил и ира,2025-06-14,https://ria.ru/20250614/putin-2022848019.html
,москв июн ри новост президент росс владимир путин в суббот провест очередн телефон разговор с американск лидер дональд трамп сообщ журналист помощник президент рф юр ушак очередн телефон разговор президент россиивладимир владимирович путинас президент сшадональд трамп сказалушак обострен конфликт межд израил и ира,2025-06-14,https://ria.ru/20250614/putin-2022847901.html
,тюмен июн ри новост депутат тюменск областн дум член фракц един росс андр моргун сконча на год жизн сообщ председател облдум фуат сайфитдин в с прискорб сообща что сконча наш коллег депутаттюменск областн думышест и седьм соз андр анатолиевич моргун андр анатолиевич последовательн отстаива интерес сво избирател жител югр работа в комитет по экономическ политик и природопользован и социальн политик выража искрен соболезнован родн и близк написа сайфитдин прощан с моргун состоя втюмен июн из опубликова на сайт областн дум информац известн что андр моргун род июл год в городегорловк в год оконч школ внефтеюганск посл срочн служб в арм получ высок образован по специальн физик в тюменск госуниверситет такж в разн год оконч тюменск международн институт экономик и прав по специальн миров экономик и тюменск государствен нефтегазов университет по специальн проектирован сооружен и эксплуатац газонефтепровод и газонефтехранилищ работа инженер в внешнеэкономическ производствен объединен сибэк в год в сфер предпринимательств с декабр год по сентябр год руковод региональн исполнительн комитет парт един росс депутат тюменск областн дум избра в год и переизбра в год быт член комитет облдум по экономическ политик и природопользован социальн политик член фракц един росс,2025-06-14,https://ria.ru/20250614/morgun-2022822020.html
,минск июн ри новост президент белорусс александр лукашенк внов заяв что недавн дефиц картофел в магазин быт созда искусствен в политическ цел крупн торгов сет и торгаш нажива на бесконтрольн повышен цен лукашенков вторник на совещан по развит кинематограф заяв о искусствен дефиц картофел и внов подня этот тем в четверг на совещан с руководств сво администрац фрагмент он выступлен показа телекана белар нача шут с этот картошк я снима трубк герасим председател комитет госконтрол васил герасим ред разобра и долож вмест с бывш премьер голов ответ нача разбира с крупн сет приход а там картошк дева некуд он у он лежа на склад поч не на прилавок политик над показа что власт задав цен до так степен что жит далек невозможн то ест наступ на болев точк торгаш сказа президент по он слов посл тот как на склад заеха проверя картошк появ в магазин я не говор что он уж там по ве стран мы обеспеч картофел обеспеч и импортн конечн позорищ полн все эт я с губернатор разобра и с вы тож картошк не моч выраст уж сказа лукашенк ран президент привод дат согласн котор в год вбелоруссиивыраст порядок тысяч тон картофел а для обеспечен населен республик нужн тысяч тон лукашенк такж заяв что дел не тольк в картошк но и в огромн количеств посредник получа прибыл за счет бесконтрольн повышен цен произвест товар посла посредник один втор трет торговл а что производител остава я как реальн экономист земн я представля как эт все складыва и все ринут в торговл пот что там можн заработа а как взят кред эт что он деньг в банк эт наш деньг народн он взят там кред за счет бешен бесконтрольн повышен цен он кред за год отработа вернут все чист прибыл получа сказа лукашенк по он слов учредител торгов сет получа деньг о президент и мечта не моч вмайам на лазурн берег отдыха учредител жит за счет что за счет повышен цен бесконтрольн эт что нормальн эт не нормальн когд я видет вот эт распределен когд я герасим на стол полож дат ред получа ну сейчас моч доллар есл в доллар а так по по а маленьк а груз таска а я лежа на лазурн берег получа в месяц тысяч рубл белорусск то ест примерн миллион российск рубл ред в месяц слуша я мечта тольк как президент моч о так зарплат и не быт никогд у я так зарплат сказа лукашенк он заяв что так разниц в доход несправедлив и недопустим ну нич наручник доста на стол полож перед так быт жесток но эт должн дела вы а не я не над обижа человек кто бы он ни быт есл он закон работа есл мы видет не так над закон поправ есл наруша пуст отвеча сказа президент весн гражданин белорусс в соцсет жалова на переб с поставк в магазин качествен и недорог белорусск картофел лукашенк поруч чиновник нормализова ситуац завер что белорус не оста без картофел до нов урожа в конец ма лукашенк заяв что над выраст стольк картофел чтоб хват и белорусс иросс,2025-06-12,https://ria.ru/20250612/lukashenko-2022558435.html
,кишин июн ри новост истор в молдав переста быт школьн предмет преврат в политическ инструмент использова для партийн интерес заяв бывш министр образован республик корнел попович за десятилет мы преврат истор из образовательн дисциплин в политическ инструмент вмест тот чтоб извлека урок из прошл мы использова он для оправдан настоя и обслуживан идеологическ партийн интерес заяв попович журналист по он слов истор преврат в товар хорош продава на политическ и геополитическ сцен при качеств образован отойт на втор план отмет бывш министр истор не должн быт ни товар ни слуг власт ни идеологическ страж ни инструмент пропаганд когд мы не понима он урок мы рискова год крут по круг всегд возвраща к один и тот же точк подчеркнут попович ран молдавск обществен выраз возмущен тем что в молдавск учебник истор румын присутствова глав и тезис героизирова нацизм министр образован республик дат перчун заявля что нов учебник якоб отража объективн подход к историческ событ как выясн ри новост в нов молдавск учебник по истор для старш класс утвержда что оккупациямолдавиирумынск войск воева на сторон гитлер якоб пойт на польз стран с экономическ точк зрен еврейск общин молдав ма потребова от власт стран изъя из образовательн процесс учебник истор искажа факт о нацистск политик геноцид народ до пересмотр издан в противн случа организац пообеща обрат в суд за последн год в молдав неоднократн предпринима попытк огранич празднован ден побед и запрет использован георгиевск лент в год правительств молдав приня решен отмеча ма как ден европ вмест ден побед несмотр на эт тысяч гражданин ежегодн принима участ в праздничн мероприят посвят этот дат по дан полиц за последн два год в республик быт выписа бол штраф за ношен георгиевск лент посл приход в молдав к власт парт действ и солидарн пдс негласн лидер явля президент республикимай санд в молдав провод политик беспамятств направ на переписыван истор парламентск большинств пдс приня закон о установк памятник румынск солдат воева на сторон гитлеровскойгерман памятник румынск воен появля в разн регион включаякишин нередк с участ официальн лиц и представител румынск посольств так инициатив сопровожда почетн церемон вызыва критик с сторон обществен котор напомина о преступлен румынск войск прот мирн населен молдав,2025-06-12,https://ria.ru/20250612/moldaviya-2022555862.html
,москв июн ри новост президент рф владимир путин обраща к ври губернатор тамбовск област евген первыш пожела он успех в работ отмет что в почт миллион по числен населен субъект мног задач требова ответствен решен почт миллион субъект федерац мног работ ответствен сложн задач перед вы мы все искрен жела вы успех сказа глав государств в ход встреч с участник программ врем гер обраща кпервыш о старт нов кадров программ для ветера и участник сво под назван врем гер президент объяв в год в послан федеральн собран как отмеча глав государств он участник должн стат человек прояв сво хорош качеств мног выпускник программ уж получ нов назначен на федеральн и региональн уровен сред он полпред президент в уральск федеральн округеартем жог первыш руководител движен перв артур орл сенаторалекс кондрат,2025-06-12,https://ria.ru/20250612/putin--2022522029.html
,москв июн ри новост избран владимир путин президент рф упроч политическ целостн стран он пойт единствен верн пут в конец xx век значительн част российск элит наход под влиян западн ценност заявиласпикерсовфед валентин матвиенк стран где народ не знат правд о сво истор не уважа он обреч на прозябан мы столкнут с этот опасн в конец прошл век когд значительн част российск элит правя политическ класс наход под влиян западн ценност в кильватер которыхросс по мнен запад должн быт бы следова от мы требова демонтирова камен за камен крепк фундамент наш собствен оп уникальн и древн цивилизац написа спикер в сво блог на сайтесовфеда ден росс по словамматвиенк в результат под вопрос оказа сам существован наш стран как един государств как уникальн содружеств народ конфесс культур мы быт в шаг от национальн катастроф подчеркнут он парламентар отмет что избраниевладимир путинаглав государств сплочен гражданин на основ взаимн довер власт и обществ восстанов управляем стран вернут интерес и уважен к он истор упроч он территориальн и политическ целостн дат импульс рост экономик благосостоян человек мы извлеч урок сдела вывод и сегодн мы моч уж смел утвержда что современ росс пройт единствен верн пут взят у запад тольк то что мы подход творческ переосмысл закреп в конституц законодательств культур не допуст при попадан в наш почв нич органическ чужд и опасн для идентичн написа законодател,2025-06-12,https://ria.ru/20250612/matvienko-2022427418.html
,июн ри новост президент казахста тока в поздравительн телеграмм адресова российск лидер владимир путин по случа ден росс отмет высок уровен отношен два стран что соответствова дух стратегическ партнерств сообща в четверг казахстанск лидер с удовлетворен отмеча высок уровен отношен дружб и добрососедств межд наш государств что всецел соответствова дух стратегическ партнерств и союзничеств говор в поздравительн телеграмм от им токаев такж президентказахстанапожелалпутинудальн успех в ответствен государствен деятельн в им благополуч и процветан стран государствен праздник деньроссииежегодн отмеча в рф июн в ден в год перв съезд народн депутатоврсфсрприня декларац о государствен суверенитет росс отнын при решен ве вопрос государствен и обществен жизн рсфср пользова ве полнот власт в декларац утвержда равн правов возможн для ве гражданин политическ парт и обществен организац принцип разделен законодательн исполнительн и судебн власт необходим существен расширен прав автономн республик област округ кра рсфср важн вех в укреплен российск государствен стат принят нов назван стран российск федерац росс и конституц рф,2025-06-12,https://ria.ru/20250612/tokaev-2022423391.html
,москв июн ри новост президент рф владимир путин встрет с участник образовательн программ для ветера и участник специальн воен операц врем гер встреч пройт в кремл в деньросс июн как отмет российск лидерадмитр песок эт быт больш субстантивн разговор год назад в середин июн президент такж встреча с участник нов кадров программ тогд глав государств приезжа в мастерск управлен сенеж в подмосковномсолнечногорск где и состоя встреч путиннеоднократн называ гер спецоперац настоя элит стран он отмеча ран что сред участник перв поток программ врем гер больш кавалер орд мужеств а нос зван гер рф росс быт и впред опира на так человек заяв тогд президент имен он подчеркнут путин настоя не поддельн а подлин элит и гордост стран о старт нов кадров программ для ветера и участник сво под назван врем гер президент объяв в прошл год в послан федеральн собран как отмеча глав государств он участник должн стат человек прояв сво хорош качеств цел программ подготовк высококвалифицирова компетентн управленец из числ участник и ветера спецоперац для послед работ в орга государствен и муниципальн власт программ реализова высок школ государствен управлен ранхигс на баз мастерск управлен сенеж обучен участник в рамк перв поток нача в ма год недавн стартова втор поток программ на отобра человек он приступ к обучен уж в июн по слов ректор ранхигсалекс комиссар программ врем гер за перв год работ фактическ определ нов для росс и мир карьерн траектор с фронт в руководител мног выпускник программ уж получ нов назначен на федеральн и региональн уровен сред он полпред президент в уральск федеральн округеартем жог ври губернаторатамбовск областиевген первыш руководител движен перв артур орл сенаторалекс кондрат в перв поток ест уж бол успешн и высок назначен сообщ в ма комиссар отмет что эт не предел участник программ ещ не получ назначен остава в кадров резерв и все он так ил инач быт востребова подчеркива ран президент песок,2025-06-12,https://ria.ru/20250612/putin-2022396617.html
